--drop database "Restaurant Management System"
create database "Restaurant Management System"
go
use "Restaurant Management System"

/*
____________________________________________________________________________________________________________________________________________________________

															Table Creation
____________________________________________________________________________________________________________________________________________________________
*/

create table City
	(CityID			char(5)		primary key,
	 CityName		varchar(20),
	 CityPostalCode	varchar(10)
	 );

create table Branch
	(BranchID		char(5)			primary key,
	 Address		varchar(100),
	 PhoneNumber	char(10),
	 PostCode		char(5),
	 CityID			char(5)		foreign key references City(CityID)
	);

create table Department
	(DepartmentID	char(5)			primary key,
	 Name			varchar(20),
	 NumberOfEmployees	numeric(3),
	 TelephoneExt	varchar(3),		
	 BranchID		char(5)			foreign key references Branch(BranchID)	
	);

create table Employee
	(EMID			char(5)			primary key,
	 Name			varchar(30),
	 Salary			numeric(10),
	 CNIC			varchar(18),
	 PhoneNumber	varchar(14),
	 IsManager		bit,
	 DepartmentID	char(5)			foreign key references Department(DepartmentID),
	);

create table Chefs
	(EMID			char(5)			foreign key references Employee(EMID),
	 ShiftStart		varchar(10),
	 ShiftEnd		varchar(10),
	 IsHeadChef		Bit
	);

create table CleaningStaff
	(EMID			char(5)			foreign key references Employee(EMID),
	 ShiftStart		varchar(10),
	 ShiftEnd		varchar(10),
	 Task			varchar(50)
	);

create table Security
	(EMID			char(5)			foreign key references Employee(EMID),
	 ShiftStart		varchar(10),
	 ShiftEnd		varchar(10),
	 Area			varchar(25)
	);

create table Waiters
	(EMID			char(5)			foreign key references Employee(EMID),
	 ShiftStart		varchar(10),
	 ShiftEnd		varchar(10)
	);

create table Tables
	(TableID		char(5)			primary key,
	 TableSize		numeric(2),
	 BranchID		char(5)			foreign key references Branch(BranchID),
	 IsSmoking		Bit
	);

create table Customer
	(CusID			char(5)			primary key,
	 Name			varchar(30),
	 Phone			varchar(15),
	 TableID		char(5)			foreign key references Tables(TableID),
	 IsMember		Bit
	);

create table Reservations
	(ResID			char(5)			primary key,
	 TableID		char(5)			foreign key references Tables(TableID),
	 ResDate		varchar(10),
	 ResTime		varchar(10),
	 CusID			char(5)		foreign key references Customer(CusID)
	);

create table Menu
	(ItemID			char(5)			primary key,
	 ItemName		varchar(25),
	 ItemPrice		numeric(5)
	);

create table Orders
	(OrderID		char(5)			primary key,
	 TableID		char(5)			foreign key references Tables(TableID),
	 OrderDetails	varchar(100),
	 CusID			char(5)		foreign key references Customer(CusID)
	);

create table Invoice
	(InvoiceID		varchar(6)		primary key,
	 OrderID		char(5)			foreign key references Orders(OrderID),
	 BranchID		char(5)			foreign key references Branch(BranchID),
	 Total			numeric(6),
	 Discount		numeric(3),
	 CusID			char(5)		foreign key references Customer(CusID)	
	);

create table Feedback
	(FeedbackID		char(5)			primary key,
	 BranchID		char(5)			foreign key references Branch(BranchID),
	 CusID			char(5)		foreign key references Customer(CusID),
	 Details		varchar(100),
	 NumberOfStars	varchar(5)
	 );

create table Inventory
	(ItemID			varchar(5)		primary key,
	 ItemName		varchar(25),
	 Quantity		varchar(25),
	 PurchaseDate	varchar(10),
	 BranchID		char(5)			foreign key references Branch(BranchID)
	);

/*
____________________________________________________________________________________________________________________________________________________________

															Data Insertion
____________________________________________________________________________________________________________________________________________________________
*/

insert into City
Values
	('C0001','Lahore','54000'),
	('C0002','Karachi','74600'),
	('C0003','Islamabad','45710'),
	('C0004','Peshawar','25000'),
	('C0005','Rawalpindi','44000')


insert into Branch
Values
	('B0001','64 Fountain Avenue، Main Boulevard Gulberg, Block H Gulberg','3232222508','54000','C0001'),
	('B0002','Shop No.16 Street 15 X Block Commercial Phase 3 DHA','3232212508','54000','C0001'),
	('B0003','13 Kashmir Block Allama Iqbal Town','3102562600','54000','C0001'),
	('B0004','P-58, DHA Phase V Ext','3244441661','74600','C0002'),
	('B0005','Plot A1 Johar Mor Bridge Gulistan-e-Johar','3232222508','74600','C0002'),
	('B0006','Shop No.16 Street 15 X Block Commercial Phase 3 DHA','3232212508','74600','C0002'),
	('B0007','193 Jinnah Avenue, F-9','3232222508','45710','C0003'),
	('B0008','40 Bahria Town, Phase 7 Bahria Town','3192212508','45710','C0003'),
	('B0009','400 Sher Khan Rd, Bashirabad','3232277708','25000','C0004'),
	('B0010','90 Airport Rd Chaklala Cant','3232212508','44000','C0005')


insert into Department
Values
('D0001','Cooking',5,'001','B0001'),
('D0002','Cleaning',20,'002','B0001'),
('D0003','Security',10,'003','B0001'),
('D0004','Waiters',25,'004','B0001'),
('D0005','Cooking',5,'001','B0002'),
('D0006','Cleaning',18,'002','B0002'),
('D0007','Security',7,'003','B0002'),
('D0008','Waiters',23,'004','B0002'),
('D0009','Cooking',5,'001','B0003'),
('D0010','Cleaning',20,'002','B0003'),
('D0011','Security',10,'003','B0003'),
('D0012','Waiters',21,'004','B0003'),
('D0013','Cooking',5,'001','B0004'),
('D0014','Cleaning',20,'002','B0004'),
('D0015','Security',10,'003','B0004'),
('D0016','Waiters',19,'004','B0004'),
('D0017','Cooking',5,'001','B0005'),
('D0018','Cleaning',13,'002','B0005'),
('D0019','Security',6,'003','B0005'),
('D0020','Waiters',21,'004','B0005'),
('D0021','Cooking',5,'001','B0006'),
('D0022','Cleaning',20,'002','B0006'),
('D0023','Security',16,'003','B0006'),
('D0024','Waiters',20,'004','B0006'),
('D0025','Cooking',5,'001','B0007'),
('D0026','Cleaning',20,'002','B0007'),
('D0027','Security',8,'003','B0007'),
('D0028','Waiters',25,'004','B0007'),
('D0029','Cooking',5,'001','B0008'),
('D0030','Cleaning',20,'002','B0008'),
('D0031','Security',8,'003','B0008'),
('D0032','Waiters',19,'004','B0008'),
('D0033','Cooking',5,'001','B0009'),
('D0034','Cleaning',13,'002','B0009'),
('D0035','Security',5,'003','B0009'),
('D0036','Waiters',25,'004','B0009'),
('D0037','Cooking',5,'001','B0010'),
('D0038','Cleaning',7,'002','B0010'),
('D0039','Security',2,'003','B0010'),
('D0040','Waiters',24,'004','B0010')


insert into Employee
Values
('E0001','Alejandra Sawyer',93015,'40743302256635','3793260684',0,'D0001'),
('E0002','Sienna Wilson',90858,'41750050525388','3470070494',0,'D0001'),
('E0003','Kasen Finley',190340,'46255612624284','3483423203',1,'D0001'),
('E0004','Humberto Phillips',160925,'42302009234379','3602264970',0,'D0001'),
('E0005','Reilly Fleming',128801,'48669503544252','3373394320',0,'D0001'),
('E0006','Nathaly Larson',60712,'44805071980417','3158409821',0,'D0002'),
('E0007','Norah Hill',79510,'43680438800498','3753853963',0,'D0002'),
('E0008','Selina Suarez',167327,'41247550228994','3375800257',0,'D0002'),
('E0009','Gabriela Lara',33364,'41228013636723','3598439169',0,'D0002'),
('E0010','Cassius Singleton',46913,'47418443608998','3058037788',0,'D0002'),
('E0011','Cedric Yoder',197394,'47861388784845','3576068400',1,'D0002'),
('E0012','Kelly Wade',39175,'48051856280650','3365269114',0,'D0002'),
('E0013','Jaylin Knapp',20057,'45381155999835','3162677346',0,'D0002'),
('E0014','Kaylen Callahan',197059,'49577549581103','3906147985',0,'D0002'),
('E0015','Natalie Bird',67229,'46141715347337','3520138837',0,'D0002'),
('E0016','Jaiden Salas',145769,'45540965667269','3129624822',0,'D0002'),
('E0017','Blaine Hoover',55469,'44626131835047','3936255903',0,'D0002'),
('E0018','Kennedy Vargas',42730,'43133052037719','3879180448',0,'D0002'),
('E0019','Aedan Hunt',122492,'44270950932900','3171969130',0,'D0002'),
('E0020','Harley Le',178126,'46536492896972','3954272153',0,'D0002'),
('E0021','Ariel Phillips',169591,'41101975227570','3700444893',0,'D0002'),
('E0022','Brian Crane',163648,'49489279730641','3478337405',0,'D0002'),
('E0023','Tatiana Lester',140492,'44014502100542','3208660940',0,'D0002'),
('E0024','Kamora Montgomery',183490,'45878922170145','3609425112',0,'D0002'),
('E0025','Braedon Bradley',169206,'48797512346156','3321532527',0,'D0002'),
('E0026','Sawyer Sandoval',160332,'40009245398128','3852207495',0,'D0003'),
('E0027','Lana Wilson',67192,'44816040791438','3610806526',0,'D0003'),
('E0028','Yair Adkins',50245,'45945520613589','3772069202',0,'D0003'),
('E0029','Anabel Middleton',82145,'41384339228958','3807921514',0,'D0003'),
('E0030','Aspen Howe',190980,'49539351929113','3549390176',1,'D0003'),
('E0031','Isaac Boyer',41050,'44821850956585','3215067286',0,'D0003'),
('E0032','Bryant Ashley',134672,'49864295882977','3178630900',0,'D0003'),
('E0033','Muhammad Keith',85651,'41778564529578','3020447483',0,'D0003'),
('E0034','Sanaa Patton',114937,'48759356715101','3467521291',0,'D0003'),
('E0035','Aidyn Roberson',24884,'40866929686267','3819472616',0,'D0003'),
('E0036','Micah Brock',123226,'44272948928164','3091932062',0,'D0004'),
('E0037','Emmalee Chandler',70097,'47690002726967','3980909700',0,'D0004'),
('E0038','Cameron Vega',171460,'46011806531420','3968406034',0,'D0004'),
('E0039','Ayaan Zimmerman',30657,'41005760209190','3505900429',0,'D0004'),
('E0040','Jerry Cooper',171826,'47394467932635','3894396717',0,'D0004'),
('E0041','Carson Simmons',177791,'42413092885869','3793814216',1,'D0004'),
('E0042','Tommy Maynard',172543,'44582435349428','3736344973',0,'D0004'),
('E0043','Alyvia Clayton',114509,'49024670802541','3999712314',0,'D0004'),
('E0044','Broderick Zavala',182160,'43503696655588','3028084311',0,'D0004'),
('E0045','Adriel Whitaker',48816,'41815839341321','3014997658',0,'D0004'),
('E0046','Raina Johns',189529,'45349328383686','3118699064',0,'D0004'),
('E0047','Nylah Murillo',74569,'44313287068850','3133673783',0,'D0004'),
('E0048','Deangelo Knapp',127755,'44753660232374','3798618874',0,'D0004'),
('E0049','Isabella Garcia',96607,'40437742209044','3827596306',0,'D0004'),
('E0050','Hamza Roberts',175184,'49372423061586','3854125190',0,'D0004'),
('E0051','Dylan Carrillo',77738,'40486803221775','3345684024',0,'D0004'),
('E0052','Xavier Frye',109343,'49222411421292','3102412507',0,'D0004'),
('E0053','Troy Villanueva',169124,'49426089328280','3127311181',0,'D0004'),
('E0054','Danny Hatfield',159575,'44150783258634','3977145723',0,'D0004'),
('E0055','Jonah Melton',19732,'47898772374080','3174446400',0,'D0004'),
('E0056','Kayleigh Underwood',25224,'41682337852337','3521714657',0,'D0004'),
('E0057','Tyrese Miller',198331,'46244350191881','3806744872',0,'D0004'),
('E0058','Case Sanchez',32856,'40036563021701','3007059368',0,'D0004'),
('E0059','Deborah Barrera',127447,'49337987414163','3713541704',0,'D0004'),
('E0060','Iliana Mejia',135965,'45012800417324','3363723419',0,'D0004'),
('E0061','Arabella Glenn',198028,'40029288669077','3360248603',1,'D0005'),
('E0062','Abigail Freeman',136028,'48068861817683','3112895863',0,'D0005'),
('E0063','Kassandra Beasley',12411,'48052436529097','3437101409',0,'D0005'),
('E0064','Jocelynn Gilmore',158779,'49489614291371','3211943813',0,'D0005'),
('E0065','Landen Vaughn',93476,'49921561041463','3930504676',0,'D0005'),
('E0066','Arianna Rush',98697,'42663309884544','3704171706',0,'D0006'),
('E0067','Alijah Montgomery',81765,'49254534241305','3675361178',0,'D0006'),
('E0068','India Cisneros',155019,'42424596963266','3188926353',0,'D0006'),
('E0069','Jolie Bradley',125738,'42872713474061','3852738707',0,'D0006'),
('E0070','Messiah Curry',199073,'41492591585176','3331827025',1,'D0006'),
('E0071','Imani Richmond',58454,'40648365915314','3967084191',0,'D0006'),
('E0072','Selena Gates',197327,'45213267060388','3816392662',0,'D0006'),
('E0073','Katelyn Watts',157096,'42930478966810','3305751272',0,'D0006'),
('E0074','Melany Woods',12351,'44066295118085','3126801542',0,'D0006'),
('E0075','Paityn Rosales',139584,'43031810011575','3254695889',0,'D0006'),
('E0076','Kasey Larson',10984,'40253691344373','3506743514',0,'D0006'),
('E0077','Grant Callahan',67362,'46712795554207','3778572776',0,'D0006'),
('E0078','Xavier Cabrera',83458,'42910840868688','3210118953',0,'D0006'),
('E0079','Araceli Odonnell',33676,'40693235215111','3830541292',0,'D0006'),
('E0080','Brenna Douglas',165256,'47415092748317','3707847980',0,'D0006'),
('E0081','Lorenzo Richards',153209,'42501034492485','3697124998',0,'D0006'),
('E0082','Jacquelyn Navarro',61060,'45025607299202','3207333777',0,'D0006'),
('E0083','Jairo Pacheco',48882,'48109726950831','3903089042',0,'D0006'),
('E0084','Valeria Hughes',108396,'45442240530240','3642903449',0,'D0007'),
('E0085','Kody Miller',123516,'46738033265432','3206802242',0,'D0007'),
('E0086','Tanya Fischer',139938,'42011037084780','3699508497',0,'D0007'),
('E0087','Emmanuel Casey',157745,'46051045988404','3382624460',0,'D0007'),
('E0088','Damien Parker',69998,'47138480941640','3092786358',0,'D0007'),
('E0089','Will Marks',194497,'48725879503784','3379920951',1,'D0007'),
('E0090','Emilee Roberson',183214,'44019316451312','3614548159',0,'D0007'),
('E0091','Jordyn Cooper',25291,'40795065333280','3166263791',0,'D0008'),
('E0092','Ahmed Weber',112812,'48572975657338','3740045965',0,'D0008'),
('E0093','Jazmyn Banks',185934,'45596230302911','3714387558',1,'D0008'),
('E0094','Lawrence Daniels',184110,'47469092187585','3449737190',0,'D0008'),
('E0095','Malcolm Lopez',143940,'43953434807130','3113207492',0,'D0008'),
('E0096','Valentin Garrett',159098,'49614126161457','3555125181',0,'D0008'),
('E0097','Hayden Willis',42247,'47621065405986','3283144825',0,'D0008'),
('E0098','Saul Nichols',145696,'47003708097035','3282136714',0,'D0008'),
('E0099','Myla Washington',169676,'48371318171001','3300978376',0,'D0008'),
('E0100','Arianna Larson',144945,'48977107511050','3179774671',0,'D0008'),
('E0101','Ramon Reilly',127183,'44052968069754','3660825485',0,'D0008'),
('E0102','Karma Pacheco',60795,'41596867451081','3447593605',0,'D0008'),
('E0103','Maryjane Bullock',84696,'40328603346918','3261778772',0,'D0008'),
('E0104','Kamila Daugherty',80359,'43863846461225','3390653997',0,'D0008'),
('E0105','Karsyn Lewis',94918,'47032658403610','3899173544',0,'D0008'),
('E0106','Bronson Glass',102835,'45365998772249','3596946518',0,'D0008'),
('E0107','Alyvia Deleon',59663,'41983200557238','3880761698',0,'D0008'),
('E0108','Braedon Benson',147289,'43984645365019','3794505401',0,'D0008'),
('E0109','Adeline Patrick',98508,'42855141951499','3473297558',0,'D0008'),
('E0110','Damari Ali',125781,'44272516555221','3697185113',0,'D0008'),
('E0111','Mathias Goodwin',87088,'42966316188970','3469674503',0,'D0008'),
('E0112','Braiden Carter',76781,'49779089088855','3755511726',0,'D0008'),
('E0113','Rex Mercado',26973,'45103254190245','3322740564',0,'D0008'),
('E0114','Jaydan Ferguson',22239,'46177681861581','3153394634',0,'D0009'),
('E0115','Nevaeh Whitney',30079,'41954335621153','3912931776',0,'D0009'),
('E0116','Alia Nelson',189329,'48322217944554','3702428546',1,'D0009'),
('E0117','Anika Browning',175621,'42597022884683','3724398544',0,'D0009'),
('E0118','Zack Mendoza',38778,'42706239420664','3588166170',0,'D0009'),
('E0119','Aldo Powell',120776,'48028322368426','3988205734',0,'D0010'),
('E0120','Nylah Newman',139867,'43650511471794','3008323179',0,'D0010'),
('E0121','Priscilla Macdonald',36706,'44875204837407','3911651329',0,'D0010'),
('E0122','Janet Chang',20760,'49624679292194','3940849883',0,'D0010'),
('E0123','Craig Snow',81043,'40396595225536','3179406734',0,'D0010'),
('E0124','Abigail Gardner',66485,'46689834783267','3754541108',0,'D0010'),
('E0125','Damien Case',54710,'41907636757479','3605568167',0,'D0010'),
('E0126','Tyree Nichols',92169,'46997953976935','3085199325',0,'D0010'),
('E0127','Jessie Phelps',71163,'49453995975303','3603631865',0,'D0010'),
('E0128','Averie Tate',11077,'48671422302368','3970312834',0,'D0010'),
('E0129','Josephine Donaldson',194260,'43218383974495','3595062848',1,'D0010'),
('E0130','Savanna Morrow',87184,'49252704742939','3546383959',0,'D0010'),
('E0131','Yusuf Kemp',124480,'48509413372040','3149373801',0,'D0010'),
('E0132','Adrian Zavala',100529,'47034962469479','3616833454',0,'D0010'),
('E0133','Quinton Massey',54387,'48053463560533','3534966605',0,'D0010'),
('E0134','Angeline Weaver',128370,'44915794785253','3372013582',0,'D0010'),
('E0135','Alyson Vasquez',74645,'42695010028289','3773796683',0,'D0010'),
('E0136','Bryanna Cook',150536,'44462668472011','3280395078',0,'D0010'),
('E0137','Naima Walsh',90982,'46729641003773','3589448162',0,'D0010'),
('E0138','Piper Lowery',45279,'41416637589370','3547794390',0,'D0010'),
('E0139','Howard Pineda',82207,'40552966374871','3007606015',0,'D0011'),
('E0140','Jefferson Cox',59182,'45905876944730','3765116997',0,'D0011'),
('E0141','Nathalia Wall',66312,'48262942240269','3329356828',0,'D0011'),
('E0142','Harry Hunter',142714,'45742301415569','3108787161',0,'D0011'),
('E0143','Diana Mccann',37815,'42713713784882','3634000603',0,'D0011'),
('E0144','Eliza Hernandez',39561,'40248805036731','3017225585',0,'D0011'),
('E0145','Judith Nichols',159777,'47528740615139','3280158890',1,'D0011'),
('E0146','Valentin Ramos',34809,'49291851575232','3047037632',0,'D0011'),
('E0147','Shayla Bender',103605,'42042735411179','3526409961',0,'D0011'),
('E0148','Cameron Wiggins',63670,'40283593110709','3396824974',0,'D0011'),
('E0149','Jorge Baxter',151878,'40653830864603','3084350924',0,'D0012'),
('E0150','Evangeline Jennings',150347,'42064841683828','3279205269',0,'D0012'),
('E0151','Azul Hunter',139510,'44591782908744','3295327901',0,'D0012'),
('E0152','Adolfo York',131605,'49232280799388','3680664173',0,'D0012'),
('E0153','Sarai Mahoney',160279,'41943376983548','3571914927',0,'D0012'),
('E0154','Peyton Livingston',190965,'44924778445029','3169931389',1,'D0012'),
('E0155','Adrienne Odom',44132,'47542159897841','3922077062',0,'D0012'),
('E0156','Ashlyn Dickson',118341,'40285623310525','3233326666',0,'D0012'),
('E0157','Ibrahim Reid',126090,'46208793851637','3013140363',0,'D0012'),
('E0158','Pamela Merritt',44713,'48754220976169','3312054473',0,'D0012'),
('E0159','Miley Hardin',101104,'42721988885403','3044933821',0,'D0012'),
('E0160','Aspen Ritter',106904,'45806634872314','3571090734',0,'D0012'),
('E0161','Jayda Ryan',184453,'49163065538533','3453966553',0,'D0012'),
('E0162','Jazmine Monroe',184437,'42881301837922','3722915622',0,'D0012'),
('E0163','Barbara Dennis',61654,'48819818119355','3835066508',0,'D0012'),
('E0164','Hailey Leblanc',107017,'43069731946961','3266139104',0,'D0012'),
('E0165','Miriam Mueller',40982,'48076079056468','3467564916',0,'D0012'),
('E0166','Carla Sharp',157130,'44283395167431','3090727921',0,'D0012'),
('E0167','Krystal Austin',194317,'42120043659739','3129870304',0,'D0012'),
('E0168','Josue Meadows',106569,'40857951516108','3162869720',0,'D0012'),
('E0169','Amaris Williams',134664,'43215887920705','3738877374',0,'D0012'),
('E0170','Daniela Mcclure',196020,'47107445214047','3739983213',0,'D0013'),
('E0171','Aisha Austin',185035,'44341840674867','3072963705',0,'D0013'),
('E0172','Phoenix Knapp',199488,'40708243347945','3592142108',1,'D0013'),
('E0173','Koen Tate',190217,'45000084041985','3582423233',0,'D0013'),
('E0174','Alina Davenport',134154,'48639549032480','3929103417',0,'D0013'),
('E0175','Maximilian Herman',23936,'48815874030566','3131612385',0,'D0014'),
('E0176','Kianna Goodwin',122143,'40527293859542','3277780516',0,'D0014'),
('E0177','Juliet Strickland',186878,'47666782092190','3269657779',0,'D0014'),
('E0178','Macey Mcgee',60464,'40905283780625','3854770428',0,'D0014'),
('E0179','Chaz Kline',79972,'42001019513953','3109384559',0,'D0014'),
('E0180','Skyler Cline',99843,'40049475752463','3932718541',0,'D0014'),
('E0181','Scarlett Drake',77013,'40610288745419','3165945643',0,'D0014'),
('E0182','Christian Gilmore',92835,'48213533947604','3710671449',0,'D0014'),
('E0183','Paula Boyd',11634,'45039321335919','3894165693',0,'D0014'),
('E0184','Dana Palmer',73270,'41946445800735','3493004269',0,'D0014'),
('E0185','Carissa Gallagher',176926,'47254425465859','3234627919',0,'D0014'),
('E0186','Briley Lin',180051,'40661114697801','3133686218',0,'D0014'),
('E0187','Payten Mckinney',41657,'44198744080587','3880595428',0,'D0014'),
('E0188','Ryan Montes',146642,'46216050508248','3625408651',0,'D0014'),
('E0189','Jaylon Cooley',91729,'48514038384168','3518764304',0,'D0014'),
('E0190','Izabelle Liu',197944,'45075828727840','3308951709',1,'D0014'),
('E0191','Alisha Mathews',110571,'44533965010705','3271471987',0,'D0014'),
('E0192','Nico Hughes',144890,'49106111786759','3229098190',0,'D0014'),
('E0193','Brielle Bender',178638,'42281477635536','3678785648',0,'D0014'),
('E0194','Maribel Hall',174435,'47419846014337','3514434160',0,'D0014'),
('E0195','Alec Townsend',90583,'42173498547992','3115884606',0,'D0015'),
('E0196','Kelton Garcia',111551,'48341128928575','3748750311',0,'D0015'),
('E0197','Magdalena Archer',99259,'42213733084706','3446329754',0,'D0015'),
('E0198','Paulina Stuart',139358,'42938990253166','3052993493',0,'D0015'),
('E0199','Charlize Richmond',118270,'48156059219199','3728875872',0,'D0015'),
('E0200','Rogelio Costa',195812,'49937227398008','3252567447',1,'D0015'),
('E0201','Johnathon Schneider',159052,'49994290726908','3115395166',0,'D0015'),
('E0202','Ashton Oliver',57737,'40780270153587','3377668865',0,'D0015'),
('E0203','Anabelle Haas',18728,'47728521793332','3335782432',0,'D0015'),
('E0204','Abbigail Hall',128850,'49880561956912','3778850087',0,'D0015'),
('E0205','Pierce Mayer',79688,'40688216440661','3655062540',0,'D0016'),
('E0206','Skyla Leach',107776,'47529822284865','3698402407',0,'D0016'),
('E0207','Keaton Richardson',43631,'45724920987122','3913602433',0,'D0016'),
('E0208','Kira Garner',37532,'44962734051018','3661525428',0,'D0016'),
('E0209','Janessa Case',73290,'49415311655821','3860357689',0,'D0016'),
('E0210','Charlize Todd',144707,'49463080272371','3538836135',0,'D0016'),
('E0211','Erica Bowers',193251,'45640202121588','3723011243',1,'D0016'),
('E0212','Jacoby Cardenas',107462,'41631511500091','3175434921',0,'D0016'),
('E0213','Jerimiah Walker',110692,'47078686875065','3516476919',0,'D0016'),
('E0214','Clare Atkins',153297,'43695327099217','3147100058',0,'D0016'),
('E0215','Ronald Villanueva',36467,'44547676859020','3532440395',0,'D0016'),
('E0216','Hayley Bartlett',67999,'44661629707136','3169236440',0,'D0016'),
('E0217','Nikhil Small',51628,'41524917808911','3501690289',0,'D0016'),
('E0218','Makai Kramer',198581,'48858158809444','3627065580',0,'D0016'),
('E0219','Immanuel Zhang',21118,'49829033130922','3473944814',0,'D0016'),
('E0220','Moises Sutton',143698,'41987616786879','3176328137',0,'D0016'),
('E0221','Shyla Melendez',43998,'44380059474210','3023235650',0,'D0016'),
('E0222','Issac Holmes',80185,'48812554196278','3106741135',0,'D0016'),
('E0223','Steven Jarvis',121785,'45364209778743','3827234929',0,'D0016'),
('E0224','Lorelei Haas',120030,'45682713596571','3480971333',0,'D0017'),
('E0225','Felix Nunez',31560,'41200093478594','3724543600',0,'D0017'),
('E0226','Olive Spencer',142179,'44656587710254','3678370367',1,'D0017'),
('E0227','Kinsley Long',68665,'40516206364120','3071419318',0,'D0017'),
('E0228','Isaias Osborne',66870,'44848992413502','3664032350',0,'D0017'),
('E0229','Rebekah Blackwell',16043,'49661060948233','3200601737',0,'D0018'),
('E0230','Ryann Spencer',38732,'48868044336360','3598264930',0,'D0018'),
('E0231','Janiyah Rodgers',52130,'49277779429921','3496088504',0,'D0018'),
('E0232','Amanda Salinas',164408,'45619145446940','3582380105',0,'D0018'),
('E0233','Dayami White',117298,'45898218707016','3632853241',0,'D0018'),
('E0234','Danielle Dyer',38977,'44961546720387','3005260419',0,'D0018'),
('E0235','Miya Oneill',189132,'46736404618267','3176935749',1,'D0018'),
('E0236','Graham Sexton',104665,'40631831630418','3732756601',0,'D0018'),
('E0237','Kaelyn Burgess',139112,'42463456604867','3499549675',0,'D0018'),
('E0238','Malakai Hodges',35339,'41795349528038','3711893917',0,'D0018'),
('E0239','Tess Everett',103886,'45946492119486','3449324168',0,'D0018'),
('E0240','Alayna Hammond',95475,'47938235290348','3084910543',0,'D0018'),
('E0241','Crystal Waters',106877,'48312613500810','3295873193',0,'D0018'),
('E0242','Charlize Pierce',39805,'40491612061199','3257138130',0,'D0019'),
('E0243','Nolan Krueger',187052,'49688967321733','3367489351',1,'D0019'),
('E0244','Alia Donaldson',123372,'45157557149414','3844361846',0,'D0019'),
('E0245','Jazlene Rowland',174593,'47234956954897','3694496800',0,'D0019'),
('E0246','Jaden Gonzales',182270,'43303128392688','3786042659',0,'D0019'),
('E0247','Lawrence Kirk',154961,'46112361976108','3352257890',0,'D0019'),
('E0248','Jayvion Chapman',46899,'43590692255153','3589671453',0,'D0020'),
('E0249','Marcel Willis',37779,'47574259286316','3466844400',0,'D0020'),
('E0250','Raiden Camacho',157869,'40297915842191','3508183466',0,'D0020'),
('E0251','Lia Fitzpatrick',184515,'45913756566929','3188675226',0,'D0020'),
('E0252','Lorena Wilkerson',139025,'48543711736350','3578971874',0,'D0020'),
('E0253','Malia Mcfarland',82364,'45785260569237','3889964212',0,'D0020'),
('E0254','Garrett Crawford',194933,'44860283884959','3373701570',1,'D0020'),
('E0255','Jaiden Casey',101717,'45814499226800','3658058950',0,'D0020'),
('E0256','Adonis Collins',22565,'42944114457019','3363408913',0,'D0020'),
('E0257','Parker Durham',139653,'40420968194310','3005690712',0,'D0020'),
('E0258','Will Campbell',61395,'43819225228004','3132830933',0,'D0020'),
('E0259','Daniel Chung',29376,'40155133666150','3014655632',0,'D0020'),
('E0260','Jordyn Coffey',75387,'46681410212742','3281606801',0,'D0020'),
('E0261','Serena Carrillo',187123,'47908721925367','3391192472',0,'D0020'),
('E0262','Rylie Simpson',84085,'44029274785504','3836704601',0,'D0020'),
('E0263','Reynaldo Mcintyre',120408,'45548772488115','3157205122',0,'D0020'),
('E0264','Caitlin Austin',110623,'40665912449448','3241911198',0,'D0020'),
('E0265','Rhett Noble',197271,'49390231106011','3651540308',0,'D0020'),
('E0266','Phoenix Hatfield',83646,'41494606006489','3617317094',0,'D0020'),
('E0267','Riley Oneill',51665,'47589826601578','3139112514',0,'D0020'),
('E0268','Tania Bowers',153161,'40523495519989','3365587897',0,'D0020'),
('E0269','Thomas Schneider',144669,'41815333537613','3813015432',0,'D0021'),
('E0270','Lilyana Day',21598,'46682617000709','3199466759',0,'D0021'),
('E0271','Ellis Wong',153002,'41668279654754','3029473592',0,'D0021'),
('E0272','Layla Morris',189621,'42957846503241','3622836848',1,'D0021'),
('E0273','Kai Ferrell',167190,'48580436538576','3659140522',0,'D0021'),
('E0274','Adalyn Walls',103555,'49053741822871','3583305233',0,'D0022'),
('E0275','Tyler Whitney',128978,'42565684839364','3969374292',0,'D0022'),
('E0276','Callum Forbes',22673,'42342952323977','3813657401',0,'D0022'),
('E0277','Amelie Rubio',124383,'44043378766000','3063748172',0,'D0022'),
('E0278','Harley Ward',94320,'44627894383210','3726927062',0,'D0022'),
('E0279','Savanna Juarez',62676,'46016439063950','3042173434',0,'D0022'),
('E0280','Ismael Love',20466,'41688282056893','3521135987',0,'D0022'),
('E0281','Gianni Herrera',78426,'41888448095471','3359506937',0,'D0022'),
('E0282','Makhi Jones',66433,'42743398341812','3998688986',0,'D0022'),
('E0283','Audrey Frank',171442,'46175698131508','3971742721',0,'D0022'),
('E0284','Saniyah Freeman',94433,'40504896932243','3814227098',0,'D0022'),
('E0285','Kasey Fox',88428,'41342909770990','3855139338',0,'D0022'),
('E0286','Abigayle Kelley',128708,'42071922344372','3428969870',0,'D0022'),
('E0287','Angel Brown',81206,'46248089504928','3519903397',0,'D0022'),
('E0288','Tyrone Ortega',55796,'48162944681594','3249621222',0,'D0022'),
('E0289','Jaylan Miranda',79288,'44645834867173','3771879057',0,'D0022'),
('E0290','Lola Howard',182731,'45446667374853','3221334540',0,'D0022'),
('E0291','Benjamin Flowers',154354,'45664719277420','3917645872',0,'D0022'),
('E0292','Alayna Rojas',23746,'45672061449862','3367668499',0,'D0022'),
('E0293','Eugene Sawyer',183159,'48392021278438','3432954378',1,'D0022'),
('E0294','Amya Duran',60289,'44690084832254','3428882072',0,'D0023'),
('E0295','Zechariah Rasmussen',82146,'47961382073647','3222170731',0,'D0023'),
('E0296','Kimora Larson',198777,'48580527136232','3716360281',1,'D0023'),
('E0297','Deangelo Mahoney',100819,'48418482054954','3350676460',0,'D0023'),
('E0298','Garrett Freeman',95936,'42207808570565','3756184856',0,'D0023'),
('E0299','Christina Grant',124687,'49421985828794','3914365953',0,'D0023'),
('E0300','Romeo Liu',45845,'45673227931290','3872520585',0,'D0023'),
('E0301','Amina White',65346,'42506788939209','3437665656',0,'D0023'),
('E0302','Tyshawn Singleton',106510,'47744976919812','3218764616',0,'D0023'),
('E0303','Janet Villegas',147732,'47895418727311','3656216480',0,'D0023'),
('E0304','Sanaa David',67016,'43320263202802','3275283968',0,'D0023'),
('E0305','Teresa Schroeder',91034,'41964227860662','3269308322',0,'D0023'),
('E0306','Dereon Armstrong',83799,'43058991652682','3772611923',0,'D0023'),
('E0307','Cassius Davenport',54508,'47624167369549','3195324075',0,'D0023'),
('E0308','Elaina Fleming',160139,'44684822437220','3945131340',0,'D0023'),
('E0309','Alyssa Barrera',149780,'46970211086728','3107484704',0,'D0023'),
('E0310','Mariyah Parrish',136571,'49199448696473','3784669713',0,'D0024'),
('E0311','Kasey Campos',150914,'40944844290729','3376447357',0,'D0024'),
('E0312','Bria Dunlap',180829,'49568113919248','3486248743',0,'D0024'),
('E0313','Aditya Wilson',193041,'42058498935306','3350502314',1,'D0024'),
('E0314','Diya Hunt',66872,'47988333941237','3473264655',0,'D0024'),
('E0315','Soren Francis',12984,'43521690040419','3636653885',0,'D0024'),
('E0316','Jaylon Medina',179962,'44070536539111','3618691814',0,'D0024'),
('E0317','Aidyn Hernandez',27779,'49976106016410','3247470387',0,'D0024'),
('E0318','Nico Sandoval',78432,'44544979159387','3564944781',0,'D0024'),
('E0319','Aryanna Solis',137353,'40991276769923','3048095124',0,'D0024'),
('E0320','Quinn Harding',13370,'43906965985361','3031783524',0,'D0024'),
('E0321','Jake Marks',171701,'43195809112868','3090994825',0,'D0024'),
('E0322','Jerimiah Avery',134833,'48567831730630','3681786883',0,'D0024'),
('E0323','Desirae Castaneda',161002,'48506147920347','3465861696',0,'D0024'),
('E0324','Princess Cooley',147625,'49276723286431','3726962164',0,'D0024'),
('E0325','Yadiel Fitzpatrick',38399,'45487099906371','3814523082',0,'D0024'),
('E0326','Antoine Mcclain',148010,'47708853308667','3050847875',0,'D0024'),
('E0327','Ryan Snyder',108208,'48391295046974','3457198907',0,'D0024'),
('E0328','Amaya Oconnor',133516,'49017594957078','3961157583',0,'D0024'),
('E0329','Devin Dodson',150538,'48152759821343','3990810088',0,'D0024'),
('E0330','Gavyn Harrell',118047,'41222587391510','3622699872',0,'D0025'),
('E0331','Braden Kidd',197208,'42806142706109','3527098410',1,'D0025'),
('E0332','Cale Robinson',102223,'40303360129721','3470105776',0,'D0025'),
('E0333','Gloria Franco',21847,'48664158737064','3475682864',0,'D0025'),
('E0334','Mitchell Hanson',50998,'45095215740885','3604386864',0,'D0025'),
('E0335','Laila Aguirre',10903,'40684814394129','3430637067',0,'D0026'),
('E0336','Mekhi Henson',164560,'44262172993926','3054789968',0,'D0026'),
('E0337','Edith Franklin',149303,'47466497868531','3149336781',0,'D0026'),
('E0338','Abbie Bean',40340,'47439134559169','3571532279',0,'D0026'),
('E0339','Jaden Buchanan',18258,'45645310326859','3616221879',0,'D0026'),
('E0340','Grayson Richmond',159206,'47534391839548','3107782428',0,'D0026'),
('E0341','Draven King',74364,'40091604595890','3486147693',0,'D0026'),
('E0342','Kiana Glenn',73070,'48624571396795','3929940800',0,'D0026'),
('E0343','Barrett Cline',41894,'47208942046729','3728578360',0,'D0026'),
('E0344','Sierra Oconnor',113727,'47578920323982','3574382578',0,'D0026'),
('E0345','Frances Nicholson',23996,'48719041783749','3548292285',0,'D0026'),
('E0346','Jaqueline Burch',57285,'45071276538407','3733793047',0,'D0026'),
('E0347','Aubrey Hayes',174154,'48742411866043','3257407656',0,'D0026'),
('E0348','Lina Houston',135523,'49857776013354','3340699101',0,'D0026'),
('E0349','Amelia Woods',15721,'48339347196730','3615716379',0,'D0026'),
('E0350','Adan Salazar',178379,'41559471018304','3665937346',1,'D0026'),
('E0351','Paloma Wise',70420,'44051647305171','3339325564',0,'D0026'),
('E0352','Donte Ruiz',75829,'44822431296806','3408822223',0,'D0026'),
('E0353','Rey Horton',62429,'47439059436240','3866595387',0,'D0026'),
('E0354','Cristofer Odonnell',140257,'41731047416672','3779550135',0,'D0026'),
('E0355','Ernest Copeland',143420,'40282236711534','3799741226',0,'D0027'),
('E0356','Finley Austin',19534,'42240728728315','3331363507',0,'D0027'),
('E0357','Aurora Travis',175183,'46380506255048','3841570327',1,'D0027'),
('E0358','Jaylen Preston',125392,'41819095035086','3711592136',0,'D0027'),
('E0359','Anabel Fischer',74915,'49040879210777','3810207620',0,'D0027'),
('E0360','Nadia Huber',92065,'46239239602404','3795306347',0,'D0027'),
('E0361','Kole Norris',184511,'44159113362711','3208393097',0,'D0027'),
('E0362','Savanna Moon',119890,'42724633498808','3142647111',0,'D0027'),
('E0363','Alina Stark',27651,'42761796381655','3252684321',0,'D0028'),
('E0364','Brandon Snow',146660,'42917591190331','3737573704',0,'D0028'),
('E0365','Rex Velasquez',161483,'43216702630022','3368176801',0,'D0028'),
('E0366','Ariel Carney',13828,'43623844842899','3735460046',0,'D0028'),
('E0367','Kaitlin Jimenez',191821,'43326075750219','3557977803',0,'D0028'),
('E0368','Aedan Reynolds',47543,'43292693292522','3610835709',0,'D0028'),
('E0369','Callum Taylor',168192,'47588742958285','3021694008',0,'D0028'),
('E0370','Rene Bird',130076,'47650093754464','3182862407',0,'D0028'),
('E0371','Kayden Schneider',135139,'49901857274651','3612829576',0,'D0028'),
('E0372','Amare Page',114511,'40246668642650','3855459372',0,'D0028'),
('E0373','Hector Walter',165193,'49298474846900','3104040618',0,'D0028'),
('E0374','Atticus Stokes',65013,'48687989062940','3811505834',0,'D0028'),
('E0375','Zane Giles',156638,'41887846394152','3141101558',0,'D0028'),
('E0376','Jaxon Schwartz',34136,'44965187838703','3959446061',0,'D0028'),
('E0377','Zechariah Gardner',58041,'47657253024933','3112709810',0,'D0028'),
('E0378','Kaleb Mckenzie',161856,'49804026726703','3321719569',0,'D0028'),
('E0379','Nikhil Kidd',118850,'41010904611704','3734785873',0,'D0028'),
('E0380','Douglas Berry',112009,'41953144925027','3251905021',0,'D0028'),
('E0381','Katrina Russo',112236,'46018653335295','3198914272',0,'D0028'),
('E0382','Noelle Townsend',37591,'49743112614612','3897385680',0,'D0028'),
('E0383','Addisyn Benton',199385,'40490544004729','3942099654',1,'D0028'),
('E0384','Lizbeth Carroll',50788,'44658538605709','3243676573',0,'D0028'),
('E0385','Ellen Stark',136502,'44481767128388','3950606794',0,'D0028'),
('E0386','Megan Daniel',94880,'40990748651846','3038112526',0,'D0028'),
('E0387','Angelica Moran',199464,'46283191180647','3083550529',0,'D0028'),
('E0388','Ignacio Holland',82537,'45848790489282','3614065726',0,'D0029'),
('E0389','River Mora',166323,'47722862649188','3186557675',0,'D0029'),
('E0390','Kristian Craig',78258,'43368712769004','3326702319',0,'D0029'),
('E0391','Leandro Hubbard',147970,'44774829147023','3122325223',0,'D0029'),
('E0392','Seth Hooper',197292,'48819545002078','3676113257',1,'D0029'),
('E0393','Mariyah Cooke',103016,'41939451442554','3590118675',0,'D0030'),
('E0394','Leonard Case',101535,'43566819798550','3395269647',0,'D0030'),
('E0395','Gustavo Frey',74105,'48777559766081','3138796907',0,'D0030'),
('E0396','London Atkins',74718,'43367785897399','3064749944',0,'D0030'),
('E0397','Ada Bowen',42291,'42420011522964','3280797640',0,'D0030'),
('E0398','Rodrigo Todd',48318,'44638818563074','3330596453',0,'D0030'),
('E0399','Giovanna Lopez',161609,'48706152918236','3716165564',0,'D0030'),
('E0400','Scarlett Nixon',48026,'45230773981377','3743883697',0,'D0030'),
('E0401','Sergio Barrett',75684,'42301476913733','3559369101',0,'D0030'),
('E0402','Mackenzie Joseph',91812,'47065398155084','3453266214',0,'D0030'),
('E0403','Jax Stokes',170920,'44790629663190','3779207937',0,'D0030'),
('E0404','Sherlyn Payne',134644,'49753590115869','3204223625',0,'D0030'),
('E0405','Brayden Marquez',40828,'45037013116046','3971246878',0,'D0030'),
('E0406','Xiomara Grimes',104463,'46530205101933','3507950626',0,'D0030'),
('E0407','Lillian Irwin',70066,'46624810675532','3493614225',0,'D0030'),
('E0408','Keira Keller',197181,'45240334098809','3494344694',1,'D0030'),
('E0409','Rigoberto Mcgee',44969,'49867286054130','3401069448',0,'D0030'),
('E0410','Aubree Wilcox',128422,'43190651261286','3429379611',0,'D0030'),
('E0411','Sterling Finley',95129,'48085125732689','3562010027',0,'D0030'),
('E0412','Nasir Cuevas',79969,'46396020048365','3669761817',0,'D0030'),
('E0413','Monica Peck',21464,'48454673150049','3292645723',0,'D0031'),
('E0414','Katelyn Randolph',135784,'41786925183745','3580758716',0,'D0031'),
('E0415','Leon Shaw',15638,'41787289192878','3474616270',0,'D0031'),
('E0416','Ezra Savage',189639,'42418025761639','3780189733',1,'D0031'),
('E0417','Mark Werner',31430,'40015665785523','3787022663',0,'D0031'),
('E0418','Isaac Park',124811,'44579451071661','3797672009',0,'D0031'),
('E0419','Kareem Robles',105017,'49367455574833','3055591735',0,'D0031'),
('E0420','Clara Mora',157295,'49278891016085','3815643989',0,'D0031'),
('E0421','Marquise Myers',39632,'41594242133530','3653748667',0,'D0032'),
('E0422','Cristofer Sanders',11103,'46161264955529','3552986575',0,'D0032'),
('E0423','Elle Miles',62385,'49298681703880','3425334577',0,'D0032'),
('E0424','Nigel Mayer',178965,'47577954502462','3850481378',1,'D0032'),
('E0425','Mohammad Hull',129441,'47314596921467','3157927837',0,'D0032'),
('E0426','Matthew Hoffman',151207,'46414713067281','3169781498',0,'D0032'),
('E0427','Anna Hughes',84381,'49291282080130','3336118515',0,'D0032'),
('E0428','Danielle Mcgee',37760,'49360293527022','3570003242',0,'D0032'),
('E0429','Quinn Henderson',20645,'47191580463259','3476825507',0,'D0032'),
('E0430','Arely Andersen',169863,'45250891074952','3435528649',0,'D0032'),
('E0431','Emilio Benson',141231,'48200378790581','3335565235',0,'D0032'),
('E0432','Brayan Bonilla',84314,'44594013155452','3228482113',0,'D0032'),
('E0433','Conor Ellis',76477,'42468258724075','3970854875',0,'D0032'),
('E0434','Moses Hammond',95146,'40772551071493','3804734852',0,'D0032'),
('E0435','Meredith Hall',10911,'49685521654033','3614207468',0,'D0032'),
('E0436','Armani Meza',68896,'41679914427089','3939247735',0,'D0032'),
('E0437','George Everett',100880,'49448478844364','3879817592',0,'D0032'),
('E0438','Tommy Stevens',124729,'43260097870310','3129974621',0,'D0032'),
('E0439','Heidi Barrett',175666,'42986645010264','3929042271',0,'D0032'),
('E0440','Diamond Sanford',118931,'43181716033590','3728799761',0,'D0033'),
('E0441','Beckett Bowen',122967,'47739367005785','3951527652',0,'D0033'),
('E0442','Gilbert Mayo',184987,'42431605996147','3015713338',1,'D0033'),
('E0443','Jase Spencer',92665,'42910556705301','3308305365',0,'D0033'),
('E0444','Sophia Dodson',14313,'49872231408755','3549023214',0,'D0033'),
('E0445','Deanna Drake',115895,'45196849459740','3659865021',0,'D0034'),
('E0446','Gavyn Fowler',135715,'46074656589207','3054671317',0,'D0034'),
('E0447','Desmond Reid',92415,'42274258021271','3440121811',0,'D0034'),
('E0448','Ryleigh Villarreal',74190,'45193336448686','3689855304',0,'D0034'),
('E0449','Leah Sutton',119921,'40977873720129','3276534458',0,'D0034'),
('E0450','Eden Ramos',54597,'47557758487700','3623802533',0,'D0034'),
('E0451','Abbie Butler',105000,'43904808702063','3610605504',0,'D0034'),
('E0452','Gunnar Christensen',78473,'44188773329836','3500755543',0,'D0034'),
('E0453','Daniella Wu',47689,'46367338320150','3763314642',0,'D0034'),
('E0454','Annie Schneider',196210,'42360556844114','3211896373',1,'D0034'),
('E0455','Muhammad Galvan',148717,'44518722239316','3654925470',0,'D0034'),
('E0456','Micah Frazier',173682,'41842410669414','3447926999',0,'D0034'),
('E0457','Jenny Rubio',142564,'45975974069747','3012660516',0,'D0034'),
('E0458','Lorelei Pollard',68508,'43020245142208','3870273676',0,'D0035'),
('E0459','Mariela Herring',149275,'47002699558118','3287835988',0,'D0035'),
('E0460','Heath Marshall',170166,'46997855424145','3142765817',1,'D0035'),
('E0461','Sariah Collier',70565,'42567203571923','3758514056',0,'D0035'),
('E0462','Annabella Snow',172431,'49017117155722','3507727751',0,'D0035'),
('E0463','Karly Best',167000,'49174428165985','3062261360',0,'D0036'),
('E0464','Adriel Jones',59061,'40277120154921','3123291009',0,'D0036'),
('E0465','Hana Mcgrath',34258,'42269597600808','3961449930',0,'D0036'),
('E0466','Clay Woodward',68196,'42419413425742','3485239888',0,'D0036'),
('E0467','Laura Choi',91901,'47845434359259','3454048956',0,'D0036'),
('E0468','Joseph Richardson',86695,'44015215331379','3811474962',0,'D0036'),
('E0469','Ingrid Patterson',84998,'47902843325817','3261345292',0,'D0036'),
('E0470','Rebekah Marsh',153414,'48047646336431','3830741937',0,'D0036'),
('E0471','Iyana Anthony',115937,'44637820755846','3017752405',0,'D0036'),
('E0472','Londyn Cobb',115542,'46559819599150','3010254238',0,'D0036'),
('E0473','Nikhil Mercer',163837,'48223453879089','3176882425',0,'D0036'),
('E0474','Ricardo Pugh',151235,'43668323214250','3485804195',0,'D0036'),
('E0475','Leland Pennington',149538,'43035124158278','3403990269',0,'D0036'),
('E0476','Celeste Steele',14755,'44977432201302','3404912562',0,'D0036'),
('E0477','Emilia Conley',41452,'45807854344028','3553700499',0,'D0036'),
('E0478','Lyric Orr',152505,'42606203381998','3284959232',0,'D0036'),
('E0479','Londyn Joyce',182324,'41442265908417','3793624889',1,'D0036'),
('E0480','Adriel Lam',30071,'47617633158061','3125882385',0,'D0036'),
('E0481','Edwin Reynolds',76847,'43976942526636','3983338908',0,'D0036'),
('E0482','Naomi Diaz',60950,'49817415638200','3624004888',0,'D0036'),
('E0483','Bronson Jimenez',41440,'44057498376210','3755049049',0,'D0036'),
('E0484','Ana Maxwell',136597,'42898828238999','3864675142',0,'D0036'),
('E0485','April Sanford',64394,'41682359294843','3324381105',0,'D0036'),
('E0486','Russell Hancock',82659,'43797060634583','3462547033',0,'D0036'),
('E0487','Savanna Velez',78265,'48133934112048','3990388807',0,'D0036'),
('E0488','Karina Hunter',14115,'40902075578022','3929736556',0,'D0037'),
('E0489','Alisa Mccann',55981,'43240814905299','3187116366',0,'D0037'),
('E0490','Blake Sutton',73946,'45090171973404','3688132617',0,'D0037'),
('E0491','Harley Hickman',156434,'48281162409796','3706576305',1,'D0037'),
('E0492','Donavan Berger',14058,'48003584134133','3603621424',0,'D0037'),
('E0493','Kendra Daniels',107587,'49106623175772','3055293199',0,'D0038'),
('E0494','Kaley Ware',139338,'49641384656115','3818804519',1,'D0038'),
('E0495','Charlotte Lopez',133703,'44011319472608','3175587789',0,'D0038'),
('E0496','Brittany Rosales',113633,'43633924438958','3642301708',0,'D0038'),
('E0497','Brodie Rowe',134971,'49136484599156','3102249309',0,'D0038'),
('E0498','Ellis Holden',80730,'47891038803553','3343221690',0,'D0038'),
('E0499','Jeremiah Garcia',127993,'41471268640690','3039201473',0,'D0038'),
('E0500','Draven Benjamin',146363,'45337145371476','3760961293',1,'D0039'),
('E0501','Ty Bass',21917,'47373413397172','3655916228',0,'D0039'),
('E0502','Johnathon Hodge',35185,'45463036624951','3569471335',0,'D0040'),
('E0503','Roger Doyle',27435,'40646303232879','3554427133',0,'D0040'),
('E0504','Maryjane Mcintosh',99233,'44733945565794','3863738803',0,'D0040'),
('E0505','Misael Lynch',80862,'47440278406185','3693814726',0,'D0040'),
('E0506','Yadira Baxter',21231,'47888021188703','3017741896',0,'D0040'),
('E0507','Marissa Weiss',79187,'41182855992920','3131915570',0,'D0040'),
('E0508','Giovanna Huff',49529,'48441484187816','3860953481',0,'D0040'),
('E0509','Zion Reilly',108757,'40159715731447','3051570125',0,'D0040'),
('E0510','Lesly Best',71625,'42636131542310','3940083472',0,'D0040'),
('E0511','Kendrick Mays',169357,'47901655308350','3487980643',0,'D0040'),
('E0512','Hailie Blackburn',182985,'48174145701825','3639848169',1,'D0040'),
('E0513','Omar Stephens',22915,'48340688097523','3032622281',0,'D0040'),
('E0514','Lee Conley',64114,'42146520538502','3150962007',0,'D0040'),
('E0515','Marley Horne',27055,'40511547695844','3566026645',0,'D0040'),
('E0516','Carlie Henderson',104200,'44885875829522','3709377921',0,'D0040'),
('E0517','Mareli Sharp',141434,'40760854289378','3477026179',0,'D0040'),
('E0518','Marcos Cohen',172008,'47580379104433','3119639757',0,'D0040'),
('E0519','Sean Schmidt',77119,'45445011124871','3957858703',0,'D0040'),
('E0520','Lydia Haney',149552,'48913400186246','3767982630',0,'D0040'),
('E0521','Colt Dickerson',46152,'43347879621406','3318040913',0,'D0040'),
('E0522','Damaris Carey',160351,'43199664039155','3902804670',0,'D0040'),
('E0523','Jazlene Moss',97337,'44639336397664','3376072169',0,'D0040'),
('E0524','Adrianna Davidson',117255,'48313399153623','3756881418',0,'D0040'),
('E0525','Rishi Pace',39168,'49231967913145','3671839421',0,'D0040')


insert into Chefs
Values
('E0001','12:00','18:00',0),
('E0002','18:00','00:00',0),
('E0003','12:00','18:00',1),
('E0004','18:00','00:00',0),
('E0005','12:00','18:00',0),
('E0061','12:00','18:00',1),
('E0062','18:00','00:00',0),
('E0063','12:00','18:00',0),
('E0064','18:00','00:00',0),
('E0065','12:00','18:00',0),
('E0114','18:00','00:00',0),
('E0115','12:00','18:00',0),
('E0116','18:00','00:00',1),
('E0117','12:00','18:00',0),
('E0118','18:00','00:00',0),
('E0170','18:00','00:00',0),
('E0171','12:00','18:00',0),
('E0172','18:00','00:00',1),
('E0173','12:00','18:00',0),
('E0174','18:00','00:00',0),
('E0224','18:00','00:00',0),
('E0225','12:00','18:00',0),
('E0226','18:00','00:00',1),
('E0227','12:00','18:00',0),
('E0228','18:00','00:00',0),
('E0269','12:00','18:00',0),
('E0270','18:00','00:00',0),
('E0271','12:00','18:00',0),
('E0272','18:00','00:00',1),
('E0273','12:00','18:00',0),
('E0330','18:00','00:00',0),
('E0331','12:00','18:00',1),
('E0332','18:00','00:00',0),
('E0333','12:00','18:00',0),
('E0334','18:00','00:00',0),
('E0388','18:00','00:00',0),
('E0389','12:00','18:00',0),
('E0390','18:00','00:00',0),
('E0391','12:00','18:00',0),
('E0392','18:00','00:00',1),
('E0440','18:00','00:00',0),
('E0441','12:00','18:00',0),
('E0442','18:00','00:00',1),
('E0443','12:00','18:00',0),
('E0444','18:00','00:00',0),
('E0488','18:00','00:00',0),
('E0489','12:00','18:00',0),
('E0490','18:00','00:00',0),
('E0491','12:00','18:00',1),
('E0492','18:00','00:00',0)

insert into CleaningStaff
Values
('E0006','18:00','00:00','Bathroom cleaning'),
('E0007','12:00','18:00','Mopping floors'),
('E0008','18:00','00:00','Cleaning windows'),
('E0009','12:00','18:00','Bathroom cleaning'),
('E0010','18:00','00:00','Washing dishes'),
('E0011','12:00','18:00','Washing dishes'),
('E0012','18:00','00:00','Mopping floors'),
('E0013','12:00','18:00','Dusting'),
('E0014','18:00','00:00','Bathroom cleaning'),
('E0015','12:00','18:00','Bathroom cleaning'),
('E0016','18:00','00:00','Washing dishes'),
('E0017','12:00','18:00','Cleaning windows'),
('E0018','18:00','00:00','Cleaning tables'),
('E0019','12:00','18:00','Bathroom cleaning'),
('E0020','18:00','00:00','Cleaning windows'),
('E0021','12:00','18:00','Cleaning tables'),
('E0022','18:00','00:00','Cleaning windows'),
('E0023','12:00','18:00','Dusting'),
('E0024','18:00','00:00','Mopping floors'),
('E0025','12:00','18:00','Mopping floors'),
('E0066','18:00','00:00','Bathroom cleaning'),
('E0067','12:00','18:00','Cleaning windows'),
('E0068','18:00','00:00','Cleaning windows'),
('E0069','12:00','18:00','Dusting'),
('E0070','18:00','00:00','Washing dishes'),
('E0071','12:00','18:00','Mopping floors'),
('E0072','18:00','00:00','Cleaning tables'),
('E0073','12:00','18:00','Washing dishes'),
('E0074','18:00','00:00','Dusting'),
('E0075','12:00','18:00','Cleaning windows'),
('E0076','18:00','00:00','Washing dishes'),
('E0077','12:00','18:00','Bathroom cleaning'),
('E0078','18:00','00:00','Bathroom cleaning'),
('E0079','12:00','18:00','Mopping floors'),
('E0080','18:00','00:00','Mopping floors'),
('E0081','12:00','18:00','Bathroom cleaning'),
('E0082','18:00','00:00','Mopping floors'),
('E0083','12:00','18:00','Cleaning tables'),
('E0119','12:00','18:00','Cleaning tables'),
('E0120','18:00','00:00','Dusting'),
('E0121','12:00','18:00','Bathroom cleaning'),
('E0122','18:00','00:00','Cleaning windows'),
('E0123','12:00','18:00','Washing dishes'),
('E0124','18:00','00:00','Dusting'),
('E0125','12:00','18:00','Mopping floors'),
('E0126','18:00','00:00','Cleaning windows'),
('E0127','12:00','18:00','Washing dishes'),
('E0128','18:00','00:00','Bathroom cleaning'),
('E0129','12:00','18:00','Dusting'),
('E0130','18:00','00:00','Bathroom cleaning'),
('E0131','12:00','18:00','Dusting'),
('E0132','18:00','00:00','Washing dishes'),
('E0133','12:00','18:00','Dusting'),
('E0134','18:00','00:00','Washing dishes'),
('E0135','12:00','18:00','Washing dishes'),
('E0136','18:00','00:00','Bathroom cleaning'),
('E0137','12:00','18:00','Mopping floors'),
('E0138','18:00','00:00','Mopping floors'),
('E0175','12:00','18:00','Washing dishes'),
('E0176','18:00','00:00','Bathroom cleaning'),
('E0177','12:00','18:00','Dusting'),
('E0178','18:00','00:00','Washing dishes'),
('E0179','12:00','18:00','Cleaning tables'),
('E0180','18:00','00:00','Cleaning windows'),
('E0181','12:00','18:00','Cleaning tables'),
('E0182','18:00','00:00','Cleaning windows'),
('E0183','12:00','18:00','Dusting'),
('E0184','18:00','00:00','Washing dishes'),
('E0185','12:00','18:00','Mopping floors'),
('E0186','18:00','00:00','Bathroom cleaning'),
('E0187','12:00','18:00','Mopping floors'),
('E0188','18:00','00:00','Mopping floors'),
('E0189','12:00','18:00','Dusting'),
('E0190','18:00','00:00','Dusting'),
('E0191','12:00','18:00','Cleaning tables'),
('E0192','18:00','00:00','Bathroom cleaning'),
('E0193','12:00','18:00','Bathroom cleaning'),
('E0194','18:00','00:00','Cleaning tables'),
('E0229','12:00','18:00','Cleaning tables'),
('E0230','18:00','00:00','Cleaning tables'),
('E0231','12:00','18:00','Bathroom cleaning'),
('E0232','18:00','00:00','Washing dishes'),
('E0233','12:00','18:00','Cleaning windows'),
('E0234','18:00','00:00','Cleaning tables'),
('E0235','12:00','18:00','Bathroom cleaning'),
('E0236','18:00','00:00','Bathroom cleaning'),
('E0237','12:00','18:00','Bathroom cleaning'),
('E0238','18:00','00:00','Cleaning windows'),
('E0239','12:00','18:00','Washing dishes'),
('E0240','18:00','00:00','Bathroom cleaning'),
('E0241','12:00','18:00','Bathroom cleaning'),
('E0274','18:00','00:00','Cleaning tables'),
('E0275','12:00','18:00','Mopping floors'),
('E0276','18:00','00:00','Bathroom cleaning'),
('E0277','12:00','18:00','Cleaning windows'),
('E0278','18:00','00:00','Washing dishes'),
('E0279','12:00','18:00','Cleaning tables'),
('E0280','18:00','00:00','Dusting'),
('E0281','12:00','18:00','Cleaning windows'),
('E0282','18:00','00:00','Washing dishes'),
('E0283','12:00','18:00','Cleaning tables'),
('E0284','18:00','00:00','Dusting'),
('E0285','12:00','18:00','Dusting'),
('E0286','18:00','00:00','Mopping floors'),
('E0287','12:00','18:00','Dusting'),
('E0288','18:00','00:00','Mopping floors'),
('E0289','12:00','18:00','Washing dishes'),
('E0290','18:00','00:00','Washing dishes'),
('E0291','12:00','18:00','Bathroom cleaning'),
('E0292','18:00','00:00','Bathroom cleaning'),
('E0293','12:00','18:00','Cleaning tables'),
('E0335','12:00','18:00','Bathroom cleaning'),
('E0336','18:00','00:00','Dusting'),
('E0337','12:00','18:00','Bathroom cleaning'),
('E0338','18:00','00:00','Dusting'),
('E0339','12:00','18:00','Cleaning windows'),
('E0340','18:00','00:00','Mopping floors'),
('E0341','12:00','18:00','Cleaning windows'),
('E0342','18:00','00:00','Cleaning tables'),
('E0343','12:00','18:00','Dusting'),
('E0344','18:00','00:00','Washing dishes'),
('E0345','12:00','18:00','Cleaning windows'),
('E0346','18:00','00:00','Bathroom cleaning'),
('E0347','12:00','18:00','Dusting'),
('E0348','18:00','00:00','Bathroom cleaning'),
('E0349','12:00','18:00','Bathroom cleaning'),
('E0350','18:00','00:00','Cleaning tables'),
('E0351','12:00','18:00','Cleaning tables'),
('E0352','18:00','00:00','Washing dishes'),
('E0353','12:00','18:00','Washing dishes'),
('E0354','18:00','00:00','Washing dishes'),
('E0393','12:00','18:00','Mopping floors'),
('E0394','18:00','00:00','Mopping floors'),
('E0395','12:00','18:00','Bathroom cleaning'),
('E0396','18:00','00:00','Bathroom cleaning'),
('E0397','12:00','18:00','Bathroom cleaning'),
('E0398','18:00','00:00','Mopping floors'),
('E0399','12:00','18:00','Washing dishes'),
('E0400','18:00','00:00','Bathroom cleaning'),
('E0401','12:00','18:00','Cleaning windows'),
('E0402','18:00','00:00','Washing dishes'),
('E0403','12:00','18:00','Cleaning windows'),
('E0404','18:00','00:00','Cleaning tables'),
('E0405','12:00','18:00','Dusting'),
('E0406','18:00','00:00','Mopping floors'),
('E0407','12:00','18:00','Dusting'),
('E0408','18:00','00:00','Dusting'),
('E0409','12:00','18:00','Washing dishes'),
('E0410','18:00','00:00','Dusting'),
('E0411','12:00','18:00','Mopping floors'),
('E0412','18:00','00:00','Dusting'),
('E0445','12:00','18:00','Cleaning windows'),
('E0446','18:00','00:00','Dusting'),
('E0447','12:00','18:00','Mopping floors'),
('E0448','18:00','00:00','Cleaning windows'),
('E0449','12:00','18:00','Cleaning windows'),
('E0450','18:00','00:00','Bathroom cleaning'),
('E0451','12:00','18:00','Dusting'),
('E0452','18:00','00:00','Mopping floors'),
('E0453','12:00','18:00','Bathroom cleaning'),
('E0454','18:00','00:00','Mopping floors'),
('E0455','12:00','18:00','Bathroom cleaning'),
('E0456','18:00','00:00','Bathroom cleaning'),
('E0457','12:00','18:00','Bathroom cleaning'),
('E0493','12:00','18:00','Mopping floors'),
('E0494','18:00','00:00','Bathroom cleaning'),
('E0495','12:00','18:00','Washing dishes'),
('E0496','18:00','00:00','Mopping floors'),
('E0497','12:00','18:00','Cleaning windows'),
('E0498','18:00','00:00','Mopping floors'),
('E0499','12:00','18:00','Mopping floors')


insert into Security
Values
('E0026','18:00','00:00','Rooftop'),
('E0027','12:00','18:00','Parking'),
('E0028','18:00','00:00','Lobby'),
('E0029','12:00','18:00','Rooftop'),
('E0030','18:00','00:00','Parking'),
('E0031','12:00','18:00','Parking'),
('E0032','18:00','00:00','Lobby'),
('E0033','12:00','18:00','Lobby'),
('E0034','18:00','00:00','Main door'),
('E0035','12:00','18:00','Parking'),
('E0084','18:00','00:00','Lobby'),
('E0085','12:00','18:00','Main door'),
('E0086','18:00','00:00','Rooftop'),
('E0087','12:00','18:00','Lobby'),
('E0088','18:00','00:00','Lobby'),
('E0089','12:00','18:00','Parking'),
('E0090','18:00','00:00','Parking'),
('E0139','12:00','18:00','Main door'),
('E0140','18:00','00:00','Rooftop'),
('E0141','12:00','18:00','Parking'),
('E0142','18:00','00:00','Lobby'),
('E0143','12:00','18:00','Main door'),
('E0144','18:00','00:00','Lobby'),
('E0145','12:00','18:00','Rooftop'),
('E0146','18:00','00:00','Parking'),
('E0147','12:00','18:00','Main door'),
('E0148','18:00','00:00','Main door'),
('E0195','12:00','18:00','Lobby'),
('E0196','18:00','00:00','Rooftop'),
('E0197','12:00','18:00','Rooftop'),
('E0198','18:00','00:00','Parking'),
('E0199','12:00','18:00','Parking'),
('E0200','18:00','00:00','Rooftop'),
('E0201','12:00','18:00','Parking'),
('E0202','18:00','00:00','Lobby'),
('E0203','12:00','18:00','Main door'),
('E0204','18:00','00:00','Lobby'),
('E0242','18:00','00:00','Parking'),
('E0243','12:00','18:00','Parking'),
('E0244','18:00','00:00','Rooftop'),
('E0245','12:00','18:00','Parking'),
('E0246','18:00','00:00','Parking'),
('E0247','12:00','18:00','Rooftop'),
('E0294','18:00','00:00','Rooftop'),
('E0295','12:00','18:00','Parking'),
('E0296','18:00','00:00','Rooftop'),
('E0297','12:00','18:00','Main door'),
('E0298','18:00','00:00','Lobby'),
('E0299','12:00','18:00','Rooftop'),
('E0300','18:00','00:00','Lobby'),
('E0301','12:00','18:00','Main door'),
('E0302','18:00','00:00','Parking'),
('E0303','12:00','18:00','Parking'),
('E0304','18:00','00:00','Rooftop'),
('E0305','12:00','18:00','Parking'),
('E0306','18:00','00:00','Main door'),
('E0307','12:00','18:00','Rooftop'),
('E0308','18:00','00:00','Parking'),
('E0309','12:00','18:00','Lobby'),
('E0355','12:00','18:00','Rooftop'),
('E0356','18:00','00:00','Main door'),
('E0357','12:00','18:00','Parking'),
('E0358','18:00','00:00','Parking'),
('E0359','12:00','18:00','Rooftop'),
('E0360','18:00','00:00','Rooftop'),
('E0361','12:00','18:00','Lobby'),
('E0362','18:00','00:00','Rooftop'),
('E0413','12:00','18:00','Main door'),
('E0414','18:00','00:00','Parking'),
('E0415','12:00','18:00','Lobby'),
('E0416','18:00','00:00','Rooftop'),
('E0417','12:00','18:00','Main door'),
('E0418','18:00','00:00','Main door'),
('E0419','12:00','18:00','Main door'),
('E0420','18:00','00:00','Parking'),
('E0458','18:00','00:00','Parking'),
('E0459','12:00','18:00','Main door'),
('E0460','18:00','00:00','Parking'),
('E0461','12:00','18:00','Lobby'),
('E0462','18:00','00:00','Main door'),
('E0500','18:00','00:00','Main door'),
('E0501','12:00','18:00','Parking')



Insert into Waiters
Values
('E0036','18:00','00:00'),
('E0037','12:00','18:00'),
('E0038','18:00','00:00'),
('E0039','12:00','18:00'),
('E0040','18:00','00:00'),
('E0041','12:00','18:00'),
('E0042','18:00','00:00'),
('E0043','12:00','18:00'),
('E0044','18:00','00:00'),
('E0045','12:00','18:00'),
('E0046','18:00','00:00'),
('E0047','12:00','18:00'),
('E0048','18:00','00:00'),
('E0049','12:00','18:00'),
('E0050','18:00','00:00'),
('E0051','12:00','18:00'),
('E0052','18:00','00:00'),
('E0053','12:00','18:00'),
('E0054','18:00','00:00'),
('E0055','12:00','18:00'),
('E0056','18:00','00:00'),
('E0057','12:00','18:00'),
('E0058','18:00','00:00'),
('E0059','12:00','18:00'),
('E0060','18:00','00:00'),
('E0091','12:00','18:00'),
('E0092','18:00','00:00'),
('E0093','12:00','18:00'),
('E0094','18:00','00:00'),
('E0095','12:00','18:00'),
('E0096','18:00','00:00'),
('E0097','12:00','18:00'),
('E0098','18:00','00:00'),
('E0099','12:00','18:00'),
('E0100','18:00','00:00'),
('E0101','12:00','18:00'),
('E0102','18:00','00:00'),
('E0103','12:00','18:00'),
('E0104','18:00','00:00'),
('E0105','12:00','18:00'),
('E0106','18:00','00:00'),
('E0107','12:00','18:00'),
('E0108','18:00','00:00'),
('E0109','12:00','18:00'),
('E0110','18:00','00:00'),
('E0111','12:00','18:00'),
('E0112','18:00','00:00'),
('E0113','12:00','18:00'),
('E0149','12:00','18:00'),
('E0150','18:00','00:00'),
('E0151','12:00','18:00'),
('E0152','18:00','00:00'),
('E0153','12:00','18:00'),
('E0154','18:00','00:00'),
('E0155','12:00','18:00'),
('E0156','18:00','00:00'),
('E0157','12:00','18:00'),
('E0158','18:00','00:00'),
('E0159','12:00','18:00'),
('E0160','18:00','00:00'),
('E0161','12:00','18:00'),
('E0162','18:00','00:00'),
('E0163','12:00','18:00'),
('E0164','18:00','00:00'),
('E0165','12:00','18:00'),
('E0166','18:00','00:00'),
('E0167','12:00','18:00'),
('E0168','18:00','00:00'),
('E0169','12:00','18:00'),
('E0205','12:00','18:00'),
('E0206','18:00','00:00'),
('E0207','12:00','18:00'),
('E0208','18:00','00:00'),
('E0209','12:00','18:00'),
('E0210','18:00','00:00'),
('E0211','12:00','18:00'),
('E0212','18:00','00:00'),
('E0213','12:00','18:00'),
('E0214','18:00','00:00'),
('E0215','12:00','18:00'),
('E0216','18:00','00:00'),
('E0217','12:00','18:00'),
('E0218','18:00','00:00'),
('E0219','12:00','18:00'),
('E0220','18:00','00:00'),
('E0221','12:00','18:00'),
('E0222','18:00','00:00'),
('E0223','12:00','18:00'),
('E0248','18:00','00:00'),
('E0249','12:00','18:00'),
('E0250','18:00','00:00'),
('E0251','12:00','18:00'),
('E0252','18:00','00:00'),
('E0253','12:00','18:00'),
('E0254','18:00','00:00'),
('E0255','12:00','18:00'),
('E0256','18:00','00:00'),
('E0257','12:00','18:00'),
('E0258','18:00','00:00'),
('E0259','12:00','18:00'),
('E0260','18:00','00:00'),
('E0261','12:00','18:00'),
('E0262','18:00','00:00'),
('E0263','12:00','18:00'),
('E0264','18:00','00:00'),
('E0265','12:00','18:00'),
('E0266','18:00','00:00'),
('E0267','12:00','18:00'),
('E0268','18:00','00:00'),
('E0310','18:00','00:00'),
('E0311','12:00','18:00'),
('E0312','18:00','00:00'),
('E0313','12:00','18:00'),
('E0314','18:00','00:00'),
('E0315','12:00','18:00'),
('E0316','18:00','00:00'),
('E0317','12:00','18:00'),
('E0318','18:00','00:00'),
('E0319','12:00','18:00'),
('E0320','18:00','00:00'),
('E0321','12:00','18:00'),
('E0322','18:00','00:00'),
('E0323','12:00','18:00'),
('E0324','18:00','00:00'),
('E0325','12:00','18:00'),
('E0326','18:00','00:00'),
('E0327','12:00','18:00'),
('E0328','18:00','00:00'),
('E0329','12:00','18:00'),
('E0363','12:00','18:00'),
('E0364','18:00','00:00'),
('E0365','12:00','18:00'),
('E0366','18:00','00:00'),
('E0367','12:00','18:00'),
('E0368','18:00','00:00'),
('E0369','12:00','18:00'),
('E0370','18:00','00:00'),
('E0371','12:00','18:00'),
('E0372','18:00','00:00'),
('E0373','12:00','18:00'),
('E0374','18:00','00:00'),
('E0375','12:00','18:00'),
('E0376','18:00','00:00'),
('E0377','12:00','18:00'),
('E0378','18:00','00:00'),
('E0379','12:00','18:00'),
('E0380','18:00','00:00'),
('E0381','12:00','18:00'),
('E0382','18:00','00:00'),
('E0383','12:00','18:00'),
('E0384','18:00','00:00'),
('E0385','12:00','18:00'),
('E0386','18:00','00:00'),
('E0387','12:00','18:00'),
('E0421','12:00','18:00'),
('E0422','18:00','00:00'),
('E0423','12:00','18:00'),
('E0424','18:00','00:00'),
('E0425','12:00','18:00'),
('E0426','18:00','00:00'),
('E0427','12:00','18:00'),
('E0428','18:00','00:00'),
('E0429','12:00','18:00'),
('E0430','18:00','00:00'),
('E0431','12:00','18:00'),
('E0432','18:00','00:00'),
('E0433','12:00','18:00'),
('E0434','18:00','00:00'),
('E0435','12:00','18:00'),
('E0436','18:00','00:00'),
('E0437','12:00','18:00'),
('E0438','18:00','00:00'),
('E0439','12:00','18:00'),
('E0463','12:00','18:00'),
('E0464','18:00','00:00'),
('E0465','12:00','18:00'),
('E0466','18:00','00:00'),
('E0467','12:00','18:00'),
('E0468','18:00','00:00'),
('E0469','12:00','18:00'),
('E0470','18:00','00:00'),
('E0471','12:00','18:00'),
('E0472','18:00','00:00'),
('E0473','12:00','18:00'),
('E0474','18:00','00:00'),
('E0475','12:00','18:00'),
('E0476','18:00','00:00'),
('E0477','12:00','18:00'),
('E0478','18:00','00:00'),
('E0479','12:00','18:00'),
('E0480','18:00','00:00'),
('E0481','12:00','18:00'),
('E0482','18:00','00:00'),
('E0483','12:00','18:00'),
('E0484','18:00','00:00'),
('E0485','12:00','18:00'),
('E0486','18:00','00:00'),
('E0487','12:00','18:00'),
('E0502','18:00','00:00'),
('E0503','12:00','18:00'),
('E0504','18:00','00:00'),
('E0505','12:00','18:00'),
('E0506','18:00','00:00'),
('E0507','12:00','18:00'),
('E0508','18:00','00:00'),
('E0509','12:00','18:00'),
('E0510','18:00','00:00'),
('E0511','12:00','18:00'),
('E0512','18:00','00:00'),
('E0513','12:00','18:00'),
('E0514','18:00','00:00'),
('E0515','12:00','18:00'),
('E0516','18:00','00:00'),
('E0517','12:00','18:00'),
('E0518','18:00','00:00'),
('E0519','12:00','18:00'),
('E0520','18:00','00:00'),
('E0521','12:00','18:00'),
('E0522','18:00','00:00'),
('E0523','12:00','18:00'),
('E0524','18:00','00:00'),
('E0525','12:00','18:00')


insert into Tables
Values
('T0001',10,'B0004',1),
('T0002',10,'B0005',0),
('T0003',2,'B0006',0),
('T0004',10,'B0007',1),
('T0005',3,'B0004',0),
('T0006',10,'B0006',0),
('T0007',10,'B0009',1),
('T0008',4,'B0007',0),
('T0009',2,'B0007',0),
('T0010',3,'B0002',1),
('T0011',2,'B0004',0),
('T0012',2,'B0001',0),
('T0013',8,'B0003',1),
('T0014',6,'B0010',0),
('T0015',6,'B0004',0),
('T0016',2,'B0004',1),
('T0017',8,'B0010',0),
('T0018',10,'B0008',0),
('T0019',6,'B0008',1),
('T0020',2,'B0003',0),
('T0021',8,'B0002',0),
('T0022',4,'B0010',1),
('T0023',6,'B0009',0),
('T0024',2,'B0004',0),
('T0025',4,'B0003',1),
('T0026',6,'B0002',0),
('T0027',4,'B0004',0),
('T0028',3,'B0005',1),
('T0029',3,'B0001',0),
('T0030',4,'B0010',0),
('T0031',10,'B0002',1),
('T0032',2,'B0008',0),
('T0033',4,'B0007',0),
('T0034',6,'B0003',1),
('T0035',6,'B0002',0),
('T0036',3,'B0009',0),
('T0037',2,'B0001',1),
('T0038',10,'B0002',0),
('T0039',3,'B0002',0),
('T0040',8,'B0006',1),
('T0041',6,'B0009',0),
('T0042',6,'B0010',0),
('T0043',8,'B0010',1),
('T0044',3,'B0003',0),
('T0045',2,'B0004',0),
('T0046',10,'B0003',1),
('T0047',2,'B0006',0),
('T0048',8,'B0004',0),
('T0049',6,'B0005',1),
('T0050',4,'B0008',0),
('T0051',8,'B0003',0),
('T0052',8,'B0009',1),
('T0053',10,'B0007',0),
('T0054',8,'B0010',0),
('T0055',2,'B0004',1),
('T0056',2,'B0010',0),
('T0057',10,'B0005',0),
('T0058',6,'B0008',1),
('T0059',3,'B0001',0),
('T0060',3,'B0006',0),
('T0061',10,'B0009',1),
('T0062',2,'B0001',0),
('T0063',10,'B0006',0),
('T0064',6,'B0007',1),
('T0065',6,'B0008',0),
('T0066',3,'B0006',0),
('T0067',2,'B0006',1),
('T0068',2,'B0001',0),
('T0069',2,'B0003',0),
('T0070',6,'B0008',1),
('T0071',4,'B0007',0),
('T0072',4,'B0009',0),
('T0073',2,'B0010',1),
('T0074',3,'B0006',0),
('T0075',6,'B0005',0),
('T0076',3,'B0006',1),
('T0077',4,'B0004',0),
('T0078',4,'B0009',0),
('T0079',8,'B0003',1),
('T0080',3,'B0010',0),
('T0081',6,'B0001',0),
('T0082',4,'B0001',1),
('T0083',6,'B0005',0),
('T0084',8,'B0006',0),
('T0085',8,'B0003',1),
('T0086',3,'B0005',0),
('T0087',4,'B0006',0),
('T0088',2,'B0008',1),
('T0089',2,'B0009',0),
('T0090',8,'B0008',0),
('T0091',4,'B0002',1),
('T0092',4,'B0004',0),
('T0093',10,'B0002',0),
('T0094',10,'B0008',1),
('T0095',2,'B0004',0),
('T0096',6,'B0005',0),
('T0097',3,'B0003',1),
('T0098',2,'B0001',0),
('T0099',2,'B0007',0),
('T0100',3,'B0003',1),
('T0101',8,'B0005',0),
('T0102',6,'B0002',0),
('T0103',3,'B0005',1),
('T0104',2,'B0003',0),
('T0105',8,'B0002',0),
('T0106',10,'B0003',1),
('T0107',2,'B0007',0),
('T0108',3,'B0005',0),
('T0109',8,'B0010',1),
('T0110',2,'B0001',0),
('T0111',2,'B0002',0),
('T0112',8,'B0003',1),
('T0113',4,'B0005',0),
('T0114',6,'B0006',0),
('T0115',8,'B0009',1),
('T0116',3,'B0007',0),
('T0117',10,'B0002',0),
('T0118',3,'B0005',1),
('T0119',6,'B0007',0),
('T0120',3,'B0004',0),
('T0121',6,'B0010',1),
('T0122',10,'B0003',0),
('T0123',3,'B0007',0),
('T0124',6,'B0004',1),
('T0125',3,'B0001',0),
('T0126',3,'B0002',0),
('T0127',2,'B0005',1),
('T0128',4,'B0003',0),
('T0129',2,'B0009',0),
('T0130',4,'B0002',1),
('T0131',4,'B0010',0),
('T0132',4,'B0005',0),
('T0133',10,'B0006',1),
('T0134',2,'B0002',0),
('T0135',4,'B0006',0),
('T0136',4,'B0008',1),
('T0137',3,'B0008',0),
('T0138',10,'B0009',0),
('T0139',4,'B0001',1),
('T0140',2,'B0001',0),
('T0141',2,'B0009',0),
('T0142',4,'B0004',1),
('T0143',2,'B0004',0),
('T0144',10,'B0010',0),
('T0145',6,'B0005',1),
('T0146',4,'B0009',0),
('T0147',2,'B0005',0),
('T0148',3,'B0001',1),
('T0149',2,'B0008',0),
('T0150',4,'B0005',0),
('T0151',10,'B0003',1),
('T0152',10,'B0003',0),
('T0153',6,'B0008',0),
('T0154',4,'B0008',1),
('T0155',2,'B0002',0),
('T0156',4,'B0002',0),
('T0157',10,'B0003',1),
('T0158',4,'B0003',0),
('T0159',3,'B0005',0),
('T0160',2,'B0003',1),
('T0161',6,'B0001',0),
('T0162',6,'B0005',0),
('T0163',3,'B0007',1),
('T0164',8,'B0002',0),
('T0165',3,'B0009',0),
('T0166',2,'B0007',1),
('T0167',3,'B0001',0),
('T0168',10,'B0009',0),
('T0169',8,'B0008',1),
('T0170',8,'B0003',0),
('T0171',2,'B0002',0),
('T0172',8,'B0009',1),
('T0173',4,'B0004',0),
('T0174',10,'B0005',0),
('T0175',8,'B0001',1),
('T0176',3,'B0005',0),
('T0177',2,'B0005',0),
('T0178',4,'B0004',1),
('T0179',3,'B0003',0),
('T0180',8,'B0009',0),
('T0181',4,'B0006',1),
('T0182',4,'B0006',0),
('T0183',3,'B0008',0),
('T0184',8,'B0006',1),
('T0185',8,'B0001',0),
('T0186',4,'B0006',0),
('T0187',6,'B0002',1),
('T0188',2,'B0003',0),
('T0189',3,'B0002',0),
('T0190',6,'B0001',1),
('T0191',4,'B0009',0),
('T0192',6,'B0003',0),
('T0193',8,'B0002',1),
('T0194',10,'B0004',0),
('T0195',3,'B0007',0),
('T0196',10,'B0008',1),
('T0197',6,'B0010',0),
('T0198',10,'B0009',0),
('T0199',10,'B0010',1),
('T0200',4,'B0007',0),
('T0201',2,'B0007',0),
('T0202',2,'B0008',1),
('T0203',2,'B0009',0),
('T0204',10,'B0003',0),
('T0205',2,'B0004',1),
('T0206',2,'B0001',0),
('T0207',6,'B0005',0),
('T0208',3,'B0002',1),
('T0209',8,'B0009',0),
('T0210',4,'B0010',0),
('T0211',3,'B0005',1),
('T0212',8,'B0010',0),
('T0213',3,'B0007',0),
('T0214',6,'B0008',1),
('T0215',10,'B0007',0),
('T0216',4,'B0003',0),
('T0217',8,'B0003',1),
('T0218',3,'B0009',0),
('T0219',8,'B0007',0),
('T0220',10,'B0008',1),
('T0221',2,'B0005',0),
('T0222',8,'B0005',0),
('T0223',8,'B0004',1),
('T0224',4,'B0010',0),
('T0225',10,'B0009',0),
('T0226',3,'B0003',1),
('T0227',6,'B0003',0),
('T0228',4,'B0007',0),
('T0229',2,'B0004',1),
('T0230',8,'B0008',0),
('T0231',3,'B0005',0),
('T0232',2,'B0010',1),
('T0233',8,'B0003',0),
('T0234',3,'B0009',0),
('T0235',2,'B0008',1),
('T0236',4,'B0010',0),
('T0237',4,'B0005',0),
('T0238',4,'B0003',1),
('T0239',10,'B0004',0),
('T0240',4,'B0008',0),
('T0241',2,'B0007',1),
('T0242',4,'B0005',0),
('T0243',8,'B0005',0),
('T0244',3,'B0002',1),
('T0245',2,'B0005',0),
('T0246',8,'B0007',0),
('T0247',3,'B0001',1),
('T0248',2,'B0010',0),
('T0249',2,'B0010',0),
('T0250',6,'B0003',1),
('T0251',8,'B0006',0),
('T0252',4,'B0010',0),
('T0253',2,'B0005',1),
('T0254',3,'B0008',0),
('T0255',3,'B0009',0),
('T0256',3,'B0003',1),
('T0257',10,'B0005',0),
('T0258',4,'B0001',0),
('T0259',3,'B0008',1),
('T0260',3,'B0003',0),
('T0261',8,'B0010',0),
('T0262',4,'B0002',1),
('T0263',6,'B0006',0),
('T0264',8,'B0005',0),
('T0265',8,'B0001',1),
('T0266',4,'B0009',0),
('T0267',3,'B0005',0),
('T0268',3,'B0001',1),
('T0269',4,'B0006',0),
('T0270',6,'B0001',0),
('T0271',10,'B0005',1),
('T0272',2,'B0005',0),
('T0273',10,'B0003',0),
('T0274',3,'B0005',1),
('T0275',6,'B0003',0),
('T0276',2,'B0006',0),
('T0277',6,'B0010',1),
('T0278',8,'B0003',0),
('T0279',3,'B0006',0),
('T0280',10,'B0001',1),
('T0281',10,'B0002',0),
('T0282',2,'B0004',0),
('T0283',4,'B0002',1),
('T0284',2,'B0008',0),
('T0285',2,'B0004',0),
('T0286',6,'B0001',1),
('T0287',6,'B0009',0),
('T0288',2,'B0003',0),
('T0289',3,'B0009',1),
('T0290',8,'B0008',0),
('T0291',8,'B0002',0),
('T0292',4,'B0009',1),
('T0293',10,'B0004',0),
('T0294',10,'B0006',0),
('T0295',3,'B0003',1),
('T0296',8,'B0010',0),
('T0297',3,'B0002',0),
('T0298',10,'B0001',1),
('T0299',3,'B0009',0),
('T0300',2,'B0010',0)


insert into Customer
Values
('C0001','Reginald Mercado','3957200739','T0032',1),
('C0002','Paige Finley','3878707919','T0004',0),
('C0003','Brendon Lopez','3793770641','T0120',0),
('C0004','Yasmine Roy','3058711704','T0274',1),
('C0005','Asia Estes','3763533681','T0116',0),
('C0006','Angela Lara','3371197402','T0232',0),
('C0007','Justice Fowler','3324367208','T0272',1),
('C0008','Andrew Hurley','3958366786','T0282',0),
('C0009','Miranda Moses','3774529845','T0066',0),
('C0010','Mason Shepard','3292307474','T0205',1),
('C0011','Terrence Pace','3854787279','T0287',0),
('C0012','Pamela Good','3648728059','T0047',0),
('C0013','Jakob Chambers','3882398424','T0014',1),
('C0014','Reina Stewart','3135315375','T0090',0),
('C0015','Julie Singh','3009266291','T0056',0),
('C0016','Judah Mason','3159388085','T0286',1),
('C0017','Angelo Lamb','3761268161','T0062',0),
('C0018','Raquel Hutchinson','3063508891','T0168',0),
('C0019','Laura Roth','3725677294','T0173',1),
('C0020','Azaria Jordan','3063636327','T0113',0),
('C0021','Elisa Stout','3854989394','T0244',0),
('C0022','Brody Velazquez','3629316136','T0153',1),
('C0023','Zayne Meza','3197427279','T0236',0),
('C0024','Mathew Zamora','3251184739','T0290',0),
('C0025','Colten Krause','3664779250','T0174',1),
('C0026','Tristian Herman','3608631873','T0065',0),
('C0027','Annabel Crane','3061971050','T0016',0),
('C0028','Gary Bradley','3276502516','T0058',1),
('C0029','Garrett Howe','3276244950','T0126',0),
('C0030','Brent Martin','3288979422','T0108',0),
('C0031','Warren Hayes','3419232307','T0222',1),
('C0032','Lillie Conway','3456187031','T0265',0),
('C0033','Cecilia Melton','3843392059','T0246',0),
('C0034','Jaliyah Beltran','3729973140','T0077',1),
('C0035','Cadence Wyatt','3403985944','T0122',0),
('C0036','Lucas Strong','3265761879','T0095',0),
('C0037','Ashleigh Kim','3104522213','T0068',1),
('C0038','Jaxson Todd','3769499527','T0102',0),
('C0039','Mareli Graham','3691825938','T0204',0),
('C0040','Leonidas Atkinson','3673016067','T0118',1),
('C0041','Eugene Calhoun','3989863828','T0009',0),
('C0042','Charlie Caldwell','3187115018','T0079',0),
('C0043','Athena Marsh','3820364744','T0045',1),
('C0044','Brooklynn Bridges','3814944725','T0178',0),
('C0045','Dante Ball','3817571953','T0077',0),
('C0046','Sidney Krueger','3205436690','T0203',1),
('C0047','Osvaldo Shea','3196842731','T0275',0),
('C0048','Chana Hunt','3275089088','T0065',0),
('C0049','Immanuel Berry','3369698021','T0220',1),
('C0050','Donovan Washington','3287866110','T0233',0),
('C0051','Zion Mercado','3226736514','T0051',0),
('C0052','Ada Miller','3749218600','T0061',1),
('C0053','Michaela Foster','3044745190','T0228',0),
('C0054','Kiana Greer','3041638182','T0017',0),
('C0055','Remington Melton','3518704095','T0107',1),
('C0056','Aubrie Gallegos','3787202207','T0130',0),
('C0057','Brenden Torres','3989086757','T0141',0),
('C0058','Lorelai Rubio','3112202891','T0059',1),
('C0059','Regan Flowers','3240498028','T0235',0),
('C0060','Makena Brown','3086353389','T0063',0),
('C0061','Rubi Buckley','3623116385','T0058',1),
('C0062','Hayden Braun','3735238434','T0180',0),
('C0063','Lamar Kirby','3468467839','T0271',0),
('C0064','Eddie Knight','3807593270','T0113',1),
('C0065','Lukas Mercer','3045841398','T0078',0),
('C0066','Yosef Gentry','3511525214','T0001',0),
('C0067','Amanda Kaiser','3619213493','T0263',1),
('C0068','Paxton Lloyd','3129590843','T0112',0),
('C0069','Ricardo Horn','3160138160','T0106',0),
('C0070','Roselyn Cowan','3748526049','T0021',1),
('C0071','Ella Campbell','3161643307','T0011',0),
('C0072','Gabriel Davila','3145533680','T0115',0),
('C0073','Reece Rowland','3424620658','T0156',1),
('C0074','Maryjane Hamilton','3573396027','T0277',0),
('C0075','Clarissa Wiggins','3383498227','T0100',0),
('C0076','Harrison Frederick','3189556125','T0155',1),
('C0077','Brent Morse','3441176283','T0079',0),
('C0078','Deven Gray','3220882362','T0287',0),
('C0079','Trinity Snyder','3198741658','T0024',1),
('C0080','Erica Pearson','3213910469','T0199',0),
('C0081','Tiara Stephenson','3394693912','T0149',0),
('C0082','Skyler Haynes','3498304103','T0240',1),
('C0083','Michelle Haney','3024431098','T0281',0),
('C0084','Dereon Boyle','3779973374','T0081',0),
('C0085','Adelyn Knapp','3964642163','T0071',1),
('C0086','Howard Shea','3582418542','T0082',0),
('C0087','Parker Adams','3693133589','T0041',0),
('C0088','Camryn Villa','3658213319','T0293',1),
('C0089','Shaniya Baker','3980635522','T0248',0),
('C0090','Cole James','3399809227','T0061',0),
('C0091','Karli Everett','3312931059','T0061',1),
('C0092','Anabelle Morales','3968544534','T0047',0),
('C0093','Johnathon Bishop','3180114950','T0177',0),
('C0094','Danna Leblanc','3176972174','T0133',1),
('C0095','Amiyah Scott','3351202094','T0257',0),
('C0096','Ruby Cunningham','3858763921','T0177',0),
('C0097','Scarlett Ball','3817903658','T0224',1),
('C0098','Maritza Phillips','3366673045','T0176',0),
('C0099','Lucy York','3339659403','T0138',0),
('C0100','Quintin Cox','3002543989','T0111',1),
('C0101','Jazmine Kennedy','3203246794','T0017',0),
('C0102','Azaria Cline','3888286169','T0285',0),
('C0103','Angeline Johnson','3487497620','T0005',1),
('C0104','Esteban Moran','3956047148','T0250',0),
('C0105','Roman Atkins','3074747573','T0056',0),
('C0106','Mariam Potts','3193179779','T0207',1),
('C0107','Genevieve Marshall','3839013565','T0041',0),
('C0108','Lucia Dunlap','3705277273','T0222',0),
('C0109','Maverick Hayden','3440816480','T0255',1),
('C0110','Jamir Mack','3539326913','T0226',0),
('C0111','Clinton Diaz','3350548319','T0140',0),
('C0112','Janelle Berg','3970785253','T0248',1),
('C0113','Mathew Kane','3188748967','T0040',0),
('C0114','Keegan Walls','3084529760','T0001',0),
('C0115','Coleman Hebert','3947249675','T0111',1),
('C0116','Sean Hendricks','3072655513','T0099',0),
('C0117','Carlie Le','3661956964','T0141',0),
('C0118','Roy Villa','3152140022','T0052',1),
('C0119','Alexis Bartlett','3990590389','T0273',0),
('C0120','Josue Villanueva','3426398407','T0144',0),
('C0121','Savannah Graves','3103873546','T0249',1),
('C0122','Skye Vaughan','3519031535','T0071',0),
('C0123','Gage Johnson','3432710791','T0290',0),
('C0124','Lilian Reese','3536980990','T0217',1),
('C0125','Miles Howard','3449886029','T0009',0),
('C0126','Christopher Obrien','3362267159','T0272',0),
('C0127','Leilani Ho','3263789249','T0046',1),
('C0128','Adonis Schaefer','3660308960','T0121',0),
('C0129','Londyn Oneal','3457327093','T0202',0),
('C0130','Shayna Donaldson','3549135369','T0022',1),
('C0131','Tabitha Roach','3506671515','T0085',0),
('C0132','Demarion Cole','3167627257','T0072',0),
('C0133','Aidyn Salazar','3580369173','T0228',1),
('C0134','Bryson Mccoy','3443557493','T0286',0),
('C0135','Patience Morrow','3863485831','T0051',0),
('C0136','Alyssa Sanchez','3388567499','T0275',1),
('C0137','Josiah Conrad','3882681429','T0084',0),
('C0138','Allyson Hodges','3171685385','T0130',0),
('C0139','Rey Mullen','3729317414','T0290',1),
('C0140','April Jimenez','3888454241','T0274',0),
('C0141','Emily Mccarty','3143727948','T0006',0),
('C0142','Zackery Juarez','3849560202','T0059',1),
('C0143','Ricky Reynolds','3236183353','T0069',0),
('C0144','Ruby Mckenzie','3953010275','T0187',0),
('C0145','Cora Paul','3288666561','T0171',1),
('C0146','Zander Curtis','3698845009','T0146',0),
('C0147','Bailey Fischer','3866080961','T0142',0),
('C0148','Kolten Orozco','3629587095','T0021',1),
('C0149','Savanah Campos','3234623358','T0246',0),
('C0150','Cristofer Odom','3998890652','T0101',0),
('C0151','Edith Peterson','3560922915','T0171',1),
('C0152','Karsyn Graham','3048497410','T0087',0),
('C0153','Niko Giles','3824508872','T0140',0),
('C0154','Yaretzi Johnston','3966486462','T0120',1),
('C0155','Damari Sexton','3790288556','T0186',0),
('C0156','Julio Friedman','3899298328','T0015',0),
('C0157','Mya Atkins','3235474936','T0261',1),
('C0158','Sidney Carroll','3988399137','T0290',0),
('C0159','Humberto Klein','3209198837','T0106',0),
('C0160','Denzel Lawson','3029710956','T0036',1),
('C0161','Princess Pope','3336516526','T0065',0),
('C0162','Trystan Griffith','3120065024','T0018',0),
('C0163','Haley Mclaughlin','3363959825','T0203',1),
('C0164','Alena Hardy','3433145469','T0036',0),
('C0165','Ellie Campos','3164679038','T0110',0),
('C0166','Shyann Stone','3713506770','T0013',1),
('C0167','Madelynn Davidson','3855942470','T0139',0),
('C0168','Seth Lynn','3796409003','T0287',0),
('C0169','Melanie Juarez','3593372534','T0024',1),
('C0170','Kylan Goodman','3237226338','T0244',0),
('C0171','Lailah Davidson','3812181768','T0176',0),
('C0172','Dangelo Alexander','3317215758','T0185',1),
('C0173','Camryn Lindsey','3318359509','T0065',0),
('C0174','Caden Kelley','3419479511','T0288',0),
('C0175','Guadalupe Medina','3904956969','T0163',1),
('C0176','Sariah Roberson','3229142633','T0229',0),
('C0177','Anabella Torres','3355908571','T0118',0),
('C0178','Jovanny Ashley','3429463739','T0165',1),
('C0179','Alvaro Vang','3558361299','T0065',0),
('C0180','Felipe Mullen','3805386208','T0207',0),
('C0181','Julie Cooley','3096951409','T0095',1),
('C0182','Stephanie Holt','3066444927','T0153',0),
('C0183','Braedon Murillo','3842104368','T0292',0),
('C0184','Ariel Avila','3317134341','T0061',1),
('C0185','Ella Pierce','3777269872','T0202',0),
('C0186','Lisa Richmond','3406968481','T0147',0),
('C0187','Charlize Mendoza','3953176458','T0278',1),
('C0188','Case Mayo','3886560382','T0032',0),
('C0189','Parker Sullivan','3486150366','T0208',0),
('C0190','Devyn Ritter','3945501384','T0005',1),
('C0191','Andres Black','3545870897','T0240',0),
('C0192','Roselyn Holloway','3254863271','T0284',0),
('C0193','Seamus Hudson','3535897315','T0004',1),
('C0194','Ty Miles','3275631221','T0182',0),
('C0195','Dillan Dixon','3168198774','T0138',0),
('C0196','Lucy Banks','3541157722','T0254',1),
('C0197','Abbigail Nash','3167271235','T0138',0),
('C0198','Mariyah Chaney','3538112365','T0236',0),
('C0199','Bruce Kelly','3046048028','T0076',1),
('C0200','Brielle Baker','3739495202','T0228',0),
('C0201','Lee Quinn','3006448851','T0215',0),
('C0202','Mireya Bolton','3563727681','T0083',1),
('C0203','Jaliyah Kelly','3283946934','T0065',0),
('C0204','Roger Blankenship','3998762741','T0231',0),
('C0205','Ernest Boyd','3409993315','T0298',1),
('C0206','Brisa Serrano','3488282930','T0077',0),
('C0207','Jazmyn Price','3359255840','T0119',0),
('C0208','Yasmine Fry','3850130093','T0176',1),
('C0209','Shamar Vance','3831010287','T0045',0),
('C0210','Karter Allen','3678578906','T0072',0),
('C0211','Norah Mccann','3307586681','T0081',1),
('C0212','Mckayla Estrada','3502020760','T0194',0),
('C0213','Saniya Garza','3040825528','T0247',0),
('C0214','Camden English','3958886665','T0194',1),
('C0215','Lilliana Newton','3730999892','T0203',0),
('C0216','Liana Chang','3367706166','T0213',0),
('C0217','Alia Sellers','3131491128','T0161',1),
('C0218','Anna Costa','3225690782','T0143',0),
('C0219','Cheyanne Russell','3884599296','T0032',0),
('C0220','Ibrahim Mahoney','3801967165','T0002',1),
('C0221','Addison Thornton','3292732283','T0092',0),
('C0222','Mylie Harrell','3120295938','T0099',0),
('C0223','Bobby Rhodes','3202371018','T0103',1),
('C0224','Addyson Schwartz','3707520875','T0035',0),
('C0225','Krish Gregory','3375677384','T0254',0),
('C0226','Gianni Franco','3883283571','T0258',1),
('C0227','Savannah Erickson','3515827941','T0021',0),
('C0228','Raven Strickland','3287286507','T0021',0),
('C0229','Jordan Murray','3423269644','T0181',1),
('C0230','Declan Cantu','3035902493','T0036',0),
('C0231','Danielle Vargas','3782542043','T0108',0),
('C0232','Gael Hayden','3708767631','T0004',1),
('C0233','Caleb Barber','3054197986','T0186',0),
('C0234','Maribel Shields','3394736878','T0172',0),
('C0235','Andreas Hammond','3583192579','T0132',1),
('C0236','Memphis Terrell','3918833730','T0216',0),
('C0237','Ariel Duran','3828376290','T0241',0),
('C0238','Carmen Cantrell','3624910975','T0271',1),
('C0239','Diana Armstrong','3791647479','T0020',0),
('C0240','Tatiana Hayes','3368296598','T0166',0),
('C0241','Brycen Compton','3689703139','T0086',1),
('C0242','Bryce Thompson','3675575457','T0238',0),
('C0243','Abril Savage','3276401657','T0028',0),
('C0244','Seth Stout','3212715061','T0079',1),
('C0245','Elisha Norman','3038720999','T0227',0),
('C0246','Angelique Mayo','3951495383','T0167',0),
('C0247','Danny Terry','3589925959','T0103',1),
('C0248','Amara Burgess','3203636235','T0222',0),
('C0249','Kaden Macdonald','3122061886','T0096',0),
('C0250','Jacquelyn Burch','3101163885','T0066',1),
('C0251','Sawyer Fields','3142194878','T0206',0),
('C0252','Byron Kline','3984504350','T0150',0),
('C0253','Leo Warren','3609828521','T0239',1),
('C0254','Noe Evans','3445602701','T0020',0),
('C0255','Braiden Thompson','3994760070','T0155',0),
('C0256','Lea Rodriguez','3348588011','T0283',1),
('C0257','Annabelle Duke','3555053736','T0023',0),
('C0258','Riley Chan','3949334548','T0004',0),
('C0259','Nia Schroeder','3235697744','T0228',1),
('C0260','Nataly Martinez','3939327509','T0078',0),
('C0261','Maggie Fisher','3945313535','T0285',0),
('C0262','German Cooke','3472601822','T0181',1),
('C0263','Arabella Mcdaniel','3522621296','T0187',0),
('C0264','Desiree Washington','3530106664','T0061',0),
('C0265','Jordyn Moran','3297611680','T0047',1),
('C0266','Areli Bruce','3318455681','T0294',0),
('C0267','Cecelia Baldwin','3157234796','T0115',0),
('C0268','Annabelle Mosley','3881345304','T0050',1),
('C0269','Kamari Holmes','3037502116','T0005',0),
('C0270','Jeffrey Knapp','3135763060','T0218',0),
('C0271','Kaydence Harris','3799251809','T0293',1),
('C0272','Andrew Vance','3610594967','T0216',0),
('C0273','Noah Richardson','3731587483','T0294',0),
('C0274','Tiana Tate','3706628673','T0075',1),
('C0275','Brendan Orozco','3742868529','T0054',0),
('C0276','Kiana Brooks','3130030945','T0166',0),
('C0277','Araceli Combs','3290956678','T0192',1),
('C0278','Fiona Glover','3529522945','T0133',0),
('C0279','Abel Campos','3557027581','T0229',0),
('C0280','Elizabeth Mcdaniel','3350728377','T0182',1),
('C0281','Adonis Roberson','3385697864','T0095',0),
('C0282','Vance Gilbert','3099509888','T0049',0),
('C0283','Larissa Stokes','3067226048','T0026',1),
('C0284','Sarai Merritt','3352998720','T0181',0),
('C0285','Charles Goodwin','3896261209','T0257',0),
('C0286','Karter Matthews','3134931299','T0018',1),
('C0287','Lilian Jordan','3946184352','T0091',0),
('C0288','Elena Kennedy','3515683303','T0237',0),
('C0289','Kaylynn Liu','3673001744','T0241',1),
('C0290','Ernest Vance','3839488138','T0083',0),
('C0291','Anaya Larson','3981911890','T0218',0),
('C0292','Dominick Stevens','3366440055','T0089',1),
('C0293','Mattie Mcclure','3614465833','T0019',0),
('C0294','Aiyana Pratt','3923911877','T0162',0),
('C0295','Alvaro Bright','3508331883','T0289',1),
('C0296','Isabela Maddox','3891605396','T0163',0),
('C0297','Cecilia Phelps','3850819391','T0150',0),
('C0298','Muhammad Miles','3817007033','T0081',1),
('C0299','Draven Bartlett','3596560768','T0066',0),
('C0300','Destiney Vaughan','3054122388','T0032',0),
('C0301','Soren Beltran','3946580286','T0204',1),
('C0302','Elaine Collier','3479406861','T0100',0),
('C0303','Glenn Hubbard','3701944384','T0222',0),
('C0304','Isabelle Frederick','3766553978','T0261',1),
('C0305','Rafael Phillips','3295530139','T0202',0),
('C0306','Darwin Shepherd','3747751433','T0244',0),
('C0307','Eddie Watkins','3545543848','T0063',1),
('C0308','Mila Watson','3185622067','T0167',0),
('C0309','Pierce West','3631974329','T0204',0),
('C0310','Emma Hicks','3472330549','T0077',1),
('C0311','Marianna Forbes','3000081698','T0088',0),
('C0312','Scarlet Mcpherson','3217805667','T0298',0),
('C0313','Brycen Huffman','3891964766','T0246',1),
('C0314','Rhys Daugherty','3711793258','T0088',0),
('C0315','Mathew Castillo','3526753913','T0163',0),
('C0316','Damaris James','3380951229','T0155',1),
('C0317','Dayton Kirk','3859181544','T0059',0),
('C0318','Dennis Carey','3051927874','T0055',0),
('C0319','Keyon Coleman','3732423566','T0157',1),
('C0320','Beatrice Cunningham','3715033531','T0252',0),
('C0321','Isabell Barry','3679222050','T0065',0),
('C0322','Lily Watts','3289064419','T0242',1),
('C0323','Marlee Mcclure','3773899251','T0153',0),
('C0324','Adrian Morton','3215730941','T0090',0),
('C0325','Kaleigh Sanders','3724321493','T0034',1),
('C0326','Braeden Hurst','3016719719','T0118',0),
('C0327','Elena Garrison','3394113777','T0077',0),
('C0328','Antonio Sutton','3462283212','T0208',1),
('C0329','Erica Russo','3607480776','T0043',0),
('C0330','Hallie Irwin','3990230323','T0271',0),
('C0331','Abel Benjamin','3399459861','T0125',1),
('C0332','Heath Melton','3662817375','T0274',0),
('C0333','Humberto Golden','3947077795','T0251',0),
('C0334','Isaac Mann','3170156401','T0291',1),
('C0335','Riley Hancock','3512926396','T0223',0),
('C0336','Rocco Murillo','3332951807','T0007',0),
('C0337','Clinton Joseph','3756049044','T0131',1),
('C0338','James Wilkerson','3051504073','T0033',0),
('C0339','Dane Patrick','3084489762','T0237',0),
('C0340','Jaylah Moreno','3028734103','T0123',1),
('C0341','Nash Rice','3242924920','T0078',0),
('C0342','Lawson Oneal','3454026108','T0253',0),
('C0343','Adalynn Figueroa','3502090016','T0251',1),
('C0344','Seth Nguyen','3905720318','T0190',0),
('C0345','Jadyn Hanson','3245575431','T0028',0),
('C0346','Eleanor Nolan','3380657382','T0216',1),
('C0347','Laney Gamble','3205704002','T0288',0),
('C0348','Ava Henderson','3479355406','T0166',0),
('C0349','Ray Meyer','3506055314','T0138',1),
('C0350','Carl Hammond','3680196558','T0271',0),
('C0351','Yael Goodman','3034286442','T0193',0),
('C0352','Melissa Liu','3150247186','T0078',1),
('C0353','Kamila Ramirez','3636157774','T0025',0),
('C0354','Jay Walter','3858149079','T0206',0),
('C0355','Daniel Church','3608854129','T0203',1),
('C0356','Krista Jones','3936673193','T0062',0),
('C0357','Matthew Walters','3541641139','T0102',0),
('C0358','Kailee Mcdonald','3325910003','T0176',1),
('C0359','Kayden Perez','3337388076','T0146',0),
('C0360','Bryan Hardy','3931528882','T0046',0),
('C0361','Junior Bauer','3248008378','T0040',1),
('C0362','Natasha Camacho','3632269801','T0078',0),
('C0363','Gaven West','3404746540','T0155',0),
('C0364','Jaslene May','3245922293','T0145',1),
('C0365','Frances Bradford','3705490290','T0019',0),
('C0366','Marlene Paul','3997551994','T0125',0),
('C0367','Patrick Bryan','3196756857','T0117',1),
('C0368','Kaylin Dyer','3782664295','T0010',0),
('C0369','Catalina Casey','3799240669','T0145',0),
('C0370','Yusuf Spencer','3653616183','T0230',1),
('C0371','Mohammed Michael','3797387881','T0111',0),
('C0372','Gemma George','3952483481','T0103',0),
('C0373','Cannon Cline','3542612969','T0060',1),
('C0374','Kendall Donovan','3478986007','T0082',0),
('C0375','Alessandra Potter','3161224199','T0066',0),
('C0376','Mallory Zuniga','3878684632','T0112',1),
('C0377','Brayan Fry','3682771785','T0220',0),
('C0378','Brendon Galvan','3552687682','T0169',0),
('C0379','Hailie Guerra','3017172572','T0041',1),
('C0380','Harper Montgomery','3581684507','T0036',0),
('C0381','Harley Glenn','3259287658','T0093',0),
('C0382','Hudson Moses','3546208986','T0014',1),
('C0383','Rogelio Haley','3743064269','T0020',0),
('C0384','Pranav Phelps','3325183213','T0266',0),
('C0385','Macey Ferrell','3812587874','T0120',1),
('C0386','Cindy Shelton','3161460448','T0121',0),
('C0387','Trent Travis','3550472442','T0268',0),
('C0388','Alannah Becker','3511126470','T0185',1),
('C0389','Pierre Vargas','3617152796','T0118',0),
('C0390','Mark Hampton','3861281728','T0258',0),
('C0391','Nikolai Eaton','3971594277','T0223',1),
('C0392','Alexus Martinez','3380362628','T0048',0),
('C0393','Ahmed Anthony','3820240279','T0012',0),
('C0394','Brittany Page','3666216716','T0287',1),
('C0395','Travis Gallagher','3780101494','T0247',0),
('C0396','Nicholas Douglas','3201053243','T0287',0),
('C0397','Madisyn Robles','3560354238','T0206',1),
('C0398','Vincent West','3908866866','T0165',0),
('C0399','Bronson Trevino','3604719090','T0025',0),
('C0400','Melody Underwood','3030807307','T0212',1),
('C0401','Fatima Cooke','3429758040','T0012',0),
('C0402','Amir Arroyo','3004215462','T0057',0),
('C0403','Marcus Hayden','3628421565','T0214',1),
('C0404','Peyton Ramsey','3678005655','T0164',0),
('C0405','Javion Vance','3065973948','T0158',0),
('C0406','Breanna Daugherty','3464053118','T0060',1),
('C0407','Luis Barber','3663772232','T0218',0),
('C0408','Josue Melendez','3965609398','T0255',0),
('C0409','Francesca Fitzpatrick','3036064443','T0189',1),
('C0410','Owen Jimenez','3773887369','T0292',0),
('C0411','Mya Church','3682576854','T0232',0),
('C0412','Anabella Mccullough','3862310142','T0165',1),
('C0413','Dayanara Alvarez','3669803148','T0039',0),
('C0414','Pierre Freeman','3188614784','T0283',0),
('C0415','Zoe Franco','3333947590','T0014',1),
('C0416','Reid Conner','3649385506','T0258',0),
('C0417','Kai Webb','3852648472','T0143',0),
('C0418','Selena Shepherd','3350811440','T0185',1),
('C0419','Aarav Forbes','3486265742','T0139',0),
('C0420','Hope Crane','3430991182','T0265',0),
('C0421','Donavan Rosario','3416008706','T0253',1),
('C0422','Raegan Whitney','3585533546','T0162',0),
('C0423','Giovani Dominguez','3991398251','T0007',0),
('C0424','Stephen Mullen','3231026200','T0181',1),
('C0425','Mariyah Gregory','3191933818','T0057',0),
('C0426','Bo Calderon','3965697903','T0113',0),
('C0427','Dulce Contreras','3422819913','T0269',1),
('C0428','Robert Robertson','3769912526','T0119',0),
('C0429','Dwayne Bray','3556470841','T0022',0),
('C0430','Alana Woodard','3452304340','T0140',1),
('C0431','Kiley Stafford','3677442922','T0180',0),
('C0432','Jonas Whitaker','3250130090','T0146',0),
('C0433','Ashleigh Ortiz','3226343549','T0160',1),
('C0434','Jaiden Lynch','3313841274','T0026',0),
('C0435','Elianna Delgado','3258409781','T0133',0),
('C0436','Craig Hubbard','3814880472','T0040',1),
('C0437','Corinne Webster','3103617740','T0138',0),
('C0438','Iyana Tyler','3694795906','T0070',0),
('C0439','Milton Powers','3024400442','T0006',1),
('C0440','Jaden Brady','3756452390','T0021',0),
('C0441','Rafael Davidson','3580349765','T0026',0),
('C0442','Kadin Perkins','3307486337','T0134',1),
('C0443','Violet Lambert','3541842018','T0257',0),
('C0444','Sienna Ramsey','3778808040','T0218',0),
('C0445','Josie Marshall','3462284133','T0118',1),
('C0446','Cara Carey','3131307763','T0173',0),
('C0447','Luca Smith','3077572681','T0029',0),
('C0448','Maleah Nielsen','3863194112','T0048',1),
('C0449','Dereon Nguyen','3103103950','T0012',0),
('C0450','Coby Mora','3980389019','T0166',0),
('C0451','Jan Calderon','3200307407','T0098',1),
('C0452','Pierre Griffin','3263670360','T0128',0),
('C0453','Carina Barry','3106239976','T0230',0),
('C0454','Andrea Herring','3987296711','T0012',1),
('C0455','Cameron Sellers','3682730731','T0284',0),
('C0456','Aditya Riddle','3955185307','T0142',0),
('C0457','Tiara Ball','3199209928','T0156',1),
('C0458','Dulce Guerrero','3886695754','T0078',0),
('C0459','Deon Banks','3463705511','T0086',0),
('C0460','Skyler Castro','3508361685','T0026',1),
('C0461','Haven Patel','3892010791','T0171',0),
('C0462','Monica Nolan','3075498169','T0198',0),
('C0463','Shayna Montes','3529090800','T0119',1),
('C0464','Lara Aguirre','3286349460','T0197',0),
('C0465','Jace Chaney','3561555461','T0088',0),
('C0466','Jade Fitzpatrick','3267200003','T0220',1),
('C0467','Jadyn Ferrell','3656138599','T0090',0),
('C0468','Jayvon Bradford','3622548131','T0217',0),
('C0469','Roland Mcconnell','3962672749','T0257',1),
('C0470','Adalynn Crawford','3088735194','T0021',0),
('C0471','Kaylen Yoder','3310865614','T0225',0),
('C0472','Logan Adkins','3783650995','T0204',1),
('C0473','Lainey Hays','3620601754','T0074',0),
('C0474','Preston Chang','3202289907','T0102',0),
('C0475','Shaylee Valencia','3145375900','T0190',1),
('C0476','Richard Williams','3566781003','T0008',0),
('C0477','Edith Duke','3339812161','T0049',0),
('C0478','Ernest Davidson','3619851486','T0061',1),
('C0479','Triston West','3473330513','T0266',0),
('C0480','Alex Tran','3707598147','T0204',0),
('C0481','Braxton Carson','3180141668','T0050',1),
('C0482','Allisson Sanders','3628215715','T0133',0),
('C0483','Laylah Reese','3413075184','T0271',0),
('C0484','Brennan Boyer','3857345316','T0124',1),
('C0485','Esperanza Blackwell','3564217237','T0126',0),
('C0486','Tommy Washington','3690104539','T0091',0),
('C0487','Zoie Macias','3559362929','T0063',1),
('C0488','Chace Glenn','3082296932','T0163',0),
('C0489','Kaley Crawford','3987537141','T0242',0),
('C0490','Larissa Espinoza','3822071207','T0273',1),
('C0491','Danica Levine','3590376964','T0274',0),
('C0492','Amari Dunn','3300191301','T0219',0),
('C0493','Jacoby Leonard','3918818064','T0112',1),
('C0494','Marshall Garner','3375949604','T0019',0),
('C0495','Dalton Hernandez','3655832781','T0003',0),
('C0496','Lillie Hickman','3050981185','T0206',1),
('C0497','Amina Hale','3491549927','T0144',0),
('C0498','Alanna Young','3322274913','T0118',0),
('C0499','Peter Cantrell','3646781128','T0265',1),
('C0500','Madden Heath','3121882470','T0125',0),
('C0501','Skye Tran','3913681570','T0002',0),
('C0502','Macey Middleton','3273851163','T0130',1),
('C0503','Logan Marquez','3930127359','T0142',0),
('C0504','Ryleigh Herman','3581041885','T0088',0),
('C0505','Sincere Henson','3835172139','T0200',1),
('C0506','Ayden Larsen','3609245836','T0164',0),
('C0507','Slade Flynn','3878293942','T0226',0),
('C0508','Alena Mathews','3113354504','T0268',1),
('C0509','Tiana Phillips','3959574571','T0284',0),
('C0510','Sophia Lopez','3277111385','T0245',0),
('C0511','Alexandria Good','3531346351','T0151',1),
('C0512','Sloane Dunn','3047236238','T0201',0),
('C0513','Kassandra Nash','3671308260','T0049',0),
('C0514','Donna Ramsey','3127405116','T0270',1),
('C0515','Nathanael Berger','3779679065','T0022',0),
('C0516','Danna Brooks','3015024961','T0281',0),
('C0517','Marques Sutton','3530642908','T0051',1),
('C0518','Kamryn Beltran','3998635727','T0086',0),
('C0519','Antony Cline','3349046463','T0013',0),
('C0520','Rashad Valencia','3819557963','T0016',1),
('C0521','Makhi Richardson','3989918958','T0288',0),
('C0522','Yair Choi','3195207814','T0195',0),
('C0523','Kasen Fowler','3227758481','T0217',1),
('C0524','Marisa Sanders','3792263696','T0085',0),
('C0525','Van Donaldson','3307352597','T0235',0),
('C0526','Lauren Mcfarland','3148094961','T0040',1),
('C0527','Rayna Faulkner','3287873285','T0020',0),
('C0528','Aden Klein','3427607702','T0167',0),
('C0529','Beckett Duncan','3034678906','T0285',1),
('C0530','Harmony Proctor','3038376615','T0288',0),
('C0531','Jayson Orr','3409722435','T0141',0),
('C0532','Danielle Hinton','3113449993','T0269',1),
('C0533','Mikaela Patel','3818479705','T0297',0),
('C0534','Donovan Proctor','3533356517','T0176',0),
('C0535','Natalya Moon','3026066996','T0075',1),
('C0536','Lamar Ibarra','3074244360','T0037',0),
('C0537','Britney Joyce','3112441740','T0123',0),
('C0538','Kameron Reyes','3999287041','T0231',1),
('C0539','Molly Cordova','3488116901','T0195',0),
('C0540','Dillan Russo','3643640260','T0286',0),
('C0541','Heather Snow','3254279921','T0045',1),
('C0542','Kailee Wu','3553297156','T0280',0),
('C0543','Shelby Randall','3723974314','T0110',0),
('C0544','Cristofer Fischer','3668716429','T0155',1),
('C0545','Izaiah Odonnell','3661374544','T0263',0),
('C0546','Grace Leach','3159965076','T0136',0),
('C0547','Jamiya Lowe','3617427391','T0005',1),
('C0548','Jon Moon','3260389235','T0279',0),
('C0549','John Hoffman','3586307899','T0290',0),
('C0550','Bryce Sims','3357221944','T0263',1),
('C0551','Zaria Prince','3812124796','T0294',0),
('C0552','Regan Hancock','3975853793','T0036',0),
('C0553','Nigel Caldwell','3300940045','T0008',1),
('C0554','Yazmin Spence','3586736547','T0131',0),
('C0555','Noel Michael','3201112916','T0040',0),
('C0556','Barrett Butler','3761595288','T0091',1),
('C0557','Isabel Farmer','3820020346','T0289',0),
('C0558','Alexia Hanson','3841346206','T0278',0),
('C0559','Ryder Mcdonald','3821438773','T0080',1),
('C0560','Hannah Bridges','3393594381','T0174',0),
('C0561','Brynn Wallace','3886238909','T0020',0),
('C0562','Raymond Ponce','3506977425','T0016',1),
('C0563','Fletcher Foley','3529135797','T0130',0),
('C0564','Simone Alvarez','3514195897','T0282',0),
('C0565','Adalynn Kirby','3693154365','T0295',1),
('C0566','Jaida Mack','3567545326','T0048',0),
('C0567','Carley Shields','3012618639','T0163',0),
('C0568','Brisa Hull','3728371962','T0030',1),
('C0569','Kadin Rubio','3283229931','T0135',0),
('C0570','Colby Ramsey','3536686406','T0078',0),
('C0571','Dominick Black','3745587325','T0299',1),
('C0572','Ahmad Reid','3408261615','T0028',0),
('C0573','Eleanor Salinas','3068010463','T0269',0),
('C0574','Amare Cole','3232501134','T0218',1),
('C0575','Jocelyn Perry','3437619357','T0232',0),
('C0576','Aileen Frank','3513104784','T0111',0),
('C0577','Haleigh Hutchinson','3415699880','T0129',1),
('C0578','Ann Berry','3068336645','T0006',0),
('C0579','Natalia Thompson','3776567738','T0013',0),
('C0580','Cortez Golden','3461915304','T0133',1),
('C0581','Camryn Gentry','3012600092','T0257',0),
('C0582','Rodney Jensen','3878686078','T0295',0),
('C0583','Landen Byrd','3191830071','T0254',1),
('C0584','William Luna','3976118803','T0271',0),
('C0585','Josue Velasquez','3343829347','T0179',0),
('C0586','Kareem Lucero','3074352177','T0252',1),
('C0587','Grady Daniel','3908920652','T0038',0),
('C0588','Braedon Norman','3656997170','T0109',0),
('C0589','Leandro Ruiz','3824596769','T0088',1),
('C0590','Beatrice Floyd','3185898114','T0273',0),
('C0591','Alexa Rogers','3544496248','T0249',0),
('C0592','Hailie Briggs','3134990459','T0136',1),
('C0593','Clarissa Monroe','3663770451','T0026',0),
('C0594','Darnell Cox','3591350900','T0045',0),
('C0595','Marc Thompson','3048916651','T0211',1),
('C0596','Larissa Rice','3492192049','T0255',0),
('C0597','Edgar Callahan','3703565800','T0158',0),
('C0598','Lisa Rush','3290214416','T0101',1),
('C0599','Nikolai Lamb','3390394842','T0009',0),
('C0600','Jaylah Jimenez','3730947238','T0096',0),
('C0601','Ben Hughes','3388392047','T0161',1),
('C0602','Deanna Watts','3224024152','T0155',0),
('C0603','Tucker Franklin','3793765350','T0136',0),
('C0604','Logan Riddle','3608818178','T0112',1),
('C0605','Samson Lopez','3774224387','T0196',0),
('C0606','Perla Elliott','3028826333','T0135',0),
('C0607','Marisa Mills','3294499777','T0257',1),
('C0608','Trenton Burns','3344042295','T0280',0),
('C0609','Paxton Woods','3763711315','T0260',0),
('C0610','Luca Daugherty','3186895303','T0011',1),
('C0611','Vicente Valenzuela','3339402711','T0123',0),
('C0612','Tomas Hancock','3506858061','T0201',0),
('C0613','Timothy Henson','3336305985','T0292',1),
('C0614','Ryann Brennan','3662458521','T0140',0),
('C0615','Quinten Best','3094076501','T0017',0),
('C0616','Cora Lester','3906514330','T0253',1),
('C0617','Rohan Pena','3797666478','T0168',0),
('C0618','Karissa Parrish','3611172812','T0233',0),
('C0619','Joaquin Walker','3971045272','T0245',1),
('C0620','Deven Lowe','3677223506','T0012',0),
('C0621','Arjun Mcpherson','3995850823','T0051',0),
('C0622','Charlie Hernandez','3092195099','T0034',1),
('C0623','Tatum Becker','3759058323','T0235',0),
('C0624','Luka Bush','3458024870','T0148',0),
('C0625','Brynn Schwartz','3639951914','T0178',1),
('C0626','Trinity Ellison','3654360979','T0231',0),
('C0627','Linda Cruz','3027793364','T0152',0),
('C0628','Nick Bowers','3740704170','T0298',1),
('C0629','Yoselin Woodward','3481677367','T0097',0),
('C0630','Darian Mccall','3119663733','T0192',0),
('C0631','Ciara Manning','3192358928','T0279',1),
('C0632','Dayana Zavala','3495513760','T0271',0),
('C0633','Mathew Hill','3499034340','T0060',0),
('C0634','Marshall Charles','3250485154','T0084',1),
('C0635','Jocelynn Rose','3222052155','T0101',0),
('C0636','Mekhi Graves','3001106441','T0277',0),
('C0637','Enrique Bishop','3997478931','T0078',1),
('C0638','Davin Drake','3088928596','T0287',0),
('C0639','Korbin Sharp','3844413413','T0243',0),
('C0640','Faith Webster','3576323654','T0277',1),
('C0641','Jacob Bean','3987301619','T0105',0),
('C0642','Killian Wall','3546653699','T0116',0),
('C0643','Melody Cunningham','3424692434','T0114',1),
('C0644','Braxton Harding','3093452156','T0232',0),
('C0645','Brynn Hardy','3292035670','T0106',0),
('C0646','Dereon Hess','3999793994','T0217',1),
('C0647','Aisha Willis','3792915010','T0037',0),
('C0648','Leo Smith','3358779551','T0077',0),
('C0649','Atticus Greer','3224256996','T0153',1),
('C0650','Phillip Caldwell','3870229094','T0091',0),
('C0651','Braylen Vang','3419016355','T0291',0),
('C0652','Zaniyah Cruz','3532833150','T0082',1),
('C0653','Azul Forbes','3258770248','T0126',0),
('C0654','Sherlyn Gray','3803052292','T0276',0),
('C0655','Eliana Francis','3977810417','T0247',1),
('C0656','Cecelia Ali','3361044796','T0097',0),
('C0657','Evelin Phelps','3208350850','T0191',0),
('C0658','Jayden Nielsen','3958102375','T0150',1),
('C0659','Tate Church','3232235991','T0038',0),
('C0660','Cole Mccarthy','3126203631','T0206',0),
('C0661','Gillian Clarke','3286259640','T0207',1),
('C0662','Jerimiah Rasmussen','3537535690','T0163',0),
('C0663','Giovani Perry','3581708909','T0128',0),
('C0664','Zayne Trevino','3538995418','T0061',1),
('C0665','Anastasia Stark','3597987681','T0299',0),
('C0666','Kaia Wu','3720522797','T0144',0),
('C0667','Dane Dunn','3235911598','T0121',1),
('C0668','Nick Price','3810252056','T0061',0),
('C0669','Lauryn Cross','3973897135','T0063',0),
('C0670','Chance Higgins','3713831196','T0251',1),
('C0671','Kasen Salazar','3637336020','T0285',0),
('C0672','Kymani Savage','3939384669','T0100',0),
('C0673','Ronnie Cowan','3070658541','T0297',1),
('C0674','Stephany Delacruz','3764148485','T0077',0),
('C0675','Keyon Eaton','3542335285','T0229',0),
('C0676','Luke Peterson','3640534140','T0047',1),
('C0677','Sammy Krueger','3601279005','T0219',0),
('C0678','Jeremiah Moses','3643285710','T0124',0),
('C0679','Jaylene Mayo','3506679343','T0155',1),
('C0680','Rosemary Sanders','3001858513','T0098',0),
('C0681','Anna Preston','3372137756','T0039',0),
('C0682','Terrance Christensen','3676477629','T0262',1),
('C0683','Aubree Soto','3071079171','T0275',0),
('C0684','Mckenzie Miles','3025111063','T0161',0),
('C0685','Jordon Zimmerman','3965097442','T0156',1),
('C0686','Layne Case','3448269664','T0015',0),
('C0687','Anne Suarez','3426618082','T0001',0),
('C0688','Connor Logan','3392716735','T0083',1),
('C0689','Ali Kaufman','3044398675','T0087',0),
('C0690','Madyson Jennings','3593110731','T0021',0),
('C0691','Amya Carlson','3227189123','T0220',1),
('C0692','Spencer Riggs','3830442251','T0239',0),
('C0693','Easton Carrillo','3733981195','T0031',0),
('C0694','Adrian Arroyo','3750478063','T0208',1),
('C0695','Jaelynn Shannon','3285876886','T0209',0),
('C0696','Laila Mckay','3313082908','T0098',0),
('C0697','Melany Lawrence','3281657165','T0201',1),
('C0698','Kennedi Mejia','3147954789','T0197',0),
('C0699','Karina Hansen','3883501476','T0155',0),
('C0700','Silas Wiggins','3526024445','T0022',1),
('C0701','Ben Jefferson','3266707621','T0110',0),
('C0702','Meredith Cross','3501436236','T0097',0),
('C0703','Brody Wheeler','3025608586','T0071',1),
('C0704','Tanya Knox','3056759606','T0273',0),
('C0705','Casey Jefferson','3526183573','T0118',0),
('C0706','Kaylyn Herman','3793147432','T0271',1),
('C0707','Hope Bell','3946443521','T0235',0),
('C0708','Chase Ferrell','3888255500','T0222',0),
('C0709','Aliyah Savage','3147363090','T0265',1),
('C0710','Michelle Mcgrath','3469310974','T0156',0),
('C0711','Warren Conley','3721982206','T0102',0),
('C0712','Fatima Atkins','3892876171','T0097',1),
('C0713','Steven Bird','3767944179','T0142',0),
('C0714','Conrad Foster','3047028105','T0048',0),
('C0715','Mary Kramer','3624947255','T0048',1),
('C0716','Aidan King','3874644582','T0127',0),
('C0717','Gracie Suarez','3316084459','T0209',0),
('C0718','Alfonso Harrell','3938856058','T0087',1),
('C0719','Gillian Glass','3677141896','T0043',0),
('C0720','Evelin Castillo','3879582222','T0247',0),
('C0721','Evie Owen','3139796961','T0283',1),
('C0722','Israel Mcdaniel','3110027162','T0171',0),
('C0723','Maren Wu','3761527329','T0248',0),
('C0724','Roman Simpson','3608541711','T0242',1),
('C0725','Jarrett Daniel','3040563395','T0124',0),
('C0726','Jaiden Welch','3476388922','T0124',0),
('C0727','Marley Tate','3565773288','T0083',1),
('C0728','Isabela Patrick','3702135360','T0270',0),
('C0729','Noe Fuentes','3316324932','T0015',0),
('C0730','Ivan Dennis','3579160524','T0266',1),
('C0731','Craig Munoz','3096410101','T0166',0),
('C0732','Damion Coffey','3605366826','T0270',0),
('C0733','Nick Brewer','3041186541','T0131',1),
('C0734','Waylon Schroeder','3181367270','T0062',0),
('C0735','Santiago Vega','3151803625','T0226',0),
('C0736','Derrick Bray','3934109185','T0091',1),
('C0737','Denisse Morse','3292063169','T0142',0),
('C0738','Hudson Fitzgerald','3849122553','T0138',0),
('C0739','Justus Garrett','3182319102','T0290',1),
('C0740','Pedro Hanson','3946987422','T0203',0),
('C0741','Dario Watkins','3032779769','T0104',0),
('C0742','Giuliana Campbell','3835041298','T0052',1),
('C0743','Madelynn Flynn','3604808754','T0254',0),
('C0744','Jeremiah Ballard','3256068571','T0184',0),
('C0745','Iyana Larsen','3348313389','T0081',1),
('C0746','Madison Mckinney','3562477880','T0210',0),
('C0747','Andy Schaefer','3438645063','T0040',0),
('C0748','Jonathan Dodson','3080497451','T0259',1),
('C0749','Caitlyn Good','3708765300','T0081',0),
('C0750','Eliezer Adams','3068503211','T0074',0),
('C0751','Kenzie Aguilar','3504793676','T0127',1),
('C0752','Donna Barton','3636571938','T0168',0),
('C0753','Marisa Francis','3497624883','T0091',0),
('C0754','Lilah Kemp','3188681011','T0014',1),
('C0755','Hudson Simon','3524232609','T0091',0),
('C0756','Lilly Juarez','3511418591','T0273',0),
('C0757','Desmond Avila','3716135145','T0063',1),
('C0758','Justice Sosa','3725545022','T0013',0),
('C0759','Izaiah Velasquez','3684609787','T0105',0),
('C0760','Haven Clarke','3654920190','T0147',1),
('C0761','Landon Gardner','3190951927','T0031',0),
('C0762','Skylar Underwood','3408022402','T0142',0),
('C0763','Armani Banks','3986872644','T0119',1),
('C0764','Eden Kirby','3870674108','T0056',0),
('C0765','Nathen Pennington','3593367091','T0033',0),
('C0766','Tristen Mcclain','3883993599','T0281',1),
('C0767','Jaylon Kerr','3129377862','T0130',0),
('C0768','Amelie Frazier','3927920560','T0289',0),
('C0769','Ibrahim Phelps','3312265849','T0226',1),
('C0770','Caiden Clay','3984795578','T0029',0),
('C0771','Abby Navarro','3245713391','T0183',0),
('C0772','Alexander Hammond','3659537952','T0186',1),
('C0773','Kamren Barker','3059004795','T0195',0),
('C0774','Kadyn Olsen','3056670367','T0067',0),
('C0775','Jay Vasquez','3971377358','T0195',1),
('C0776','Rylie Strickland','3599582186','T0066',0),
('C0777','Laylah Daugherty','3972200258','T0228',0),
('C0778','Seth Frazier','3423148393','T0108',1),
('C0779','Derick Barrett','3340570933','T0236',0),
('C0780','Savanna Carrillo','3681289112','T0023',0),
('C0781','Amaya Mason','3426669140','T0084',1),
('C0782','Princess Delacruz','3598468788','T0048',0),
('C0783','Yasmin Hernandez','3773420980','T0275',0),
('C0784','Noe Larsen','3107304015','T0166',1),
('C0785','Jon Turner','3221069234','T0095',0),
('C0786','Emmalee Huber','3418085508','T0074',0),
('C0787','Dexter Orr','3032392929','T0124',1),
('C0788','Isis Ayers','3237991065','T0262',0),
('C0789','Alisha Rollins','3089201907','T0251',0),
('C0790','Brisa Harrington','3190593319','T0061',1),
('C0791','Lydia Hall','3525404400','T0283',0),
('C0792','Alexis Yoder','3050138472','T0196',0),
('C0793','Aliana Chambers','3492828536','T0223',1),
('C0794','Ulises Dickerson','3736527925','T0039',0),
('C0795','Madilyn Carpenter','3683466825','T0193',0),
('C0796','Roberto Haney','3025412531','T0076',1),
('C0797','Rene Harrison','3662193496','T0028',0),
('C0798','Nelson Ali','3514402757','T0117',0),
('C0799','Tripp Sutton','3159902014','T0091',1),
('C0800','Heaven Mahoney','3931002071','T0219',0),
('C0801','Hayden Contreras','3924193568','T0079',0),
('C0802','Charlie Fisher','3368933727','T0236',1),
('C0803','Jimmy Owen','3488284445','T0181',0),
('C0804','Ada Bush','3793732123','T0149',0),
('C0805','Ayla Haynes','3615305374','T0225',1),
('C0806','Alena Hickman','3522393311','T0080',0),
('C0807','Marilyn Sanders','3567162177','T0014',0),
('C0808','Jenna Olsen','3334125886','T0236',1),
('C0809','Aliyah Wells','3340397026','T0210',0),
('C0810','Raquel Forbes','3342679067','T0137',0),
('C0811','Nolan Fleming','3799421361','T0253',1),
('C0812','Makaila Decker','3441391176','T0056',0),
('C0813','Shaylee Mack','3048965437','T0087',0),
('C0814','Moshe Thompson','3769877551','T0253',1),
('C0815','Kellen Murphy','3649792855','T0228',0),
('C0816','Neveah Mckay','3360177180','T0284',0),
('C0817','Cordell Booth','3357477063','T0261',1),
('C0818','Kamden Dunn','3470138496','T0253',0),
('C0819','Carly Fischer','3712032176','T0240',0),
('C0820','Zaire Nash','3745021801','T0223',1),
('C0821','Damaris Bryan','3209795597','T0005',0),
('C0822','Celeste Padilla','3341514523','T0098',0),
('C0823','Yamilet Buck','3953082580','T0225',1),
('C0824','Karli Maxwell','3241293029','T0266',0),
('C0825','Cyrus Ali','3265308634','T0218',0),
('C0826','Johnathan Peck','3625178652','T0259',1),
('C0827','Katie Davidson','3693501436','T0077',0),
('C0828','Roberto Cowan','3250809653','T0202',0),
('C0829','Alisa Stevens','3970686042','T0228',1),
('C0830','Rylee Salas','3054460659','T0114',0),
('C0831','Jairo Barr','3067657778','T0055',0),
('C0832','Matias Goodwin','3401476870','T0158',1),
('C0833','Matilda Phillips','3566539387','T0254',0),
('C0834','Krish Cabrera','3303922510','T0125',0),
('C0835','Eliezer Moon','3785266123','T0009',1),
('C0836','Chris Myers','3520894023','T0008',0),
('C0837','Maggie Butler','3503436618','T0086',0),
('C0838','Andrea Strong','3960813068','T0086',1),
('C0839','Aedan Collier','3844421427','T0142',0),
('C0840','Clarence Mullen','3919245232','T0061',0),
('C0841','Avah Gallegos','3452651858','T0032',1),
('C0842','Marquise Rivera','3278208132','T0076',0),
('C0843','Magdalena Mathis','3550948026','T0071',0),
('C0844','Taniyah White','3836388438','T0293',1),
('C0845','Rebecca Allison','3817019384','T0092',0),
('C0846','Stephen Fleming','3712283378','T0022',0),
('C0847','Jaron Guzman','3117034606','T0192',1),
('C0848','Bailee Wells','3626120622','T0020',0),
('C0849','Fiona Horn','3897243214','T0149',0),
('C0850','Katelyn Floyd','3022667532','T0234',1),
('C0851','Leslie Mckay','3503731421','T0256',0),
('C0852','Diamond Ellis','3346392571','T0035',0),
('C0853','Jonah Duke','3191392334','T0018',1),
('C0854','Samara Mccoy','3404476960','T0284',0),
('C0855','Arabella Patterson','3301751304','T0144',0),
('C0856','Adrien York','3328357004','T0103',1),
('C0857','Rowan Weaver','3677997133','T0256',0),
('C0858','Alisa Short','3439744286','T0085',0),
('C0859','Isabelle Clayton','3631853872','T0104',1),
('C0860','Quinn Joseph','3820216261','T0108',0),
('C0861','Shayna Diaz','3816733148','T0239',0),
('C0862','Juliette Reynolds','3308808635','T0039',1),
('C0863','Colten Mclean','3769220900','T0272',0),
('C0864','Iyana Thomas','3368341752','T0265',0),
('C0865','Lyric Clark','3136002146','T0059',1),
('C0866','Danika Lewis','3127576943','T0003',0),
('C0867','Rowan Gallagher','3141618734','T0093',0),
('C0868','Alexandria Vazquez','3770296642','T0006',1),
('C0869','Adison Orozco','3122794006','T0249',0),
('C0870','Ashly Huber','3874552200','T0298',0),
('C0871','Catherine Reeves','3502762559','T0017',1),
('C0872','Mckayla Mcdaniel','3143025621','T0220',0),
('C0873','Alisson Singleton','3534569549','T0160',0),
('C0874','Elisa Richard','3727630659','T0164',1),
('C0875','Lilly Mcgrath','3043748316','T0077',0),
('C0876','Konnor Mercado','3908146778','T0059',0),
('C0877','Leila Harris','3454097749','T0131',1),
('C0878','Carla Lam','3357478689','T0256',0),
('C0879','Kaleigh Farrell','3088985799','T0056',0),
('C0880','Lillie Wu','3855400766','T0132',1),
('C0881','Corinne Jones','3197419179','T0059',0),
('C0882','Brenda Oneal','3684348904','T0146',0),
('C0883','Elise Craig','3419150807','T0078',1),
('C0884','Edward Lam','3336960659','T0202',0),
('C0885','Aydin Lambert','3035769532','T0296',0),
('C0886','Edwin Keith','3529355255','T0140',1),
('C0887','Prince Morrow','3759687214','T0249',0),
('C0888','Isabela Payne','3589136487','T0099',0),
('C0889','Kenyon Sims','3245977580','T0110',1),
('C0890','Alyson Heath','3326862972','T0113',0),
('C0891','Janessa Powers','3088412465','T0225',0),
('C0892','Marie Pugh','3980345814','T0189',1),
('C0893','Jesus Huff','3639673968','T0035',0),
('C0894','Reynaldo Davidson','3602771927','T0125',0),
('C0895','Kaiya Patrick','3434566372','T0092',1),
('C0896','Dane Huffman','3895576952','T0104',0),
('C0897','Chace Herrera','3213609384','T0215',0),
('C0898','Kennedi Young','3751525202','T0035',1),
('C0899','Aracely Orr','3811137529','T0064',0),
('C0900','Guillermo Day','3862123740','T0125',0),
('C0901','Kailee Mullins','3440273738','T0124',1),
('C0902','Aspen Bender','3801955827','T0069',0),
('C0903','Adrienne Lyons','3363423742','T0171',0),
('C0904','Alyson Lutz','3528354441','T0116',1),
('C0905','Ryan Curry','3912786059','T0126',0),
('C0906','Vance Chambers','3488949317','T0053',0),
('C0907','Emanuel Turner','3030726109','T0244',1),
('C0908','Ansley Moyer','3887148885','T0014',0),
('C0909','Kole Hays','3201897848','T0133',0),
('C0910','Fatima Norris','3498088504','T0286',1),
('C0911','Ireland Gillespie','3775704078','T0264',0),
('C0912','Lucia Frye','3543240114','T0226',0),
('C0913','Asa Ware','3344022589','T0071',1),
('C0914','Kaiden Martin','3571640974','T0136',0),
('C0915','Harley Avery','3982863131','T0048',0),
('C0916','Hazel Ellison','3840168520','T0076',1),
('C0917','Sydney Douglas','3905339240','T0204',0),
('C0918','Juliana Ramsey','3501378452','T0113',0),
('C0919','Alina Bray','3921690205','T0196',1),
('C0920','Julissa Grimes','3618738768','T0094',0),
('C0921','Adalyn Blankenship','3239103552','T0214',0),
('C0922','Ellis Burns','3425290332','T0051',1),
('C0923','Krystal Nixon','3083637776','T0093',0),
('C0924','Andrew Petersen','3826043430','T0147',0),
('C0925','Elise Austin','3976732604','T0213',1),
('C0926','Samir Murphy','3611634537','T0283',0),
('C0927','Anika Bishop','3169995698','T0125',0),
('C0928','Karma Nguyen','3666874621','T0092',1),
('C0929','Brooks Munoz','3218519700','T0099',0),
('C0930','Blaine Wright','3820426260','T0169',0),
('C0931','Aidyn Pace','3258565525','T0027',1),
('C0932','Donte Weaver','3008238980','T0055',0),
('C0933','Davis Rice','3347982487','T0062',0),
('C0934','Trace Daniels','3006652974','T0017',1),
('C0935','Arianna Calderon','3275987203','T0209',0),
('C0936','Kayla Lewis','3122178910','T0228',0),
('C0937','Caiden Nelson','3651319605','T0260',1),
('C0938','Valentina Garner','3817288443','T0079',0),
('C0939','Alisha Hall','3241061039','T0049',0),
('C0940','Shiloh Watts','3404879195','T0013',1),
('C0941','Briley Huynh','3520376886','T0124',0),
('C0942','Zoe Hull','3220827431','T0299',0),
('C0943','Roland Coleman','3822839638','T0001',1),
('C0944','Mason Dunn','3265634254','T0133',0),
('C0945','Julius Merritt','3790492509','T0192',0),
('C0946','Hamza Mcintyre','3992577689','T0186',1),
('C0947','Gavyn Valencia','3084620567','T0236',0),
('C0948','Eva Noble','3444786877','T0030',0),
('C0949','Elvis Carter','3091272386','T0021',1),
('C0950','Marquis Zamora','3728999815','T0159',0),
('C0951','Leah Petersen','3816326900','T0288',0),
('C0952','Alessandra Lang','3135775472','T0044',1),
('C0953','Peyton Vasquez','3096123237','T0242',0),
('C0954','Giovani Gates','3841255719','T0065',0),
('C0955','Titus Rice','3917690770','T0069',1),
('C0956','Antony Herman','3728841822','T0012',0),
('C0957','John Montgomery','3661216405','T0197',0),
('C0958','Rowan Mathews','3788143582','T0125',1),
('C0959','Estrella Daugherty','3614798328','T0031',0),
('C0960','Jerome Willis','3890113630','T0234',0),
('C0961','Savanna Paul','3961890785','T0115',1),
('C0962','Orlando Fritz','3762775357','T0009',0),
('C0963','Noah Bailey','3292485303','T0265',0),
('C0964','Henry Shaw','3983066111','T0078',1),
('C0965','Kristopher Wright','3777994588','T0277',0),
('C0966','Tatum Torres','3219502737','T0140',0),
('C0967','Jamie Sexton','3962195708','T0193',1),
('C0968','Carleigh George','3727978157','T0270',0),
('C0969','Lilah Jenkins','3193458927','T0238',0),
('C0970','Trey Francis','3315312560','T0156',1),
('C0971','Charlize Mays','3011196188','T0053',0),
('C0972','Giada Ruiz','3909399323','T0053',0),
('C0973','Byron Klein','3711485403','T0171',1),
('C0974','Anne Blackburn','3550201222','T0101',0),
('C0975','Jakayla Gentry','3316842603','T0109',0),
('C0976','Teagan Larson','3819908135','T0282',1),
('C0977','Brooks Davies','3485556942','T0077',0),
('C0978','Reginald Stuart','3088780112','T0155',0),
('C0979','Erin Salinas','3495477180','T0251',1),
('C0980','Devyn Michael','3527170214','T0034',0),
('C0981','Natalya Holt','3687648491','T0148',0),
('C0982','Susan Shaw','3006004092','T0150',1),
('C0983','Amani Farrell','3025860401','T0251',0),
('C0984','Edwin Townsend','3668152272','T0245',0),
('C0985','Connor Arellano','3244228031','T0108',1),
('C0986','Emilia Rose','3323567214','T0267',0),
('C0987','Christina Valencia','3912473299','T0140',0),
('C0988','Lea Spencer','3073506018','T0153',1),
('C0989','Zayden Cummings','3417792959','T0069',0),
('C0990','Issac Hawkins','3236166007','T0225',0),
('C0991','Malakai Duffy','3429919193','T0125',1),
('C0992','Elena Aguirre','3810729031','T0184',0),
('C0993','Gisselle Barnes','3108026072','T0139',0),
('C0994','Gabriella Singleton','3813771118','T0228',1),
('C0995','Amber Ruiz','3922197869','T0026',0),
('C0996','Mckenna Nichols','3925729965','T0075',0),
('C0997','Alessandra Whitaker','3895462417','T0152',1),
('C0998','Esteban Ellison','3022686015','T0178',0),
('C0999','Valentino Castillo','3652886302','T0108',0),
('C1000','Aidan Singleton','3156996768','T0279',1)


Insert into Reservations
Values
('R0001','T0247','2019-09-10','23:00','C0962'),
('R0002','T0122','2019-09-06','21:30','C0991'),
('R0003','T0143','2019-09-09','19:00','C0842'),
('R0004','T0250','2019-09-10','15:30','C0947'),
('R0005','T0107','2019-09-10','17:00','C0184'),
('R0006','T0076','2019-09-05','23:00','C0711'),
('R0007','T0031','2019-09-25','21:00','C0388'),
('R0008','T0038','2019-09-08','12:00','C0308'),
('R0009','T0099','2019-09-01','20:30','C0430'),
('R0010','T0166','2019-09-02','18:30','C0294'),
('R0011','T0071','2019-09-08','23:00','C0318'),
('R0012','T0061','2019-09-12','23:00','C0755'),
('R0013','T0260','2019-09-10','15:00','C0002'),
('R0014','T0298','2019-09-19','20:00','C0059'),
('R0015','T0165','2019-09-15','18:00','C0369'),
('R0016','T0040','2019-09-18','14:00','C0176'),
('R0017','T0007','2019-09-05','13:30','C0274'),
('R0018','T0230','2019-09-16','18:30','C0120'),
('R0019','T0204','2019-09-08','22:30','C0208'),
('R0020','T0005','2019-09-06','19:00','C0653'),
('R0021','T0105','2019-09-11','17:30','C0288'),
('R0022','T0144','2019-09-14','16:00','C0781'),
('R0023','T0232','2019-09-18','20:30','C0682'),
('R0024','T0153','2019-09-09','16:00','C0097'),
('R0025','T0276','2019-09-24','20:00','C0970'),
('R0026','T0119','2019-09-14','15:30','C0849'),
('R0027','T0150','2019-09-22','16:00','C0393'),
('R0028','T0054','2019-09-19','15:00','C0440'),
('R0029','T0214','2019-09-09','18:30','C0174'),
('R0030','T0027','2019-09-10','19:00','C0244'),
('R0031','T0091','2019-09-25','21:00','C0698'),
('R0032','T0052','2019-09-11','19:00','C0496'),
('R0033','T0099','2019-09-03','23:00','C0154'),
('R0034','T0290','2019-09-03','15:30','C0260'),
('R0035','T0217','2019-09-11','20:00','C0804'),
('R0036','T0298','2019-09-04','14:30','C0953'),
('R0037','T0017','2019-09-20','18:00','C0352'),
('R0038','T0172','2019-09-13','16:30','C0744'),
('R0039','T0151','2019-09-22','16:30','C0695'),
('R0040','T0204','2019-09-16','22:30','C0121'),
('R0041','T0124','2019-09-08','17:00','C0019'),
('R0042','T0087','2019-09-08','12:30','C0057'),
('R0043','T0051','2019-09-10','20:00','C0377'),
('R0044','T0163','2019-09-14','14:30','C0387'),
('R0045','T0278','2019-09-03','20:30','C0501'),
('R0046','T0203','2019-09-11','15:30','C0683'),
('R0047','T0014','2019-09-11','19:30','C0034'),
('R0048','T0058','2019-09-10','15:30','C0829'),
('R0049','T0100','2019-09-03','18:00','C0344'),
('R0050','T0187','2019-09-23','23:00','C0799'),
('R0051','T0272','2019-09-04','20:30','C0966'),
('R0052','T0235','2019-09-17','16:30','C0061'),
('R0053','T0054','2019-09-24','22:30','C0881'),
('R0054','T0185','2019-09-15','17:00','C0156'),
('R0055','T0210','2019-09-08','17:30','C0028'),
('R0056','T0139','2019-09-21','20:30','C0975'),
('R0057','T0234','2019-09-02','16:00','C0383'),
('R0058','T0107','2019-09-08','20:30','C0589'),
('R0059','T0280','2019-09-10','16:30','C0531'),
('R0060','T0235','2019-09-05','12:00','C0750'),
('R0061','T0005','2019-09-12','12:00','C0012'),
('R0062','T0013','2019-09-13','17:00','C0496'),
('R0063','T0023','2019-09-16','12:30','C0967'),
('R0064','T0258','2019-09-15','19:00','C0341'),
('R0065','T0171','2019-09-01','12:30','C0282'),
('R0066','T0261','2019-09-01','16:00','C0575'),
('R0067','T0136','2019-09-06','13:00','C0628'),
('R0068','T0031','2019-09-24','17:00','C0701'),
('R0069','T0049','2019-09-09','22:00','C0847'),
('R0070','T0099','2019-09-23','22:00','C0171'),
('R0071','T0152','2019-09-13','18:30','C0280'),
('R0072','T0276','2019-09-09','16:00','C0566'),
('R0073','T0041','2019-09-01','21:30','C0730'),
('R0074','T0279','2019-09-16','17:30','C0457'),
('R0075','T0290','2019-09-12','12:30','C0663'),
('R0076','T0233','2019-09-15','18:00','C0516'),
('R0077','T0119','2019-09-19','22:30','C0046'),
('R0078','T0198','2019-09-02','20:30','C0502'),
('R0079','T0150','2019-09-15','21:00','C0341'),
('R0080','T0266','2019-09-23','19:00','C0285'),
('R0081','T0182','2019-09-03','17:00','C0075'),
('R0082','T0155','2019-09-08','12:00','C0148'),
('R0083','T0141','2019-09-18','16:30','C0152'),
('R0084','T0086','2019-09-11','17:00','C0615'),
('R0085','T0156','2019-09-05','20:30','C0002'),
('R0086','T0118','2019-09-05','13:00','C0048'),
('R0087','T0023','2019-09-14','22:00','C0824'),
('R0088','T0225','2019-09-12','22:00','C0298'),
('R0089','T0007','2019-09-18','19:00','C0099'),
('R0090','T0097','2019-09-06','19:30','C0074'),
('R0091','T0027','2019-09-08','15:00','C0600'),
('R0092','T0104','2019-09-09','18:30','C0125'),
('R0093','T0278','2019-09-01','12:00','C0214'),
('R0094','T0151','2019-09-09','21:00','C0741'),
('R0095','T0175','2019-09-21','21:30','C0813'),
('R0096','T0198','2019-09-04','20:30','C0133'),
('R0097','T0006','2019-09-23','21:00','C0289'),
('R0098','T0278','2019-09-09','16:00','C0963'),
('R0099','T0084','2019-09-06','19:30','C0072'),
('R0100','T0181','2019-09-06','22:30','C0840'),
('R0101','T0249','2019-09-17','18:00','C0028'),
('R0102','T0300','2019-09-08','15:30','C0756'),
('R0103','T0217','2019-09-21','22:30','C0565'),
('R0104','T0179','2019-09-23','17:00','C0070'),
('R0105','T0169','2019-09-18','16:30','C0591'),
('R0106','T0176','2019-09-07','16:00','C0285'),
('R0107','T0255','2019-09-24','23:00','C0257'),
('R0108','T0181','2019-09-01','17:30','C0866'),
('R0109','T0252','2019-09-18','23:00','C0700'),
('R0110','T0159','2019-09-06','21:30','C0807'),
('R0111','T0142','2019-09-11','21:00','C0985'),
('R0112','T0040','2019-09-13','16:30','C0023'),
('R0113','T0169','2019-09-06','18:30','C0938'),
('R0114','T0005','2019-09-02','19:30','C0023'),
('R0115','T0096','2019-09-23','17:00','C0930'),
('R0116','T0157','2019-09-23','13:30','C0668'),
('R0117','T0244','2019-09-15','13:30','C0047'),
('R0118','T0043','2019-09-18','21:30','C0007'),
('R0119','T0157','2019-09-16','18:30','C0077'),
('R0120','T0296','2019-09-24','12:00','C0606'),
('R0121','T0107','2019-09-20','12:00','C0961'),
('R0122','T0254','2019-09-15','16:00','C0677'),
('R0123','T0033','2019-09-01','19:00','C0933'),
('R0124','T0049','2019-09-11','20:00','C0933'),
('R0125','T0033','2019-09-09','17:30','C0718'),
('R0126','T0028','2019-09-02','19:30','C0680'),
('R0127','T0270','2019-09-16','13:00','C0579'),
('R0128','T0157','2019-09-09','14:30','C0859'),
('R0129','T0272','2019-09-20','13:00','C0230'),
('R0130','T0057','2019-09-11','14:30','C0951'),
('R0131','T0239','2019-09-23','14:30','C0452'),
('R0132','T0266','2019-09-09','14:30','C0878'),
('R0133','T0294','2019-09-02','17:30','C0518'),
('R0134','T0286','2019-09-17','20:30','C0612'),
('R0135','T0103','2019-09-18','23:00','C0504'),
('R0136','T0242','2019-09-25','19:00','C0191'),
('R0137','T0047','2019-09-21','18:30','C0035'),
('R0138','T0205','2019-09-09','13:30','C0713'),
('R0139','T0096','2019-09-09','12:30','C0443'),
('R0140','T0004','2019-09-19','13:30','C0912'),
('R0141','T0031','2019-09-23','14:00','C0444'),
('R0142','T0242','2019-09-12','12:00','C0874'),
('R0143','T0026','2019-09-19','19:30','C0422'),
('R0144','T0080','2019-09-09','23:00','C0553'),
('R0145','T0149','2019-09-17','21:00','C0600'),
('R0146','T0002','2019-09-04','20:00','C0191'),
('R0147','T0137','2019-09-15','23:00','C0794'),
('R0148','T0285','2019-09-17','22:30','C0526'),
('R0149','T0202','2019-09-04','17:00','C0897'),
('R0150','T0269','2019-09-18','17:00','C0443'),
('R0151','T0221','2019-09-11','23:00','C0583'),
('R0152','T0192','2019-09-05','12:00','C0850'),
('R0153','T0011','2019-09-04','15:30','C0125'),
('R0154','T0188','2019-09-10','12:00','C0676'),
('R0155','T0085','2019-09-03','15:00','C0944'),
('R0156','T0124','2019-09-20','14:30','C0207'),
('R0157','T0136','2019-09-11','15:30','C0308'),
('R0158','T0295','2019-09-20','13:00','C0785'),
('R0159','T0060','2019-09-15','17:30','C0812'),
('R0160','T0102','2019-09-05','17:30','C0973'),
('R0161','T0296','2019-09-25','19:00','C0896'),
('R0162','T0200','2019-09-21','22:00','C0933'),
('R0163','T0046','2019-09-23','14:30','C0225'),
('R0164','T0209','2019-09-05','15:30','C0672'),
('R0165','T0114','2019-09-18','16:00','C0687'),
('R0166','T0125','2019-09-16','21:00','C0005'),
('R0167','T0224','2019-09-02','17:30','C0588'),
('R0168','T0239','2019-09-12','20:00','C0106'),
('R0169','T0273','2019-09-14','22:30','C0315'),
('R0170','T0257','2019-09-09','20:30','C0843'),
('R0171','T0147','2019-09-20','20:00','C0642'),
('R0172','T0273','2019-09-16','19:30','C0355'),
('R0173','T0124','2019-09-10','15:00','C0570'),
('R0174','T0183','2019-09-23','12:00','C0765'),
('R0175','T0249','2019-09-23','16:00','C0560'),
('R0176','T0026','2019-09-06','14:00','C0393'),
('R0177','T0219','2019-09-24','21:30','C0108'),
('R0178','T0136','2019-09-22','17:30','C0813'),
('R0179','T0010','2019-09-11','19:30','C0172'),
('R0180','T0126','2019-09-03','12:30','C0221'),
('R0181','T0159','2019-09-22','22:00','C0148'),
('R0182','T0096','2019-09-20','14:00','C0989'),
('R0183','T0123','2019-09-11','18:00','C0863'),
('R0184','T0283','2019-09-11','21:30','C0389'),
('R0185','T0243','2019-09-25','22:00','C0452'),
('R0186','T0237','2019-09-13','19:30','C0196'),
('R0187','T0129','2019-09-07','21:30','C0874'),
('R0188','T0254','2019-09-05','18:30','C0212'),
('R0189','T0202','2019-09-21','20:00','C0244'),
('R0190','T0154','2019-09-18','14:00','C0501'),
('R0191','T0123','2019-09-13','20:00','C0750'),
('R0192','T0175','2019-09-21','12:00','C0968'),
('R0193','T0284','2019-09-15','21:00','C0320'),
('R0194','T0295','2019-09-02','15:30','C0497'),
('R0195','T0209','2019-09-10','16:00','C0958'),
('R0196','T0034','2019-09-16','20:30','C0227'),
('R0197','T0143','2019-09-22','17:30','C0436'),
('R0198','T0283','2019-09-17','21:30','C0233'),
('R0199','T0232','2019-09-25','22:30','C0839'),
('R0200','T0231','2019-09-19','14:00','C0192'),
('R0201','T0196','2019-09-07','15:30','C0945'),
('R0202','T0208','2019-09-01','12:30','C0595'),
('R0203','T0199','2019-09-25','21:00','C0210'),
('R0204','T0282','2019-09-01','18:00','C0942'),
('R0205','T0240','2019-09-10','16:00','C0926'),
('R0206','T0016','2019-09-23','18:00','C0343'),
('R0207','T0049','2019-09-21','19:30','C0310'),
('R0208','T0135','2019-09-22','19:00','C0580'),
('R0209','T0006','2019-09-14','21:00','C0284'),
('R0210','T0021','2019-09-03','12:30','C0034'),
('R0211','T0197','2019-09-17','19:30','C0938'),
('R0212','T0194','2019-09-22','12:30','C0520'),
('R0213','T0150','2019-09-07','12:30','C0142'),
('R0214','T0261','2019-09-16','15:30','C0414'),
('R0215','T0202','2019-09-19','21:00','C0288'),
('R0216','T0184','2019-09-05','22:30','C0278'),
('R0217','T0136','2019-09-06','23:00','C0810'),
('R0218','T0232','2019-09-20','12:00','C0118'),
('R0219','T0213','2019-09-05','19:30','C0435'),
('R0220','T0189','2019-09-03','22:00','C0250'),
('R0221','T0049','2019-09-19','19:00','C0969'),
('R0222','T0008','2019-09-18','13:00','C0658'),
('R0223','T0212','2019-09-20','17:30','C0129'),
('R0224','T0214','2019-09-15','16:30','C0910'),
('R0225','T0163','2019-09-22','18:30','C0400'),
('R0226','T0215','2019-09-05','13:30','C0328'),
('R0227','T0044','2019-09-25','13:00','C0955'),
('R0228','T0203','2019-09-24','20:30','C0048'),
('R0229','T0131','2019-09-12','12:30','C0525'),
('R0230','T0180','2019-09-12','22:30','C0029'),
('R0231','T0229','2019-09-24','15:30','C0124'),
('R0232','T0213','2019-09-05','20:30','C0740'),
('R0233','T0109','2019-09-22','16:00','C0655'),
('R0234','T0056','2019-09-05','23:00','C0139'),
('R0235','T0058','2019-09-25','12:30','C0279'),
('R0236','T0004','2019-09-13','14:00','C0325'),
('R0237','T0168','2019-09-21','13:00','C0627'),
('R0238','T0057','2019-09-13','21:00','C0506'),
('R0239','T0175','2019-09-02','17:00','C0305'),
('R0240','T0154','2019-09-15','18:30','C0428'),
('R0241','T0237','2019-09-20','19:30','C0311'),
('R0242','T0026','2019-09-22','21:00','C0675'),
('R0243','T0180','2019-09-17','12:00','C0247'),
('R0244','T0155','2019-09-20','21:30','C0479'),
('R0245','T0034','2019-09-20','13:30','C0070'),
('R0246','T0054','2019-09-22','18:30','C0155'),
('R0247','T0146','2019-09-23','18:00','C0899'),
('R0248','T0219','2019-09-06','19:00','C0472'),
('R0249','T0252','2019-09-08','12:30','C0683'),
('R0250','T0114','2019-09-02','12:00','C0467'),
('R0251','T0069','2019-09-11','14:00','C0217'),
('R0252','T0072','2019-09-01','12:00','C0470'),
('R0253','T0132','2019-09-20','15:30','C0973'),
('R0254','T0031','2019-09-24','14:00','C0620'),
('R0255','T0269','2019-09-23','17:30','C0153'),
('R0256','T0051','2019-09-06','12:30','C0283'),
('R0257','T0277','2019-09-12','21:00','C0181'),
('R0258','T0296','2019-09-22','16:00','C0567'),
('R0259','T0250','2019-09-02','18:30','C0159'),
('R0260','T0214','2019-09-22','19:30','C0833'),
('R0261','T0027','2019-09-23','20:00','C0388'),
('R0262','T0043','2019-09-09','22:00','C0445'),
('R0263','T0231','2019-09-05','23:00','C0924'),
('R0264','T0112','2019-09-15','14:00','C0714'),
('R0265','T0133','2019-09-02','18:30','C0581'),
('R0266','T0065','2019-09-22','15:00','C0196'),
('R0267','T0055','2019-09-18','15:00','C0918'),
('R0268','T0063','2019-09-07','17:00','C0499'),
('R0269','T0172','2019-09-07','16:00','C0838'),
('R0270','T0297','2019-09-11','12:00','C0595'),
('R0271','T0106','2019-09-15','15:30','C0885'),
('R0272','T0280','2019-09-23','16:00','C0924'),
('R0273','T0084','2019-09-02','22:00','C0713'),
('R0274','T0205','2019-09-18','17:30','C0658'),
('R0275','T0135','2019-09-06','20:30','C0144'),
('R0276','T0254','2019-09-19','18:00','C0632'),
('R0277','T0152','2019-09-14','14:00','C0969'),
('R0278','T0118','2019-09-25','12:00','C0893'),
('R0279','T0157','2019-09-11','17:00','C0379'),
('R0280','T0128','2019-09-08','22:00','C0673'),
('R0281','T0179','2019-09-12','18:00','C0623'),
('R0282','T0213','2019-09-25','20:30','C0383'),
('R0283','T0158','2019-09-05','18:30','C0882'),
('R0284','T0228','2019-09-15','22:30','C0520'),
('R0285','T0148','2019-09-05','22:30','C0185'),
('R0286','T0238','2019-09-09','14:30','C0121'),
('R0287','T0054','2019-09-12','18:30','C0214'),
('R0288','T0115','2019-09-11','17:30','C0063'),
('R0289','T0171','2019-09-22','14:00','C0255'),
('R0290','T0081','2019-09-04','19:00','C0171'),
('R0291','T0179','2019-09-20','16:00','C0326'),
('R0292','T0044','2019-09-11','12:00','C0127'),
('R0293','T0151','2019-09-15','21:00','C0240'),
('R0294','T0243','2019-09-12','17:00','C0230'),
('R0295','T0133','2019-09-02','13:30','C0939'),
('R0296','T0133','2019-09-24','19:00','C0637'),
('R0297','T0103','2019-09-10','21:30','C0284'),
('R0298','T0241','2019-09-08','20:00','C0978'),
('R0299','T0150','2019-09-15','20:30','C0295'),
('R0300','T0022','2019-09-05','14:00','C0110'),
('R0301','T0146','2019-09-16','18:00','C0411'),
('R0302','T0215','2019-09-09','19:30','C0468'),
('R0303','T0212','2019-09-24','23:00','C0757'),
('R0304','T0009','2019-09-07','19:00','C0978'),
('R0305','T0095','2019-09-07','15:00','C0217'),
('R0306','T0249','2019-09-05','12:30','C0422'),
('R0307','T0239','2019-09-10','12:00','C0128'),
('R0308','T0207','2019-09-23','21:30','C0546'),
('R0309','T0084','2019-09-01','18:30','C0369'),
('R0310','T0245','2019-09-07','23:00','C0073'),
('R0311','T0232','2019-09-03','18:00','C0387'),
('R0312','T0241','2019-09-25','19:30','C0109'),
('R0313','T0078','2019-09-03','18:30','C0169'),
('R0314','T0039','2019-09-16','13:30','C0397'),
('R0315','T0098','2019-09-15','21:00','C0283'),
('R0316','T0049','2019-09-01','21:30','C0081'),
('R0317','T0088','2019-09-24','17:00','C0802'),
('R0318','T0168','2019-09-20','13:30','C0425'),
('R0319','T0113','2019-09-17','14:30','C0548'),
('R0320','T0028','2019-09-02','13:00','C0973'),
('R0321','T0149','2019-09-18','22:00','C0762'),
('R0322','T0263','2019-09-22','15:00','C0332'),
('R0323','T0248','2019-09-13','21:30','C0142'),
('R0324','T0200','2019-09-08','21:00','C0206'),
('R0325','T0162','2019-09-12','23:00','C0042'),
('R0326','T0298','2019-09-09','17:00','C0881'),
('R0327','T0143','2019-09-02','19:00','C0714'),
('R0328','T0246','2019-09-02','13:30','C0054'),
('R0329','T0052','2019-09-01','12:00','C0313'),
('R0330','T0084','2019-09-10','20:30','C0377'),
('R0331','T0109','2019-09-20','17:30','C0351'),
('R0332','T0177','2019-09-24','15:30','C0374'),
('R0333','T0220','2019-09-14','15:00','C0918'),
('R0334','T0270','2019-09-02','21:30','C0528'),
('R0335','T0118','2019-09-15','21:00','C0212'),
('R0336','T0085','2019-09-22','22:30','C0429'),
('R0337','T0163','2019-09-19','16:00','C0404'),
('R0338','T0043','2019-09-10','21:00','C0991'),
('R0339','T0125','2019-09-12','18:00','C0300'),
('R0340','T0098','2019-09-01','12:30','C0191'),
('R0341','T0277','2019-09-23','12:30','C0069'),
('R0342','T0092','2019-09-22','15:30','C0303'),
('R0343','T0087','2019-09-14','13:00','C0071'),
('R0344','T0188','2019-09-08','17:30','C0149'),
('R0345','T0256','2019-09-20','17:00','C0155'),
('R0346','T0161','2019-09-10','22:00','C0290'),
('R0347','T0235','2019-09-12','20:00','C0183'),
('R0348','T0188','2019-09-19','14:30','C0988'),
('R0349','T0114','2019-09-18','22:30','C0488'),
('R0350','T0047','2019-09-11','20:30','C0557')


Insert into Menu
Values ('F0001','Garlic Bread' , 200),
	('F0002','Mozarella Sticks' ,300),
	('F0003','Cheese Platter' ,600),
	('F0004','Pizza Rolls' ,750),
	('F0005','Tomato Soup' ,500),
	('F0006','Ceaser Salad' ,300),
	('F0007','Mediterranian Salad' ,300),
	('F0008','Greek Salad' , 400),
	('F0009','Arugula Salad' , 400),
	('F0010','Caprese Salad' , 400),
	('F0011','Agli e Oli' , 900),
	('F0012','Rattlesnake Alfredo Pasta' , 850),
	('F0013','Cacio e Pepe' , 800),
	('F0014','Meat balls and Spaghetti', 700),
	('F0015','Fettuccine Alfredo' , 600),
	('F0016','5-cheese Ziti Al Forno' , 675),
	('F0017','Carbonara' , 800),
	('F0018','Lime Shrimp Pasta' ,1000),
	('F0019','Ravioli Lasagna' , 950),
	('F0020','Spinach Lasagna' , 800),
	('F0021','Pesto Spaghetti' , 700),
	('F0022','Tenderloin Steak', 1200),
	('F0023','Fried Chicken Steak' , 1000),
	('F0024','Veggie Burger' , 800),
	('F0025','Tofu dumplings' , 700),
	('F0026','Crabs and Caviar Brioche' , 1500),
	('F0027','Margarita Pizza' , 600),
	('F0028','Molten Lava Cake' , 500),
	('F0029','Skillet Brownie' , 600),
	('F0030','Choclate Ice cream sundae' , 300),
	('F0031','Strawberry Sherbert' , 400),
	('F0032','Lemon Cheescake' , 550),
	('F0033','Baked Alaska' , 600),
	('F0034','Mint Margarita' , 250),
	('F0035','Electric Lemonade'  , 250),
	('F0036','Berry Smoothie' , 450),
	('F0037','Apple Lemonade' , 200),
	('F0038','Black Coffee' ,  275),
	('F0039','Tea', 250),
	('F0040','Latte', 300)


Insert into Orders
Values
('O0001','T0224','F0022,F0023,F0037,F0035,F0032,F0029,F0018,F0022,','C0360'),
('O0002','T0035','F0038,F0028,F0008,F0039,F0023,F0011,','C0836'),
('O0003','T0209','F0038,F0027,F0022,F0005,F0008,F0004,','C0978'),
('O0004','T0193','F0013,F0010,F0027,','C0429'),
('O0005','T0078','F0008,F0031,F0038,F0036,F0003,F0012,F0022,','C0512'),
('O0006','T0150','F0022,F0029,F0003,F0005,F0039,','C0475'),
('O0007','T0020','F0028,F0011,F0019,F0008,','C0636'),
('O0008','T0216','F0002,F0013,','C0459'),
('O0009','T0116','F0022,F0012,F0032,F0010,F0004,','C0258'),
('O0010','T0172','F0011,F0011,F0021,','C0910'),
('O0011','T0063','F0019,F0034,F0015,','C0727'),
('O0012','T0254','F0028,F0017,F0004,F0032,','C0486'),
('O0013','T0183','F0013,F0028,F0036,F0027,','C0287'),
('O0014','T0188','F0024,F0010,F0015,F0036,F0015,F0013,F0018,F0029,','C0074'),
('O0015','T0048','F0027,F0038,F0016,F0039,F0023,','C0824'),
('O0016','T0155','F0013,F0030,F0038,F0006,F0008,F0031,F0029,F0031,','C0319'),
('O0017','T0292','F0023,F0025,F0020,','C0913'),
('O0018','T0081','F0022,F0003,F0028,F0036,F0033,F0013,F0026,','C0559'),
('O0019','T0235','F0040,F0018,F0001,F0018,F0001,F0028,F0033,F0037,','C0379'),
('O0020','T0127','F0016,F0029,F0023,F0017,F0005,F0029,F0030,F0012,','C0087'),
('O0021','T0166','F0022,F0036,F0018,F0039,F0039,F0017,F0011,','C0741'),
('O0022','T0066','F0007,F0027,F0004,','C0414'),
('O0023','T0219','F0022,F0006,F0035,F0018,F0021,F0017,F0003,','C0889'),
('O0024','T0247','F0023,F0023,F0021,','C0343'),
('O0025','T0289','F0025,F0035,F0008,F0014,F0023,','C0209'),
('O0026','T0190','F0013,F0013,F0021,F0015,F0021,F0021,','C0156'),
('O0027','T0059','F0005,F0009,F0013,','C0021'),
('O0028','T0124','F0027,F0004,F0037,F0008,F0021,F0040,','C0629'),
('O0029','T0106','F0021,F0022,F0016,F0033,F0019,F0028,F0040,F0013,','C0552'),
('O0030','T0001','F0020,F0030,F0015,F0030,F0030,','C0610'),
('O0031','T0053','F0025,F0036,F0034,F0028,F0024,F0036,F0008,','C0063'),
('O0032','T0177','F0029,F0011,F0007,F0031,','C0110'),
('O0033','T0237','F0034,F0021,F0012,F0008,F0003,','C0690'),
('O0034','T0033','F0019,F0007,F0034,','C0195'),
('O0035','T0280','F0033,F0025,F0005,F0019,','C0524'),
('O0036','T0120','F0035,F0026,F0014,F0016,F0033,F0015,','C0672'),
('O0037','T0284','F0022,F0037,F0017,','C0860'),
('O0038','T0256','F0033,F0028,','C0256'),
('O0039','T0173','F0019,F0024,','C0904'),
('O0040','T0093','F0024,F0028,F0021,F0034,F0030,','C0366'),
('O0041','T0062','F0003,F0022,F0017,F0040,','C0175'),
('O0042','T0068','F0036,F0020,F0026,F0018,F0036,F0010,F0007,','C0940'),
('O0043','T0043','F0012,F0021,F0010,F0036,F0015,F0033,F0030,','C0336'),
('O0044','T0252','F0006,F0003,F0017,F0025,F0002,','C0153'),
('O0045','T0016','F0040,F0008,F0016,','C0538'),
('O0046','T0204','F0027,F0036,','C0846'),
('O0047','T0073','F0027,F0028,F0011,F0010,F0032,F0025,F0011,F0004,','C0238'),
('O0048','T0158','F0015,F0033,F0021,F0032,F0019,F0010,F0023,F0027,','C0049'),
('O0049','T0256','F0024,F0014,F0022,F0015,','C0859'),
('O0050','T0112','F0025,F0040,F0034,F0028,F0018,F0033,','C0229'),
('O0051','T0136','F0005,F0017,F0038,F0025,F0014,F0027,F0022,F0016,','C0125'),
('O0052','T0242','F0030,F0027,F0011,F0010,F0024,F0021,','C0452'),
('O0053','T0255','F0034,F0016,F0005,F0010,F0016,F0033,F0020,F0010,','C0346'),
('O0054','T0267','F0025,F0012,F0035,F0016,F0008,','C0726'),
('O0055','T0016','F0033,F0001,F0028,F0036,','C0727'),
('O0056','T0031','F0029,F0019,F0012,F0015,F0017,','C0539'),
('O0057','T0261','F0021,F0019,F0033,F0003,F0006,F0023,F0004,','C0859'),
('O0058','T0091','F0023,F0038,F0003,F0032,F0017,F0002,F0003,','C0100'),
('O0059','T0072','F0022,F0011,F0015,F0024,F0017,F0017,','C0646'),
('O0060','T0124','F0034,F0024,','C0939'),
('O0061','T0186','F0008,F0001,','C0368'),
('O0062','T0296','F0008,F0014,F0034,F0028,F0017,F0011,F0022,F0009,','C0872'),
('O0063','T0160','F0025,F0008,F0014,F0028,F0037,F0035,','C0811'),
('O0064','T0255','F0028,F0019,F0016,','C0379'),
('O0065','T0005','F0018,F0018,F0034,F0038,F0011,F0013,F0010,F0038,','C0720'),
('O0066','T0048','F0019,F0038,F0014,F0016,','C0357'),
('O0067','T0229','F0011,F0013,F0013,','C0888'),
('O0068','T0020','F0029,F0038,','C0630'),
('O0069','T0273','F0001,F0019,F0003,F0018,F0007,','C0101'),
('O0070','T0064','F0016,F0015,','C0119'),
('O0071','T0213','F0034,F0033,','C0477'),
('O0072','T0265','F0007,F0039,','C0759'),
('O0073','T0165','F0038,F0035,F0005,F0028,F0030,F0005,F0011,F0022,','C0765'),
('O0074','T0277','F0013,F0039,F0024,F0006,','C0532'),
('O0075','T0027','F0013,F0016,F0008,F0003,F0037,F0027,','C0918'),
('O0076','T0268','F0029,F0038,F0007,','C0960'),
('O0077','T0114','F0008,F0020,F0027,F0028,F0016,','C0991'),
('O0078','T0219','F0031,F0033,F0011,F0002,','C0742'),
('O0079','T0291','F0009,F0028,F0019,','C0103'),
('O0080','T0062','F0034,F0003,F0027,F0013,F0006,F0005,F0014,F0023,','C0455'),
('O0081','T0281','F0022,F0010,F0017,F0025,F0025,F0010,','C0479'),
('O0082','T0092','F0003,F0008,F0029,F0003,','C0269'),
('O0083','T0207','F0032,F0022,','C0228'),
('O0084','T0259','F0033,F0017,F0034,F0007,F0016,F0036,','C0325'),
('O0085','T0043','F0014,F0032,F0013,F0002,F0040,F0018,F0026,','C0720'),
('O0086','T0016','F0037,F0021,F0036,F0039,','C0965'),
('O0087','T0244','F0012,F0008,F0015,','C0113'),
('O0088','T0003','F0010,F0027,F0028,F0005,F0037,F0039,F0026,','C0633'),
('O0089','T0012','F0030,F0036,F0002,F0012,F0031,F0018,','C0271'),
('O0090','T0088','F0025,F0012,F0004,','C0995'),
('O0091','T0081','F0007,F0006,F0025,F0024,','C0614'),
('O0092','T0027','F0018,F0001,F0022,F0018,F0020,F0033,F0021,','C0896'),
('O0093','T0017','F0022,F0028,F0027,F0006,','C0043'),
('O0094','T0239','F0015,F0001,F0010,F0021,F0026,','C0390'),
('O0095','T0073','F0028,F0026,F0033,F0004,F0012,F0036,F0021,F0014,','C0783'),
('O0096','T0217','F0025,F0039,F0019,','C0780'),
('O0097','T0214','F0005,F0009,F0006,F0015,F0026,','C0361'),
('O0098','T0149','F0039,F0027,F0038,','C0385'),
('O0099','T0290','F0023,F0028,F0012,F0031,F0019,F0013,F0013,','C0572'),
('O0100','T0001','F0024,F0019,F0034,F0028,','C0929'),
('O0101','T0009','F0010,F0008,F0018,','C0050'),
('O0102','T0135','F0012,F0016,F0008,','C0985'),
('O0103','T0190','F0033,F0020,','C0736'),
('O0104','T0281','F0010,F0016,F0011,F0034,F0024,F0014,F0036,F0001,','C0083'),
('O0105','T0238','F0008,F0035,F0011,F0011,','C0022'),
('O0106','T0228','F0040,F0035,F0027,F0025,','C0144'),
('O0107','T0181','F0013,F0024,F0023,F0037,F0016,F0001,F0018,F0034,','C0799'),
('O0108','T0005','F0037,F0019,F0022,F0038,F0037,F0015,F0037,','C0619'),
('O0109','T0234','F0002,F0030,F0030,F0017,F0030,F0033,F0022,','C0350'),
('O0110','T0080','F0015,F0002,F0010,F0019,F0003,F0031,F0038,','C0530'),
('O0111','T0230','F0005,F0024,F0016,F0001,','C0427'),
('O0112','T0261','F0024,F0001,F0002,F0011,F0028,F0020,F0018,','C0692'),
('O0113','T0103','F0018,F0027,F0023,F0019,F0034,','C0115'),
('O0114','T0163','F0018,F0015,F0008,F0016,F0001,F0030,','C0974'),
('O0115','T0270','F0017,F0024,F0021,F0009,F0033,F0031,','C0932'),
('O0116','T0093','F0001,F0028,F0032,F0039,F0029,F0010,','C0427'),
('O0117','T0161','F0033,F0026,F0040,','C0216'),
('O0118','T0110','F0005,F0007,F0021,F0017,F0033,F0032,F0006,F0026,','C0960'),
('O0119','T0007','F0035,F0008,F0027,F0018,F0036,F0009,','C0950'),
('O0120','T0148','F0019,F0018,F0037,F0026,F0001,','C0313'),
('O0121','T0293','F0020,F0036,F0034,F0002,F0003,','C0089'),
('O0122','T0064','F0013,F0021,F0031,F0001,F0029,F0011,','C0726'),
('O0123','T0276','F0011,F0033,F0017,F0005,F0019,F0037,','C0904'),
('O0124','T0139','F0016,F0022,F0002,F0024,F0027,F0009,F0030,F0014,','C0124'),
('O0125','T0274','F0015,F0027,F0004,F0028,F0025,F0029,','C0317'),
('O0126','T0276','F0014,F0013,F0030,F0009,F0020,F0015,F0030,','C0019'),
('O0127','T0234','F0008,F0039,F0003,F0033,F0005,F0036,F0035,F0036,','C0379'),
('O0128','T0160','F0009,F0003,F0005,F0035,F0026,F0038,F0034,','C0346'),
('O0129','T0175','F0028,F0034,F0007,F0014,','C0062'),
('O0130','T0059','F0022,F0028,','C0411'),
('O0131','T0018','F0037,F0008,F0035,F0017,F0028,','C0395'),
('O0132','T0045','F0027,F0013,F0003,F0006,F0004,F0032,F0015,F0040,','C0680'),
('O0133','T0102','F0034,F0014,F0018,F0013,F0008,F0001,F0017,F0031,','C0659'),
('O0134','T0234','F0021,F0019,F0031,F0034,','C0677'),
('O0135','T0121','F0030,F0010,F0011,','C0493'),
('O0136','T0023','F0012,F0039,F0003,F0024,','C0719'),
('O0137','T0159','F0037,F0027,F0035,F0036,F0028,F0033,','C0354'),
('O0138','T0227','F0039,F0036,F0018,F0031,','C0892'),
('O0139','T0284','F0040,F0014,F0010,F0010,F0018,F0037,','C0859'),
('O0140','T0176','F0008,F0003,F0027,','C0733'),
('O0141','T0158','F0009,F0018,','C0487'),
('O0142','T0204','F0007,F0006,F0014,','C0009'),
('O0143','T0246','F0005,F0005,F0010,F0015,F0027,F0038,','C0691'),
('O0144','T0199','F0029,F0038,F0002,F0021,F0006,F0024,F0005,','C0205'),
('O0145','T0087','F0034,F0036,F0039,','C0430'),
('O0146','T0023','F0014,F0002,F0038,F0002,','C0208'),
('O0147','T0298','F0018,F0020,F0012,F0021,','C0234'),
('O0148','T0269','F0008,F0036,F0001,F0038,F0012,F0034,','C0503'),
('O0149','T0206','F0034,F0005,F0006,F0032,F0030,F0018,F0021,F0033,','C0807'),
('O0150','T0221','F0004,F0031,F0026,','C0908'),
('O0151','T0256','F0006,F0006,F0035,F0026,F0010,F0030,','C0285'),
('O0152','T0218','F0013,F0003,F0011,F0039,F0025,F0001,F0023,F0014,','C0477'),
('O0153','T0246','F0004,F0003,','C0341'),
('O0154','T0036','F0014,F0018,F0006,F0024,F0002,F0023,F0007,','C0869'),
('O0155','T0125','F0038,F0031,F0038,F0037,F0006,F0008,','C0251'),
('O0156','T0104','F0018,F0019,F0031,F0008,F0010,F0019,','C0194'),
('O0157','T0265','F0040,F0029,F0005,F0016,F0008,F0019,','C0889'),
('O0158','T0015','F0018,F0006,F0009,F0032,','C0406'),
('O0159','T0175','F0037,F0027,F0016,F0015,F0029,','C0578'),
('O0160','T0124','F0026,F0003,F0026,F0014,F0016,F0005,','C0440'),
('O0161','T0142','F0022,F0014,F0021,F0018,','C0516'),
('O0162','T0292','F0037,F0014,F0024,F0033,F0016,','C0668'),
('O0163','T0191','F0039,F0022,F0027,F0015,','C0217'),
('O0164','T0012','F0002,F0015,F0031,F0029,F0040,F0033,','C0177'),
('O0165','T0179','F0004,F0001,F0021,F0036,F0014,','C0740'),
('O0166','T0199','F0038,F0029,F0039,F0009,F0027,F0017,','C0854'),
('O0167','T0290','F0008,F0039,F0040,F0002,F0009,F0040,F0016,','C0145'),
('O0168','T0185','F0020,F0012,F0031,','C0564'),
('O0169','T0260','F0039,F0007,F0015,','C0969'),
('O0170','T0205','F0015,F0008,F0018,F0037,F0003,','C0184'),
('O0171','T0166','F0009,F0036,F0013,F0009,F0018,F0032,','C0307'),
('O0172','T0112','F0019,F0029,F0026,','C0441'),
('O0173','T0203','F0031,F0010,F0008,F0020,','C0804'),
('O0174','T0143','F0004,F0030,F0036,F0011,F0014,F0031,F0033,','C0749'),
('O0175','T0238','F0040,F0030,F0032,F0031,','C0197'),
('O0176','T0203','F0027,F0004,F0028,F0005,F0027,','C0454'),
('O0177','T0011','F0001,F0013,F0015,','C0225'),
('O0178','T0084','F0020,F0026,F0030,F0021,','C0566'),
('O0179','T0208','F0010,F0018,F0023,F0015,F0021,F0018,F0022,F0006,','C0539'),
('O0180','T0145','F0006,F0016,F0040,F0016,F0005,F0024,F0016,','C0305'),
('O0181','T0123','F0023,F0034,F0020,F0020,F0015,F0032,','C0347'),
('O0182','T0148','F0019,F0022,','C0833'),
('O0183','T0180','F0030,F0002,F0029,F0021,F0002,','C0416'),
('O0184','T0033','F0010,F0012,','C0123'),
('O0185','T0221','F0012,F0020,F0016,F0032,F0003,F0024,F0009,','C0246'),
('O0186','T0133','F0033,F0038,F0008,F0014,F0027,F0019,F0026,','C0740'),
('O0187','T0155','F0008,F0021,F0023,F0025,F0005,','C0907'),
('O0188','T0171','F0022,F0024,','C0170'),
('O0189','T0166','F0013,F0021,F0017,','C0125'),
('O0190','T0098','F0008,F0028,F0003,F0016,','C0148'),
('O0191','T0008','F0027,F0014,F0015,F0011,F0022,F0029,F0013,','C0906'),
('O0192','T0127','F0011,F0026,F0009,F0001,F0019,F0016,F0014,F0037,','C0750'),
('O0193','T0042','F0009,F0003,F0020,F0017,','C0583'),
('O0194','T0231','F0008,F0020,','C0760'),
('O0195','T0220','F0005,F0024,F0029,F0008,F0006,F0024,F0040,','C0829'),
('O0196','T0091','F0019,F0035,','C0778'),
('O0197','T0216','F0014,F0026,F0032,F0021,','C0115'),
('O0198','T0141','F0012,F0020,F0030,F0006,F0002,','C0955'),
('O0199','T0070','F0014,F0023,F0029,F0037,F0008,F0012,F0003,','C0847'),
('O0200','T0208','F0015,F0016,F0023,F0019,F0019,F0039,F0029,F0036,','C0862'),
('O0201','T0137','F0016,F0022,','C0450'),
('O0202','T0061','F0010,F0040,F0035,F0002,','C0484'),
('O0203','T0136','F0036,F0017,F0029,','C0282'),
('O0204','T0021','F0022,F0006,F0037,F0008,F0035,','C0365'),
('O0205','T0237','F0027,F0007,','C0334'),
('O0206','T0279','F0028,F0039,F0007,F0011,F0020,F0029,F0020,','C0904'),
('O0207','T0221','F0029,F0022,F0015,F0034,F0024,F0019,F0019,F0011,','C0794'),
('O0208','T0245','F0032,F0001,F0021,F0028,F0014,F0039,F0006,','C0252'),
('O0209','T0097','F0038,F0011,F0010,F0013,F0014,F0025,F0034,F0027,','C0655'),
('O0210','T0251','F0026,F0032,F0014,F0017,F0006,F0004,F0016,F0006,','C0799'),
('O0211','T0244','F0003,F0038,','C0605'),
('O0212','T0077','F0016,F0025,','C0766'),
('O0213','T0109','F0008,F0010,F0004,F0006,F0017,','C0142'),
('O0214','T0119','F0003,F0038,F0010,F0038,F0024,F0011,','C0540'),
('O0215','T0093','F0011,F0030,F0006,F0034,F0016,F0007,F0014,F0037,','C0382'),
('O0216','T0202','F0028,F0035,F0038,F0039,F0007,F0011,','C0193'),
('O0217','T0140','F0013,F0033,F0022,F0012,F0004,','C0223'),
('O0218','T0059','F0019,F0038,F0037,F0003,F0014,F0017,F0018,F0038,','C0875'),
('O0219','T0051','F0032,F0032,F0031,F0003,F0003,F0020,','C0790'),
('O0220','T0281','F0034,F0005,F0003,F0010,F0015,F0020,','C0552'),
('O0221','T0186','F0040,F0014,F0013,F0001,F0008,F0027,','C0640'),
('O0222','T0008','F0030,F0003,','C0429'),
('O0223','T0110','F0039,F0029,F0005,F0038,F0036,','C0516'),
('O0224','T0044','F0035,F0022,F0039,F0016,F0003,F0018,','C0437'),
('O0225','T0090','F0013,F0015,F0021,F0024,F0006,','C0871'),
('O0226','T0023','F0023,F0026,F0023,','C0380'),
('O0227','T0001','F0008,F0016,F0002,F0014,F0003,F0013,F0027,F0039,','C0184'),
('O0228','T0159','F0004,F0016,F0037,F0019,F0027,F0019,','C0146'),
('O0229','T0220','F0036,F0009,F0014,F0025,','C0228'),
('O0230','T0229','F0037,F0013,F0020,F0029,F0040,F0019,F0040,F0004,','C0617'),
('O0231','T0141','F0021,F0036,','C0999'),
('O0232','T0088','F0030,F0011,F0034,F0010,F0021,','C0914'),
('O0233','T0052','F0004,F0005,F0023,F0031,F0001,','C0393'),
('O0234','T0151','F0031,F0025,F0005,F0005,F0011,F0014,F0039,','C0471'),
('O0235','T0086','F0004,F0026,F0021,F0009,F0028,','C0036'),
('O0236','T0023','F0020,F0035,F0010,F0007,','C0379'),
('O0237','T0299','F0015,F0026,F0013,F0003,','C0579'),
('O0238','T0046','F0040,F0039,','C0201'),
('O0239','T0290','F0021,F0020,F0026,F0025,F0032,','C0882'),
('O0240','T0112','F0005,F0032,F0015,F0016,F0023,F0033,F0016,','C0118'),
('O0241','T0243','F0016,F0030,F0009,F0031,','C0481'),
('O0242','T0270','F0039,F0003,F0025,F0011,','C0565'),
('O0243','T0198','F0038,F0033,F0034,F0009,F0024,F0015,','C0612'),
('O0244','T0080','F0024,F0003,','C0967'),
('O0245','T0018','F0015,F0007,F0009,F0009,F0013,F0010,','C0377'),
('O0246','T0188','F0018,F0010,F0034,F0008,','C0991'),
('O0247','T0053','F0008,F0024,F0021,F0027,F0023,','C0059'),
('O0248','T0020','F0034,F0020,F0033,F0036,','C0958'),
('O0249','T0107','F0032,F0030,F0011,F0020,F0008,','C0094'),
('O0250','T0296','F0032,F0019,F0023,F0007,F0014,','C0536'),
('O0251','T0160','F0026,F0022,F0013,F0028,F0015,F0019,F0008,F0039,','C0737'),
('O0252','T0151','F0002,F0006,F0033,F0027,','C0793'),
('O0253','T0227','F0009,F0028,F0015,','C0420'),
('O0254','T0070','F0040,F0032,F0029,F0017,F0028,F0023,','C0105'),
('O0255','T0129','F0024,F0005,F0015,F0025,F0015,','C0874'),
('O0256','T0022','F0016,F0033,F0035,F0015,F0033,F0036,F0040,','C0580'),
('O0257','T0298','F0026,F0033,','C0673'),
('O0258','T0213','F0001,F0037,','C0350'),
('O0259','T0061','F0018,F0023,F0008,','C0975'),
('O0260','T0024','F0040,F0001,','C0171'),
('O0261','T0242','F0029,F0015,','C0487'),
('O0262','T0028','F0014,F0038,F0029,F0038,','C0800'),
('O0263','T0118','F0030,F0010,F0040,F0012,F0018,F0017,F0017,F0023,','C0580'),
('O0264','T0031','F0014,F0013,F0011,F0003,F0030,','C0187'),
('O0265','T0166','F0015,F0040,F0027,F0023,','C0909'),
('O0266','T0033','F0009,F0021,F0035,','C0991'),
('O0267','T0244','F0003,F0034,F0028,F0031,','C0191'),
('O0268','T0279','F0021,F0021,','C0089'),
('O0269','T0141','F0037,F0025,F0028,F0010,F0035,F0026,F0032,F0006,','C0688'),
('O0270','T0106','F0012,F0008,F0024,','C0463'),
('O0271','T0093','F0031,F0034,F0028,F0038,F0011,F0039,','C0914'),
('O0272','T0190','F0037,F0034,F0026,F0010,F0029,','C0312'),
('O0273','T0265','F0026,F0028,F0003,F0038,F0035,','C0025'),
('O0274','T0268','F0031,F0016,F0015,F0016,F0016,F0032,F0029,F0038,','C0935'),
('O0275','T0218','F0019,F0015,F0030,F0020,F0009,F0029,F0019,','C0540'),
('O0276','T0180','F0024,F0003,F0023,F0037,F0023,','C0299'),
('O0277','T0227','F0028,F0019,F0003,F0032,F0010,','C0697'),
('O0278','T0046','F0022,F0022,','C0217'),
('O0279','T0128','F0004,F0036,F0010,F0014,F0040,F0031,F0020,F0020,','C0005'),
('O0280','T0218','F0001,F0013,F0006,F0014,F0008,F0016,F0036,','C0153'),
('O0281','T0243','F0034,F0004,F0008,F0033,F0019,','C0661'),
('O0282','T0279','F0025,F0027,F0034,F0010,F0012,F0027,F0028,F0006,','C0530'),
('O0283','T0150','F0017,F0012,F0037,F0037,','C0929'),
('O0284','T0079','F0032,F0019,F0004,F0006,F0020,F0016,','C0679'),
('O0285','T0193','F0040,F0006,F0017,F0002,F0030,F0037,F0013,F0013,','C0207'),
('O0286','T0166','F0016,F0028,','C0648'),
('O0287','T0144','F0022,F0001,','C0077'),
('O0288','T0010','F0027,F0026,F0037,','C0512'),
('O0289','T0179','F0011,F0002,F0008,F0010,F0020,F0038,F0017,','C0712'),
('O0290','T0238','F0003,F0019,F0016,F0017,','C0409'),
('O0291','T0053','F0008,F0013,F0027,F0028,F0012,F0005,','C0197'),
('O0292','T0287','F0027,F0032,F0035,F0003,F0040,F0020,F0001,','C0029'),
('O0293','T0270','F0033,F0002,F0020,F0006,F0020,','C0232'),
('O0294','T0063','F0026,F0040,F0029,F0036,','C0883'),
('O0295','T0133','F0032,F0012,','C0106'),
('O0296','T0175','F0005,F0028,F0034,F0018,','C0548'),
('O0297','T0104','F0036,F0028,F0018,','C0131'),
('O0298','T0167','F0007,F0004,F0029,F0009,','C0666'),
('O0299','T0279','F0039,F0034,F0015,F0039,F0020,F0025,F0010,F0009,','C0125'),
('O0300','T0060','F0018,F0031,F0023,','C0679'),
('O0301','T0168','F0018,F0014,F0007,F0037,F0020,F0023,F0029,F0007,','C0921'),
('O0302','T0249','F0012,F0009,F0030,F0017,F0029,F0006,F0028,F0016,','C0797'),
('O0303','T0026','F0015,F0018,F0002,F0014,F0007,F0017,','C0457'),
('O0304','T0070','F0036,F0038,F0006,F0011,','C0765'),
('O0305','T0037','F0005,F0010,F0013,F0009,F0035,F0010,','C0768'),
('O0306','T0029','F0026,F0020,F0023,','C0086'),
('O0307','T0067','F0017,F0030,F0030,','C0321'),
('O0308','T0293','F0004,F0008,F0012,F0035,F0035,F0034,','C0176'),
('O0309','T0199','F0003,F0036,','C0430'),
('O0310','T0155','F0029,F0011,F0030,','C0171'),
('O0311','T0068','F0017,F0029,F0011,F0029,F0040,','C0111'),
('O0312','T0230','F0026,F0024,F0013,F0002,F0009,F0026,F0010,F0021,','C0792'),
('O0313','T0089','F0018,F0005,F0018,F0036,','C0006'),
('O0314','T0212','F0021,F0007,F0024,F0026,','C0898'),
('O0315','T0145','F0028,F0025,F0036,F0021,F0027,F0036,F0014,','C0715'),
('O0316','T0061','F0015,F0003,F0037,F0022,F0026,F0006,F0025,F0025,','C0802'),
('O0317','T0140','F0021,F0003,F0018,F0027,F0005,F0020,F0032,','C0158'),
('O0318','T0159','F0012,F0007,F0035,','C0394'),
('O0319','T0043','F0030,F0024,F0023,F0021,F0018,F0028,F0021,','C0499'),
('O0320','T0193','F0029,F0015,F0019,F0019,F0026,','C0109'),
('O0321','T0092','F0027,F0028,F0037,F0023,F0026,','C0135'),
('O0322','T0287','F0011,F0032,','C0738'),
('O0323','T0133','F0024,F0030,F0006,','C0006'),
('O0324','T0285','F0014,F0039,F0026,','C0770'),
('O0325','T0191','F0017,F0009,F0021,','C0771'),
('O0326','T0076','F0022,F0021,','C0259'),
('O0327','T0193','F0014,F0006,F0022,','C0799'),
('O0328','T0252','F0033,F0023,F0007,F0005,F0018,F0035,F0037,','C0070'),
('O0329','T0113','F0007,F0031,F0001,F0036,F0017,','C0461'),
('O0330','T0018','F0004,F0022,F0037,F0008,F0038,','C0270'),
('O0331','T0173','F0004,F0030,F0007,F0002,F0036,F0021,F0020,','C0139'),
('O0332','T0066','F0020,F0031,','C0574'),
('O0333','T0280','F0024,F0027,','C0922'),
('O0334','T0214','F0025,F0001,F0010,F0030,F0036,','C0345'),
('O0335','T0193','F0018,F0018,','C0384'),
('O0336','T0184','F0002,F0007,F0014,F0032,F0025,F0034,F0003,F0040,','C0453'),
('O0337','T0175','F0034,F0013,F0002,F0035,F0023,F0014,','C0311'),
('O0338','T0082','F0010,F0028,F0034,F0010,F0012,F0007,F0014,','C0681'),
('O0339','T0103','F0013,F0028,F0010,','C0665'),
('O0340','T0019','F0004,F0036,F0040,F0017,F0040,F0027,F0040,','C0214'),
('O0341','T0198','F0036,F0037,F0007,F0022,','C0507'),
('O0342','T0189','F0004,F0011,F0006,F0021,F0038,F0029,','C0670'),
('O0343','T0269','F0003,F0017,','C0482'),
('O0344','T0262','F0013,F0017,F0028,F0036,','C0613'),
('O0345','T0011','F0016,F0025,','C0107'),
('O0346','T0170','F0016,F0003,','C0844'),
('O0347','T0165','F0036,F0018,F0038,F0031,F0037,','C0644'),
('O0348','T0090','F0016,F0038,F0024,F0014,F0026,F0026,F0013,','C0406'),
('O0349','T0055','F0036,F0013,F0032,F0035,F0008,F0022,F0006,F0004,','C0294'),
('O0350','T0156','F0022,F0027,F0012,F0028,F0038,F0006,','C0622'),
('O0351','T0283','F0032,F0036,F0035,F0008,','C0124'),
('O0352','T0010','F0036,F0007,','C0067'),
('O0353','T0088','F0015,F0003,F0036,','C0789'),
('O0354','T0207','F0012,F0030,F0031,','C0400'),
('O0355','T0199','F0040,F0008,F0039,F0037,F0014,','C0441'),
('O0356','T0117','F0027,F0018,F0037,F0039,F0012,F0026,F0037,','C0340'),
('O0357','T0032','F0021,F0007,F0017,F0015,F0023,F0008,','C0653'),
('O0358','T0196','F0030,F0029,F0033,F0025,F0013,F0021,F0025,F0023,','C0157'),
('O0359','T0048','F0008,F0032,F0026,F0004,F0034,F0001,','C0507'),
('O0360','T0176','F0013,F0011,F0009,F0020,F0025,','C0655'),
('O0361','T0117','F0013,F0017,F0035,F0028,F0035,F0033,F0030,F0035,','C0419'),
('O0362','T0288','F0016,F0036,F0037,F0028,F0025,F0008,F0022,','C0642'),
('O0363','T0158','F0001,F0032,F0005,F0001,F0023,F0019,F0016,','C0040'),
('O0364','T0246','F0002,F0003,F0035,F0038,','C0801'),
('O0365','T0259','F0038,F0015,F0028,F0012,F0011,F0009,F0031,','C0242'),
('O0366','T0069','F0037,F0013,F0017,F0003,F0008,F0018,F0027,','C0815'),
('O0367','T0164','F0035,F0031,','C0310'),
('O0368','T0099','F0016,F0012,F0027,F0034,F0029,F0023,','C0690'),
('O0369','T0043','F0030,F0005,F0009,F0034,F0011,F0038,F0032,','C0428'),
('O0370','T0266','F0037,F0025,','C0535'),
('O0371','T0029','F0040,F0028,F0025,F0002,F0016,F0004,','C0322'),
('O0372','T0150','F0007,F0027,F0037,F0020,F0033,F0026,F0033,F0014,','C0381'),
('O0373','T0176','F0021,F0037,F0037,F0038,F0024,F0028,F0039,','C0195'),
('O0374','T0001','F0019,F0037,','C0926'),
('O0375','T0206','F0007,F0019,','C0457'),
('O0376','T0275','F0020,F0026,F0037,F0014,','C0890'),
('O0377','T0210','F0035,F0029,F0003,','C0901'),
('O0378','T0006','F0008,F0005,F0010,F0010,','C0314'),
('O0379','T0181','F0027,F0019,F0019,','C0174'),
('O0380','T0084','F0039,F0029,F0013,','C0186'),
('O0381','T0261','F0038,F0037,F0016,F0027,F0035,','C0200'),
('O0382','T0012','F0019,F0017,F0030,F0040,F0023,F0032,','C0407'),
('O0383','T0071','F0025,F0034,F0024,F0022,F0026,F0017,F0031,','C0487'),
('O0384','T0174','F0008,F0034,F0003,','C0836'),
('O0385','T0261','F0010,F0010,F0023,F0036,','C0629'),
('O0386','T0257','F0030,F0013,F0030,','C0065'),
('O0387','T0299','F0009,F0035,F0023,F0006,F0037,F0001,F0002,F0027,','C0326'),
('O0388','T0265','F0024,F0023,F0017,F0013,F0016,','C0736'),
('O0389','T0181','F0002,F0029,F0022,F0019,F0026,','C0983'),
('O0390','T0067','F0003,F0033,F0039,F0011,F0037,F0012,','C0845'),
('O0391','T0283','F0030,F0019,F0031,F0023,F0025,F0004,','C0177'),
('O0392','T0181','F0019,F0035,F0012,F0026,','C0368'),
('O0393','T0063','F0038,F0017,F0031,F0038,F0015,F0005,F0017,F0022,','C0446'),
('O0394','T0021','F0012,F0013,F0029,','C0611'),
('O0395','T0053','F0026,F0027,F0019,','C0700'),
('O0396','T0109','F0036,F0007,F0004,F0013,F0015,F0036,','C0150'),
('O0397','T0107','F0031,F0019,','C0692'),
('O0398','T0021','F0033,F0024,F0039,F0005,','C0487'),
('O0399','T0199','F0005,F0013,F0005,','C0187'),
('O0400','T0131','F0021,F0025,F0028,F0034,F0035,F0026,F0035,','C0079'),
('O0401','T0224','F0012,F0016,F0027,F0010,F0022,F0034,F0032,F0006,','C0860'),
('O0402','T0249','F0001,F0008,F0001,','C0072'),
('O0403','T0033','F0004,F0025,','C0688'),
('O0404','T0027','F0023,F0026,F0014,','C0054'),
('O0405','T0242','F0005,F0019,','C0585'),
('O0406','T0072','F0014,F0038,F0010,','C0573'),
('O0407','T0230','F0039,F0040,F0012,F0003,F0017,F0006,F0038,F0024,','C0329'),
('O0408','T0142','F0036,F0027,F0012,F0021,F0031,F0020,','C0219'),
('O0409','T0271','F0012,F0026,F0007,F0002,F0027,F0025,F0032,','C0992'),
('O0410','T0298','F0027,F0032,F0033,F0035,','C0731'),
('O0411','T0107','F0030,F0016,F0007,F0012,F0025,F0008,F0033,F0039,','C0542'),
('O0412','T0011','F0039,F0004,F0011,F0039,F0036,F0017,F0020,','C0263'),
('O0413','T0256','F0029,F0038,','C0310'),
('O0414','T0217','F0031,F0004,F0002,F0039,F0030,','C0085'),
('O0415','T0276','F0010,F0029,F0011,F0011,F0006,F0036,','C0837'),
('O0416','T0032','F0036,F0030,F0026,F0037,F0026,F0020,F0033,','C0393'),
('O0417','T0254','F0006,F0023,F0019,F0016,F0029,F0019,F0020,F0005,','C0324'),
('O0418','T0249','F0020,F0026,F0014,F0014,F0005,F0037,F0008,F0027,','C0149'),
('O0419','T0086','F0005,F0010,F0040,F0034,F0028,F0015,F0036,F0026,','C0822'),
('O0420','T0124','F0004,F0005,F0013,','C0517'),
('O0421','T0159','F0028,F0023,','C0407'),
('O0422','T0156','F0038,F0038,F0003,F0012,','C0296'),
('O0423','T0152','F0035,F0020,F0036,F0003,F0003,F0022,F0035,F0022,','C0569'),
('O0424','T0134','F0001,F0039,F0039,F0028,F0021,F0029,','C0866'),
('O0425','T0214','F0003,F0015,F0011,F0008,F0023,F0002,F0039,F0029,','C0958'),
('O0426','T0062','F0017,F0016,','C0070'),
('O0427','T0011','F0040,F0015,F0027,F0002,F0026,','C0797'),
('O0428','T0241','F0001,F0011,F0016,F0002,F0007,F0014,F0011,F0039,','C0235'),
('O0429','T0021','F0035,F0005,F0036,F0038,F0036,F0030,','C0783'),
('O0430','T0067','F0035,F0011,F0005,','C0337'),
('O0431','T0227','F0036,F0018,F0023,','C0389'),
('O0432','T0208','F0012,F0020,F0020,F0004,F0024,F0004,','C0868'),
('O0433','T0255','F0019,F0011,F0026,','C0257'),
('O0434','T0185','F0031,F0040,F0009,F0029,F0035,F0016,','C0917'),
('O0435','T0252','F0015,F0008,F0009,F0028,','C0664'),
('O0436','T0174','F0001,F0005,','C0263'),
('O0437','T0158','F0014,F0003,F0022,F0005,F0010,F0038,F0015,','C0221'),
('O0438','T0300','F0011,F0027,F0039,F0037,F0012,F0034,','C0313'),
('O0439','T0265','F0011,F0013,F0018,F0024,F0023,','C0419'),
('O0440','T0220','F0003,F0011,F0028,F0001,F0028,','C0194'),
('O0441','T0257','F0033,F0038,F0006,','C0635'),
('O0442','T0202','F0017,F0026,F0004,','C0772'),
('O0443','T0085','F0003,F0011,F0032,F0030,F0039,F0009,F0019,F0025,','C0404'),
('O0444','T0170','F0003,F0025,','C0199'),
('O0445','T0160','F0034,F0002,','C0925'),
('O0446','T0283','F0016,F0002,','C0341'),
('O0447','T0052','F0003,F0007,','C0349'),
('O0448','T0166','F0026,F0034,F0016,','C0283'),
('O0449','T0046','F0009,F0029,F0033,F0017,F0013,F0017,F0013,','C0612'),
('O0450','T0219','F0016,F0019,','C0965'),
('O0451','T0205','F0032,F0028,F0030,F0003,F0029,F0032,','C0311'),
('O0452','T0015','F0029,F0014,F0016,F0003,F0004,F0036,F0016,F0013,','C0788'),
('O0453','T0274','F0020,F0021,F0015,F0025,','C0029'),
('O0454','T0180','F0036,F0012,F0014,F0010,F0023,F0015,F0030,F0013,','C0120'),
('O0455','T0248','F0031,F0002,','C0531'),
('O0456','T0132','F0015,F0028,','C0649'),
('O0457','T0254','F0036,F0012,F0029,','C0415'),
('O0458','T0085','F0012,F0027,F0037,F0026,F0009,F0014,','C0812'),
('O0459','T0268','F0021,F0007,F0040,','C0812'),
('O0460','T0269','F0024,F0023,','C0897'),
('O0461','T0148','F0032,F0026,F0016,F0034,F0032,','C0972'),
('O0462','T0095','F0010,F0020,F0040,F0015,F0012,F0006,F0034,F0035,','C0280'),
('O0463','T0231','F0028,F0011,F0003,F0004,F0006,F0031,F0020,F0006,','C0146'),
('O0464','T0097','F0032,F0014,','C0188'),
('O0465','T0068','F0017,F0035,F0013,F0032,F0010,F0028,F0029,','C0525'),
('O0466','T0184','F0033,F0009,F0026,F0002,F0030,F0037,F0017,','C0954'),
('O0467','T0071','F0015,F0021,F0032,F0001,F0009,','C0474'),
('O0468','T0216','F0035,F0001,F0025,F0015,','C0159'),
('O0469','T0064','F0024,F0032,F0018,F0026,','C0364'),
('O0470','T0072','F0027,F0011,F0010,F0036,F0015,','C0904'),
('O0471','T0141','F0018,F0039,F0037,F0038,F0040,','C0508'),
('O0472','T0264','F0035,F0039,F0018,','C0767'),
('O0473','T0290','F0029,F0022,','C0553'),
('O0474','T0024','F0014,F0025,F0005,F0005,F0009,F0022,F0018,','C0914'),
('O0475','T0077','F0035,F0008,F0007,','C0985'),
('O0476','T0035','F0011,F0009,F0023,F0031,F0035,F0005,F0001,','C0753'),
('O0477','T0075','F0031,F0032,F0017,F0003,F0030,F0023,','C0193'),
('O0478','T0097','F0015,F0035,F0010,F0005,','C0557'),
('O0479','T0149','F0019,F0016,F0021,F0016,','C0456'),
('O0480','T0171','F0015,F0038,F0009,F0017,F0024,F0021,F0011,F0039,','C0839'),
('O0481','T0114','F0029,F0039,F0011,F0024,F0011,','C0019'),
('O0482','T0100','F0017,F0024,F0010,F0036,F0001,','C0383'),
('O0483','T0071','F0004,F0033,F0024,F0038,F0035,F0007,F0008,F0034,','C0862'),
('O0484','T0047','F0022,F0027,F0025,F0022,F0036,F0037,F0023,','C0920'),
('O0485','T0061','F0011,F0004,F0022,F0004,F0039,F0020,F0015,','C0093'),
('O0486','T0096','F0023,F0021,F0019,F0003,','C0561'),
('O0487','T0210','F0012,F0009,F0034,F0028,F0023,','C0017'),
('O0488','T0111','F0013,F0031,F0002,F0009,','C0049'),
('O0489','T0138','F0028,F0033,F0007,F0036,','C0906'),
('O0490','T0117','F0040,F0026,F0002,F0021,F0032,F0023,F0040,','C0971'),
('O0491','T0012','F0001,F0025,F0007,','C0738'),
('O0492','T0199','F0007,F0020,F0030,F0035,F0026,F0029,F0039,F0040,','C0026'),
('O0493','T0266','F0035,F0030,F0008,F0012,F0022,F0021,','C0209'),
('O0494','T0240','F0009,F0031,F0013,F0011,F0017,F0020,','C0519'),
('O0495','T0237','F0016,F0016,F0024,F0009,','C0507'),
('O0496','T0287','F0004,F0033,F0033,F0034,','C0904'),
('O0497','T0240','F0015,F0037,F0010,F0014,F0030,F0004,F0027,F0026,','C0183'),
('O0498','T0002','F0010,F0031,F0022,F0002,','C0928'),
('O0499','T0067','F0011,F0014,F0038,F0021,F0017,F0032,F0016,F0013,','C0683'),
('O0500','T0206','F0007,F0037,F0016,F0008,F0019,F0005,F0024,','C0250'),
('O0501','T0284','F0003,F0004,F0033,F0013,F0026,','C0274'),
('O0502','T0185','F0035,F0007,','C0804'),
('O0503','T0089','F0020,F0011,F0037,','C0191'),
('O0504','T0228','F0011,F0036,','C0346'),
('O0505','T0287','F0023,F0008,F0009,F0023,F0012,F0029,F0037,F0035,','C0583'),
('O0506','T0258','F0031,F0040,F0011,F0028,F0039,F0015,F0030,','C0288'),
('O0507','T0068','F0027,F0013,F0015,F0007,F0015,F0027,','C0361'),
('O0508','T0110','F0030,F0008,F0031,','C0678'),
('O0509','T0163','F0031,F0039,F0003,F0031,','C0630'),
('O0510','T0094','F0026,F0001,F0031,F0011,F0004,F0002,','C0224'),
('O0511','T0074','F0040,F0018,F0004,F0027,F0014,F0021,F0005,','C0934'),
('O0512','T0199','F0016,F0031,F0034,','C0123'),
('O0513','T0240','F0008,F0027,F0039,F0003,F0029,F0029,F0015,F0035,','C0116'),
('O0514','T0074','F0012,F0020,F0003,F0008,F0024,F0017,F0014,F0023,','C0747'),
('O0515','T0032','F0025,F0005,F0037,F0014,F0016,F0006,F0018,F0032,','C0208'),
('O0516','T0117','F0030,F0010,F0031,F0009,F0025,F0034,F0028,','C0729'),
('O0517','T0136','F0040,F0033,F0024,F0004,F0009,','C0589'),
('O0518','T0238','F0019,F0028,F0030,','C0438'),
('O0519','T0179','F0036,F0035,F0033,F0032,F0012,F0007,F0010,','C0510'),
('O0520','T0224','F0011,F0039,','C0693'),
('O0521','T0068','F0039,F0025,','C0866'),
('O0522','T0284','F0024,F0039,F0038,F0007,','C0148'),
('O0523','T0001','F0031,F0029,F0035,F0019,','C0889'),
('O0524','T0220','F0023,F0022,F0008,F0013,F0020,F0034,F0005,F0025,','C0753'),
('O0525','T0132','F0037,F0010,F0020,F0035,F0017,F0018,F0030,F0034,','C0064'),
('O0526','T0075','F0035,F0029,F0004,F0016,F0027,F0037,F0026,','C0600'),
('O0527','T0081','F0038,F0015,F0023,F0040,F0016,F0020,','C0993'),
('O0528','T0114','F0002,F0020,F0027,F0024,F0009,F0022,','C0229'),
('O0529','T0030','F0016,F0009,','C0029'),
('O0530','T0129','F0032,F0040,F0006,','C0034'),
('O0531','T0170','F0040,F0024,F0005,','C0657'),
('O0532','T0024','F0003,F0038,','C0798'),
('O0533','T0060','F0008,F0001,F0034,F0025,F0021,F0023,F0024,F0030,','C0568'),
('O0534','T0131','F0016,F0022,F0027,F0035,F0008,','C0754'),
('O0535','T0022','F0018,F0030,F0034,F0019,F0027,F0006,','C0769'),
('O0536','T0095','F0026,F0014,F0027,F0027,F0009,F0030,F0038,','C0128'),
('O0537','T0176','F0006,F0004,F0017,F0008,F0007,F0019,F0012,','C0847'),
('O0538','T0204','F0038,F0004,F0035,F0015,','C0561'),
('O0539','T0233','F0034,F0006,F0003,','C0244'),
('O0540','T0290','F0022,F0005,F0002,F0023,F0037,F0009,F0011,F0029,','C0950'),
('O0541','T0191','F0037,F0032,F0011,F0016,F0034,','C0289'),
('O0542','T0093','F0040,F0037,F0004,F0028,F0008,','C0034'),
('O0543','T0144','F0027,F0017,F0029,F0005,F0020,F0004,F0035,','C0411'),
('O0544','T0220','F0012,F0040,F0023,F0027,F0038,','C0467'),
('O0545','T0275','F0027,F0009,','C0166'),
('O0546','T0265','F0034,F0037,F0031,F0007,F0013,','C0987'),
('O0547','T0197','F0034,F0015,F0020,F0037,F0008,F0016,F0010,F0007,','C0999'),
('O0548','T0075','F0028,F0017,F0023,F0004,F0020,F0032,','C0727'),
('O0549','T0172','F0014,F0020,F0005,F0022,','C0976'),
('O0550','T0074','F0019,F0001,F0032,F0004,F0031,F0029,F0013,','C0772'),
('O0551','T0074','F0026,F0024,F0039,F0031,','C0197'),
('O0552','T0098','F0039,F0009,F0039,F0029,F0040,F0006,F0013,F0031,','C0953'),
('O0553','T0180','F0011,F0037,F0027,','C0907'),
('O0554','T0122','F0004,F0032,F0018,F0029,','C0580'),
('O0555','T0255','F0039,F0014,F0012,F0009,F0002,F0012,','C0677'),
('O0556','T0104','F0028,F0034,F0015,F0004,','C0210'),
('O0557','T0277','F0004,F0022,F0010,F0001,F0018,','C0544'),
('O0558','T0001','F0039,F0005,F0025,','C0269'),
('O0559','T0139','F0032,F0022,F0001,F0028,F0012,F0002,F0038,F0031,','C0176'),
('O0560','T0228','F0022,F0008,F0013,','C0871'),
('O0561','T0262','F0018,F0022,F0031,F0026,F0019,F0034,F0005,F0024,','C0089'),
('O0562','T0058','F0016,F0034,F0035,F0011,F0038,F0030,F0002,F0009,','C0261'),
('O0563','T0276','F0007,F0010,F0016,','C0931'),
('O0564','T0256','F0031,F0028,F0001,F0024,','C0558'),
('O0565','T0074','F0008,F0007,F0011,','C0396'),
('O0566','T0130','F0007,F0029,F0022,F0033,F0033,F0036,','C0156'),
('O0567','T0137','F0036,F0028,F0015,F0008,F0039,','C0743'),
('O0568','T0199','F0017,F0022,F0029,F0007,F0025,F0011,F0015,F0003,','C0591'),
('O0569','T0134','F0013,F0002,F0001,F0007,F0038,','C0857'),
('O0570','T0207','F0021,F0017,F0034,','C0226'),
('O0571','T0149','F0006,F0009,','C0101'),
('O0572','T0148','F0016,F0026,F0018,F0029,F0023,','C0766'),
('O0573','T0275','F0030,F0014,F0040,F0035,F0032,','C0052'),
('O0574','T0209','F0021,F0016,F0033,F0012,F0021,F0017,F0030,F0011,','C0478'),
('O0575','T0240','F0023,F0007,F0038,F0029,F0022,','C0434'),
('O0576','T0019','F0021,F0039,F0039,F0008,F0022,F0003,','C0200'),
('O0577','T0098','F0027,F0038,F0020,F0026,F0033,F0032,','C0599'),
('O0578','T0160','F0016,F0011,F0033,F0037,F0014,F0031,F0002,F0010,','C0019'),
('O0579','T0058','F0030,F0018,F0026,','C0624'),
('O0580','T0154','F0011,F0024,F0008,F0036,F0022,F0018,','C0004'),
('O0581','T0073','F0001,F0032,F0011,F0014,F0007,F0028,','C0547'),
('O0582','T0063','F0008,F0005,','C0932'),
('O0583','T0264','F0039,F0022,F0023,F0010,F0002,','C0636'),
('O0584','T0254','F0009,F0020,F0026,F0019,F0003,','C0697'),
('O0585','T0072','F0028,F0012,','C0201'),
('O0586','T0161','F0027,F0036,F0018,F0007,F0006,','C0881'),
('O0587','T0057','F0040,F0037,F0036,F0014,F0032,F0026,','C0214'),
('O0588','T0208','F0033,F0008,F0030,F0014,F0006,','C0990'),
('O0589','T0078','F0039,F0004,F0022,F0011,','C0858'),
('O0590','T0256','F0010,F0023,','C0453'),
('O0591','T0072','F0003,F0018,F0002,F0002,F0039,F0026,F0037,F0026,','C0693'),
('O0592','T0222','F0030,F0038,F0014,F0032,F0024,F0008,F0019,F0017,','C0890'),
('O0593','T0018','F0027,F0012,F0008,F0017,F0031,','C0610'),
('O0594','T0153','F0021,F0007,F0016,F0010,F0023,F0018,F0005,','C0812'),
('O0595','T0109','F0035,F0004,F0038,F0007,F0025,','C0948'),
('O0596','T0300','F0024,F0019,','C0279'),
('O0597','T0230','F0018,F0003,F0037,F0013,F0019,F0008,F0028,F0018,','C0663'),
('O0598','T0286','F0037,F0010,F0039,F0020,F0037,F0027,F0027,','C0321'),
('O0599','T0077','F0023,F0037,F0014,F0038,','C0875'),
('O0600','T0171','F0009,F0031,F0021,F0010,','C0250'),
('O0601','T0066','F0020,F0029,F0031,F0005,F0008,','C0256'),
('O0602','T0060','F0026,F0017,','C0227'),
('O0603','T0096','F0031,F0005,','C0738'),
('O0604','T0018','F0035,F0037,','C0651'),
('O0605','T0078','F0014,F0018,F0030,F0037,','C0740'),
('O0606','T0036','F0006,F0038,','C0218'),
('O0607','T0030','F0031,F0016,F0020,F0032,F0014,F0033,F0006,','C0578'),
('O0608','T0074','F0027,F0031,F0009,','C0099'),
('O0609','T0058','F0017,F0029,F0033,F0028,F0032,F0014,F0010,','C0253'),
('O0610','T0076','F0009,F0031,F0021,F0038,F0033,F0003,F0002,F0039,','C0471'),
('O0611','T0057','F0013,F0005,F0031,F0010,F0030,F0015,','C0189'),
('O0612','T0105','F0019,F0027,F0039,F0034,F0029,F0017,F0006,','C0488'),
('O0613','T0120','F0021,F0036,F0005,F0034,F0040,F0018,F0005,','C0855'),
('O0614','T0275','F0019,F0008,F0016,','C0013'),
('O0615','T0169','F0026,F0008,F0023,F0032,F0013,F0006,F0025,F0003,','C0254'),
('O0616','T0242','F0013,F0012,F0014,F0014,F0020,F0004,F0004,F0016,','C0666'),
('O0617','T0244','F0032,F0006,F0020,F0036,F0001,F0037,','C0420'),
('O0618','T0059','F0001,F0025,F0032,F0016,F0015,F0015,F0026,','C0164'),
('O0619','T0121','F0015,F0022,F0034,F0023,F0037,','C0177'),
('O0620','T0237','F0014,F0031,F0039,F0008,F0029,F0012,F0010,','C0707'),
('O0621','T0203','F0032,F0014,F0014,F0034,F0018,','C0320'),
('O0622','T0129','F0032,F0014,F0027,F0016,','C0729'),
('O0623','T0150','F0028,F0007,F0027,','C0738'),
('O0624','T0187','F0026,F0039,F0005,F0031,F0040,F0018,F0021,F0012,','C0396'),
('O0625','T0062','F0038,F0015,F0006,F0027,','C0314'),
('O0626','T0119','F0035,F0022,F0015,F0031,F0031,F0012,F0023,','C0332'),
('O0627','T0266','F0024,F0002,F0001,F0028,F0017,F0030,F0032,','C0478'),
('O0628','T0236','F0031,F0021,F0024,','C0726'),
('O0629','T0132','F0028,F0008,','C0292'),
('O0630','T0240','F0010,F0036,F0015,F0038,F0007,F0023,F0015,F0032,','C0992'),
('O0631','T0057','F0039,F0027,','C0367'),
('O0632','T0137','F0027,F0035,F0006,F0034,F0011,F0011,F0034,F0040,','C0037'),
('O0633','T0078','F0002,F0007,F0027,F0040,F0002,','C0850'),
('O0634','T0065','F0001,F0037,','C0862'),
('O0635','T0186','F0007,F0031,F0017,F0004,','C0120'),
('O0636','T0136','F0002,F0005,F0012,F0025,F0010,F0003,F0030,','C0516'),
('O0637','T0296','F0002,F0020,F0021,','C0658'),
('O0638','T0027','F0028,F0002,F0027,F0027,F0026,','C0901'),
('O0639','T0148','F0010,F0032,F0029,F0028,','C0489'),
('O0640','T0278','F0001,F0021,F0006,F0016,F0014,F0011,F0022,F0020,','C0133'),
('O0641','T0294','F0028,F0023,F0003,F0002,','C0399'),
('O0642','T0234','F0031,F0033,F0036,','C0909'),
('O0643','T0002','F0009,F0022,F0009,F0008,F0006,F0024,','C0388'),
('O0644','T0263','F0023,F0019,F0023,','C0369'),
('O0645','T0020','F0025,F0006,F0024,F0011,F0002,','C0781'),
('O0646','T0123','F0033,F0017,','C0124'),
('O0647','T0034','F0003,F0028,F0015,F0002,F0038,F0013,F0022,','C0608'),
('O0648','T0093','F0037,F0007,F0033,F0029,F0029,F0015,','C0144'),
('O0649','T0060','F0013,F0005,F0024,F0028,F0028,F0021,F0020,','C0296'),
('O0650','T0061','F0011,F0011,F0036,F0020,F0008,F0019,','C0676'),
('O0651','T0196','F0008,F0002,F0035,F0029,F0038,F0008,','C0889'),
('O0652','T0031','F0021,F0008,F0003,F0014,F0037,','C0342'),
('O0653','T0030','F0019,F0009,F0009,','C0302'),
('O0654','T0071','F0005,F0032,F0022,F0006,F0014,F0036,','C0321'),
('O0655','T0058','F0007,F0018,F0031,','C0365'),
('O0656','T0104','F0021,F0005,F0027,F0002,F0025,F0002,F0030,','C0726'),
('O0657','T0066','F0039,F0032,F0030,F0037,F0008,F0034,','C0904'),
('O0658','T0258','F0026,F0020,F0035,','C0413'),
('O0659','T0263','F0015,F0033,F0037,F0030,F0026,F0001,','C0992'),
('O0660','T0041','F0025,F0023,F0017,F0039,F0025,F0018,F0040,F0010,','C0959'),
('O0661','T0263','F0005,F0024,F0036,','C0975'),
('O0662','T0271','F0023,F0009,F0030,F0008,F0027,','C0980'),
('O0663','T0095','F0010,F0016,F0010,F0016,F0020,F0021,F0028,F0013,','C0424'),
('O0664','T0174','F0004,F0015,F0006,F0027,F0008,F0024,','C0079'),
('O0665','T0256','F0002,F0009,F0032,F0004,F0034,','C0593'),
('O0666','T0075','F0001,F0026,F0018,','C0274'),
('O0667','T0180','F0029,F0011,F0001,F0031,F0027,','C0711'),
('O0668','T0215','F0037,F0001,F0002,F0006,F0015,','C0505'),
('O0669','T0238','F0017,F0009,F0039,F0019,F0012,F0040,F0022,','C0175'),
('O0670','T0139','F0013,F0018,F0019,F0035,F0033,','C0861'),
('O0671','T0187','F0024,F0028,F0025,F0023,F0017,','C0688'),
('O0672','T0272','F0030,F0018,F0039,F0017,F0006,F0003,F0036,','C0432'),
('O0673','T0067','F0013,F0033,F0023,F0017,F0002,','C0488'),
('O0674','T0271','F0022,F0005,','C0328'),
('O0675','T0055','F0038,F0014,F0010,F0012,F0022,','C0909'),
('O0676','T0298','F0035,F0030,F0008,F0033,F0003,F0014,F0017,F0030,','C0480'),
('O0677','T0037','F0015,F0036,F0013,F0001,F0011,F0022,F0021,','C0648'),
('O0678','T0059','F0001,F0015,F0030,F0004,F0011,F0035,F0015,F0005,','C0963'),
('O0679','T0092','F0031,F0002,F0024,F0017,F0020,F0033,','C0888'),
('O0680','T0235','F0010,F0039,F0029,F0033,F0018,F0031,F0030,F0015,','C0900'),
('O0681','T0139','F0022,F0027,F0034,F0019,F0023,F0032,','C0013'),
('O0682','T0262','F0016,F0029,F0003,F0039,F0013,F0029,','C0321'),
('O0683','T0069','F0032,F0014,F0027,F0006,F0016,F0003,','C0678'),
('O0684','T0023','F0018,F0016,F0017,F0038,','C0056'),
('O0685','T0038','F0031,F0015,','C0093'),
('O0686','T0015','F0030,F0022,','C0977'),
('O0687','T0137','F0002,F0004,F0016,F0013,F0040,F0040,F0037,F0019,','C0551'),
('O0688','T0071','F0033,F0004,F0015,F0039,F0012,','C0714'),
('O0689','T0138','F0022,F0031,','C0038'),
('O0690','T0158','F0022,F0010,F0013,F0005,F0006,','C0281'),
('O0691','T0108','F0036,F0013,F0025,F0005,F0036,','C0609'),
('O0692','T0155','F0007,F0038,F0007,F0009,','C0540'),
('O0693','T0019','F0002,F0012,F0016,F0027,','C0601'),
('O0694','T0183','F0026,F0029,F0012,F0038,F0019,F0031,','C0290'),
('O0695','T0050','F0026,F0026,F0033,F0034,F0039,F0026,','C0391'),
('O0696','T0052','F0011,F0008,F0025,F0032,F0014,','C0460'),
('O0697','T0246','F0027,F0016,F0023,F0034,F0029,F0037,F0009,','C0980'),
('O0698','T0038','F0011,F0036,F0032,F0036,F0024,','C0808'),
('O0699','T0281','F0035,F0002,F0018,F0008,','C0643'),
('O0700','T0043','F0002,F0026,','C0350'),
('O0701','T0137','F0001,F0036,F0037,','C0513'),
('O0702','T0040','F0035,F0039,F0024,F0040,F0014,F0022,F0026,','C0273'),
('O0703','T0272','F0029,F0023,F0002,F0020,F0012,F0011,F0021,F0006,','C0321'),
('O0704','T0081','F0009,F0016,F0029,F0031,','C0674'),
('O0705','T0071','F0009,F0017,F0031,F0036,F0014,F0030,F0006,F0013,','C0022'),
('O0706','T0277','F0003,F0027,F0030,F0004,','C0805'),
('O0707','T0293','F0025,F0009,F0026,F0026,F0025,F0018,','C0106'),
('O0708','T0215','F0004,F0007,F0022,F0006,F0031,F0003,F0009,','C0207'),
('O0709','T0263','F0028,F0006,','C0894'),
('O0710','T0246','F0010,F0039,F0020,','C0810'),
('O0711','T0067','F0021,F0034,F0040,F0001,F0002,F0031,F0039,F0025,','C0962'),
('O0712','T0103','F0036,F0030,F0004,F0022,F0018,','C0017'),
('O0713','T0228','F0007,F0013,F0003,F0016,F0009,F0037,','C0334'),
('O0714','T0016','F0006,F0018,F0026,F0001,F0024,F0018,','C0469'),
('O0715','T0125','F0018,F0020,F0032,F0017,F0011,','C0029'),
('O0716','T0225','F0022,F0027,F0032,F0038,F0015,F0011,F0027,','C0381'),
('O0717','T0107','F0005,F0029,F0009,F0014,','C0066'),
('O0718','T0012','F0004,F0034,F0003,F0035,F0018,','C0588'),
('O0719','T0271','F0033,F0008,F0036,F0005,F0032,F0002,F0013,F0004,','C0153'),
('O0720','T0201','F0004,F0026,','C0720'),
('O0721','T0022','F0018,F0022,F0024,','C0689'),
('O0722','T0182','F0019,F0032,F0006,F0020,F0027,F0012,','C0236'),
('O0723','T0028','F0020,F0037,F0025,F0005,F0022,F0020,','C0685'),
('O0724','T0082','F0022,F0033,F0023,F0016,','C0370'),
('O0725','T0053','F0021,F0031,F0014,','C0847'),
('O0726','T0279','F0008,F0035,F0001,F0038,F0024,F0006,F0013,','C0250'),
('O0727','T0278','F0015,F0010,F0025,F0027,F0032,','C0045'),
('O0728','T0016','F0015,F0003,F0010,F0003,F0035,F0030,','C0812'),
('O0729','T0039','F0003,F0009,F0015,F0033,','C0923'),
('O0730','T0257','F0011,F0013,F0012,','C0656'),
('O0731','T0027','F0015,F0005,F0002,F0027,F0024,F0010,F0009,F0039,','C0871'),
('O0732','T0246','F0027,F0025,F0037,','C0152'),
('O0733','T0261','F0023,F0027,F0019,F0037,F0040,F0007,','C0141'),
('O0734','T0281','F0022,F0002,','C0250'),
('O0735','T0238','F0009,F0001,F0034,F0032,F0011,F0027,','C0297'),
('O0736','T0141','F0032,F0020,F0030,F0015,F0011,F0032,','C0916'),
('O0737','T0083','F0002,F0021,F0031,F0020,F0032,F0028,F0036,','C0182'),
('O0738','T0154','F0017,F0002,F0015,F0027,F0020,F0033,','C0909'),
('O0739','T0255','F0038,F0008,F0023,F0036,','C0438'),
('O0740','T0267','F0034,F0033,','C0868'),
('O0741','T0090','F0012,F0022,F0038,F0020,','C0996'),
('O0742','T0037','F0024,F0038,F0019,F0007,F0015,F0003,F0019,F0036,','C0209'),
('O0743','T0270','F0002,F0015,F0014,F0030,','C0114'),
('O0744','T0288','F0029,F0013,F0017,F0008,F0009,F0016,F0034,F0010,','C0767'),
('O0745','T0195','F0016,F0001,','C0564'),
('O0746','T0224','F0007,F0034,F0016,F0024,F0005,F0011,','C0086'),
('O0747','T0167','F0038,F0015,F0009,','C0880'),
('O0748','T0220','F0002,F0005,F0026,F0002,','C0372'),
('O0749','T0295','F0009,F0007,F0024,F0040,','C0843'),
('O0750','T0190','F0014,F0014,F0019,','C0445'),
('O0751','T0150','F0008,F0017,F0032,F0002,F0012,F0002,F0021,F0034,','C0674'),
('O0752','T0286','F0040,F0008,F0029,F0025,F0008,','C0061'),
('O0753','T0117','F0024,F0026,F0020,F0024,F0005,F0011,','C0137'),
('O0754','T0141','F0040,F0030,F0022,F0007,F0040,F0029,F0004,F0032,','C0055'),
('O0755','T0041','F0021,F0036,F0025,F0028,F0010,F0032,','C0114'),
('O0756','T0147','F0002,F0005,F0018,','C0956'),
('O0757','T0209','F0034,F0010,F0026,F0030,F0034,F0026,F0034,F0026,','C0336'),
('O0758','T0198','F0038,F0039,F0009,F0031,','C0535'),
('O0759','T0240','F0017,F0024,F0013,','C0165'),
('O0760','T0111','F0012,F0025,F0028,','C0399'),
('O0761','T0103','F0038,F0039,F0027,F0036,','C0805'),
('O0762','T0025','F0003,F0039,','C0944'),
('O0763','T0182','F0009,F0004,F0029,F0029,','C0027'),
('O0764','T0299','F0016,F0010,F0037,F0011,F0001,F0032,F0026,','C0812'),
('O0765','T0166','F0011,F0011,F0024,F0001,','C0886'),
('O0766','T0274','F0013,F0033,F0017,F0033,F0009,','C0057'),
('O0767','T0252','F0032,F0014,F0004,F0011,F0015,F0012,F0039,F0013,','C0625'),
('O0768','T0007','F0003,F0015,F0034,F0005,F0027,F0008,F0006,F0024,','C0872'),
('O0769','T0224','F0005,F0002,F0016,F0025,F0020,F0018,','C0342'),
('O0770','T0159','F0024,F0030,F0026,F0016,','C0545'),
('O0771','T0250','F0022,F0021,F0020,F0036,','C0143'),
('O0772','T0270','F0025,F0004,F0018,F0012,F0009,','C0151'),
('O0773','T0059','F0031,F0010,F0012,F0012,F0013,F0031,','C0273'),
('O0774','T0063','F0003,F0025,','C0187'),
('O0775','T0267','F0029,F0030,F0023,F0008,F0021,F0012,','C0060'),
('O0776','T0029','F0008,F0016,F0034,','C0714'),
('O0777','T0289','F0034,F0031,F0015,','C0164'),
('O0778','T0194','F0039,F0020,F0032,F0013,F0018,F0008,F0010,F0002,','C0096'),
('O0779','T0068','F0032,F0035,F0037,F0030,','C0629'),
('O0780','T0119','F0039,F0002,F0009,F0023,F0025,','C0452'),
('O0781','T0033','F0001,F0026,F0013,','C0066'),
('O0782','T0140','F0033,F0033,F0015,','C0945'),
('O0783','T0011','F0032,F0014,F0040,F0006,F0012,F0038,F0027,','C0988'),
('O0784','T0164','F0023,F0037,F0027,F0016,F0029,F0018,F0014,F0033,','C0849'),
('O0785','T0238','F0008,F0023,F0023,F0022,','C0319'),
('O0786','T0112','F0025,F0018,F0005,F0009,F0016,F0014,F0004,F0031,','C0337'),
('O0787','T0072','F0039,F0027,F0018,F0011,F0026,','C0986'),
('O0788','T0174','F0022,F0033,F0006,F0040,F0018,','C0502'),
('O0789','T0062','F0017,F0036,F0022,F0015,F0034,','C0633'),
('O0790','T0168','F0017,F0021,F0023,','C0051'),
('O0791','T0113','F0031,F0010,F0011,F0018,F0013,F0011,F0017,F0005,','C0624'),
('O0792','T0067','F0018,F0007,F0004,F0005,F0007,','C0548'),
('O0793','T0170','F0014,F0007,F0036,F0016,F0035,F0001,F0005,','C0870'),
('O0794','T0101','F0040,F0034,','C0242'),
('O0795','T0204','F0009,F0027,F0018,F0010,F0023,','C0982'),
('O0796','T0208','F0035,F0010,F0022,F0032,F0034,F0024,F0016,','C0295'),
('O0797','T0179','F0026,F0001,','C0737'),
('O0798','T0068','F0010,F0002,','C0706'),
('O0799','T0296','F0016,F0018,F0010,F0024,F0014,F0039,F0009,','C0323'),
('O0800','T0104','F0002,F0035,F0012,F0005,F0008,','C0595'),
('O0801','T0090','F0002,F0039,F0024,F0023,F0017,','C0028'),
('O0802','T0046','F0037,F0035,F0013,F0017,F0015,','C0842'),
('O0803','T0015','F0006,F0035,F0026,F0029,F0003,F0033,F0012,','C0508'),
('O0804','T0151','F0017,F0034,F0033,F0005,','C0322'),
('O0805','T0123','F0017,F0032,F0017,F0026,F0007,','C0345'),
('O0806','T0083','F0008,F0018,F0016,F0028,F0006,F0025,','C0705'),
('O0807','T0225','F0009,F0010,F0008,','C0660'),
('O0808','T0202','F0034,F0007,F0022,F0008,F0034,','C0030'),
('O0809','T0158','F0021,F0039,F0002,F0037,F0015,F0008,F0034,F0037,','C0357'),
('O0810','T0040','F0010,F0040,F0033,F0025,F0019,F0025,F0032,','C0266'),
('O0811','T0249','F0037,F0008,F0027,F0036,F0011,F0033,F0033,F0031,','C0982'),
('O0812','T0139','F0032,F0003,F0021,','C0793'),
('O0813','T0121','F0013,F0012,F0007,F0030,F0008,F0002,F0040,','C0994'),
('O0814','T0248','F0032,F0031,F0003,F0023,F0035,','C0535'),
('O0815','T0119','F0028,F0037,F0034,F0038,F0004,F0007,','C0175'),
('O0816','T0267','F0010,F0016,F0036,F0007,F0030,F0023,','C0126'),
('O0817','T0156','F0035,F0032,','C0908'),
('O0818','T0041','F0019,F0001,F0007,F0002,F0027,','C0602'),
('O0819','T0203','F0036,F0005,F0015,','C0014'),
('O0820','T0023','F0020,F0038,F0021,F0008,','C0985'),
('O0821','T0139','F0030,F0005,F0013,','C0882'),
('O0822','T0205','F0029,F0025,F0028,F0033,F0035,','C0118'),
('O0823','T0242','F0026,F0030,F0025,','C0675'),
('O0824','T0151','F0032,F0019,F0031,F0029,F0022,','C0705'),
('O0825','T0111','F0006,F0015,F0036,F0011,F0033,F0022,F0016,','C0083'),
('O0826','T0089','F0025,F0028,F0031,F0033,F0016,F0031,F0012,F0010,','C0613'),
('O0827','T0124','F0015,F0022,','C0210'),
('O0828','T0273','F0040,F0030,F0015,F0007,F0014,F0009,F0013,','C0346'),
('O0829','T0242','F0006,F0040,F0029,','C0778'),
('O0830','T0254','F0017,F0014,F0010,','C0891'),
('O0831','T0135','F0023,F0011,F0008,F0030,F0005,','C0761'),
('O0832','T0248','F0036,F0022,F0021,F0030,F0016,F0034,','C0133'),
('O0833','T0167','F0034,F0008,F0026,F0017,F0035,F0010,F0008,','C0802'),
('O0834','T0222','F0024,F0026,F0037,','C0839'),
('O0835','T0044','F0037,F0038,F0015,F0035,F0013,F0022,F0016,','C0690'),
('O0836','T0170','F0020,F0037,','C0309'),
('O0837','T0023','F0025,F0030,F0034,F0039,F0035,F0015,','C0227'),
('O0838','T0167','F0026,F0028,F0013,','C0545'),
('O0839','T0178','F0022,F0028,F0008,F0007,F0033,F0001,','C0607'),
('O0840','T0289','F0034,F0001,','C0870'),
('O0841','T0239','F0024,F0011,','C0678'),
('O0842','T0189','F0027,F0016,','C0544'),
('O0843','T0137','F0019,F0018,','C0421'),
('O0844','T0280','F0020,F0011,F0002,F0007,','C0512'),
('O0845','T0288','F0018,F0034,F0017,F0013,F0034,F0037,','C0416'),
('O0846','T0210','F0021,F0029,','C0934'),
('O0847','T0049','F0031,F0028,F0035,','C0861'),
('O0848','T0167','F0005,F0020,F0004,F0027,','C0198'),
('O0849','T0239','F0028,F0001,F0001,F0009,','C0140'),
('O0850','T0270','F0028,F0017,F0017,','C0440'),
('O0851','T0250','F0018,F0018,F0039,F0038,','C0721'),
('O0852','T0280','F0006,F0033,F0006,F0023,F0002,F0008,F0040,F0025,','C0464'),
('O0853','T0160','F0010,F0017,F0030,','C0936'),
('O0854','T0244','F0024,F0006,F0028,F0032,F0019,F0024,F0012,F0028,','C0852'),
('O0855','T0106','F0028,F0026,F0007,','C0172'),
('O0856','T0173','F0004,F0039,','C0554'),
('O0857','T0099','F0014,F0005,F0020,F0006,F0021,F0019,F0006,F0015,','C0061'),
('O0858','T0102','F0021,F0006,F0034,F0010,F0030,F0024,','C0813'),
('O0859','T0170','F0005,F0005,','C0165'),
('O0860','T0058','F0029,F0034,F0023,F0010,F0023,F0021,F0034,F0031,','C0569'),
('O0861','T0146','F0032,F0001,F0036,','C0803'),
('O0862','T0064','F0011,F0031,F0038,','C0386'),
('O0863','T0167','F0023,F0012,F0019,','C0751'),
('O0864','T0080','F0026,F0018,F0005,F0001,F0017,F0019,F0032,F0002,','C0494'),
('O0865','T0234','F0038,F0017,F0035,F0014,F0007,F0010,','C0369'),
('O0866','T0039','F0004,F0036,F0033,F0028,F0002,','C0701'),
('O0867','T0218','F0002,F0004,F0040,F0029,F0005,F0032,F0036,F0031,','C0713'),
('O0868','T0172','F0019,F0024,F0024,F0009,F0016,F0033,','C0321'),
('O0869','T0135','F0001,F0030,F0026,','C0698'),
('O0870','T0081','F0031,F0032,F0005,F0009,F0008,F0015,','C0778'),
('O0871','T0035','F0013,F0040,','C0421'),
('O0872','T0296','F0004,F0009,F0023,F0001,F0013,','C0561'),
('O0873','T0107','F0038,F0017,F0010,F0028,','C0857'),
('O0874','T0298','F0030,F0006,','C0634'),
('O0875','T0229','F0019,F0039,F0006,','C0802'),
('O0876','T0027','F0025,F0007,F0017,','C0748'),
('O0877','T0137','F0003,F0009,F0019,F0026,','C0603'),
('O0878','T0130','F0013,F0014,F0032,F0019,F0020,','C0154'),
('O0879','T0108','F0038,F0032,F0038,F0006,F0012,','C0117'),
('O0880','T0271','F0035,F0017,F0016,F0037,','C0217'),
('O0881','T0009','F0014,F0006,F0001,F0021,','C0569'),
('O0882','T0032','F0005,F0006,F0026,F0032,F0011,F0014,F0019,F0024,','C0396'),
('O0883','T0153','F0032,F0007,F0025,','C0126'),
('O0884','T0077','F0032,F0025,F0031,','C0514'),
('O0885','T0099','F0002,F0002,F0015,F0026,F0025,','C0463'),
('O0886','T0168','F0037,F0038,','C0842'),
('O0887','T0188','F0026,F0014,','C0135'),
('O0888','T0204','F0014,F0011,F0006,','C0252'),
('O0889','T0024','F0034,F0015,F0008,F0001,F0038,F0001,F0034,F0003,','C0934'),
('O0890','T0075','F0002,F0009,F0025,F0029,F0006,F0006,','C0983'),
('O0891','T0008','F0038,F0005,F0019,F0019,F0023,','C0658'),
('O0892','T0104','F0023,F0004,F0012,F0019,F0040,F0029,','C0693'),
('O0893','T0216','F0039,F0039,F0018,','C0350'),
('O0894','T0289','F0036,F0036,F0039,F0027,F0001,F0024,F0014,','C0533'),
('O0895','T0171','F0040,F0017,F0030,F0010,F0012,','C0419'),
('O0896','T0285','F0022,F0010,','C0292'),
('O0897','T0189','F0027,F0026,F0022,F0031,F0019,F0010,F0036,F0036,','C0234'),
('O0898','T0180','F0018,F0010,F0033,F0037,F0034,F0030,F0016,','C0863'),
('O0899','T0033','F0019,F0015,F0017,','C0802'),
('O0900','T0192','F0033,F0021,F0012,F0036,F0031,F0031,F0005,','C0907')


Insert into Orders
Values
('O0901','T0140','F0006,F0005,F0017,F0009,F0016,F0004,F0040,F0029,','C0114'),
('O0902','T0112','F0019,F0031,F0012,F0040,F0018,F0028,F0025,F0035,','C0433'),
('O0903','T0073','F0025,F0011,','C0009'),
('O0904','T0215','F0006,F0014,F0007,F0016,F0018,','C0513'),
('O0905','T0085','F0002,F0020,F0023,F0029,F0040,F0013,F0030,F0035,','C0798'),
('O0906','T0129','F0007,F0011,F0027,F0032,','C0779'),
('O0907','T0225','F0021,F0029,','C0077'),
('O0908','T0008','F0009,F0016,F0005,F0028,F0030,F0006,F0002,','C0864'),
('O0909','T0286','F0004,F0037,F0014,F0038,','C0965'),
('O0910','T0093','F0013,F0035,F0030,F0034,F0008,F0016,F0007,F0027,','C0951'),
('O0911','T0207','F0028,F0031,F0021,F0016,F0024,F0022,F0019,','C0798'),
('O0912','T0130','F0033,F0018,F0014,F0024,F0038,F0039,F0032,F0005,','C0880'),
('O0913','T0287','F0037,F0007,','C0165'),
('O0914','T0017','F0020,F0024,F0012,F0017,F0040,F0005,F0028,','C0288'),
('O0915','T0017','F0021,F0023,F0014,F0024,F0029,F0039,F0006,','C0451'),
('O0916','T0218','F0006,F0036,F0003,F0005,F0039,F0010,F0002,','C0332'),
('O0917','T0289','F0014,F0013,F0017,','C0493'),
('O0918','T0267','F0026,F0018,F0016,F0024,F0036,','C0901'),
('O0919','T0226','F0025,F0023,F0007,F0028,F0009,','C0233'),
('O0920','T0295','F0040,F0025,','C0227'),
('O0921','T0145','F0006,F0040,F0015,','C0723'),
('O0922','T0246','F0025,F0018,F0024,F0001,F0038,','C0425'),
('O0923','T0137','F0011,F0025,F0028,F0011,F0031,','C0858'),
('O0924','T0082','F0016,F0027,F0040,F0017,F0004,F0030,F0002,','C0902'),
('O0925','T0283','F0012,F0030,F0022,F0040,F0033,F0006,F0028,F0026,','C0395'),
('O0926','T0084','F0007,F0024,F0028,F0028,F0033,F0034,F0003,','C0165'),
('O0927','T0138','F0033,F0016,F0027,F0013,','C0556'),
('O0928','T0184','F0006,F0033,F0009,F0009,F0020,F0034,F0029,','C0385'),
('O0929','T0155','F0006,F0039,F0016,F0003,','C0162'),
('O0930','T0184','F0011,F0002,F0026,F0040,F0014,','C0107'),
('O0931','T0162','F0006,F0010,F0009,','C0062'),
('O0932','T0278','F0032,F0007,F0027,F0024,','C0217'),
('O0933','T0209','F0001,F0010,F0011,F0029,F0029,F0001,','C0098'),
('O0934','T0025','F0040,F0019,F0016,F0033,F0005,F0018,F0038,F0023,','C0556'),
('O0935','T0077','F0040,F0028,F0040,F0008,F0001,F0026,','C0139'),
('O0936','T0063','F0037,F0003,F0020,','C0656'),
('O0937','T0252','F0007,F0025,F0028,F0003,','C0660'),
('O0938','T0229','F0019,F0027,F0030,','C0290'),
('O0939','T0109','F0009,F0020,F0023,F0024,F0022,','C0834'),
('O0940','T0154','F0017,F0013,','C0987'),
('O0941','T0168','F0035,F0027,F0036,','C0926'),
('O0942','T0182','F0005,F0019,F0013,F0016,','C0657'),
('O0943','T0299','F0005,F0017,F0017,F0023,F0008,','C0135'),
('O0944','T0231','F0015,F0034,F0014,F0002,','C0356'),
('O0945','T0209','F0015,F0004,F0039,F0030,F0003,F0021,F0009,F0028,','C0465'),
('O0946','T0273','F0040,F0013,F0029,','C0340'),
('O0947','T0291','F0010,F0032,F0021,','C0940'),
('O0948','T0098','F0004,F0002,F0020,F0034,F0002,F0037,','C0894'),
('O0949','T0082','F0014,F0021,','C0692'),
('O0950','T0218','F0007,F0005,F0012,','C0345'),
('O0951','T0125','F0036,F0032,F0032,F0023,F0039,F0009,F0037,','C1000'),
('O0952','T0023','F0029,F0015,F0034,','C0009'),
('O0953','T0247','F0017,F0007,F0039,F0029,F0004,F0026,F0037,','C0826'),
('O0954','T0207','F0026,F0011,F0028,F0008,F0027,F0019,F0019,F0039,','C0858'),
('O0955','T0067','F0005,F0004,','C0395'),
('O0956','T0056','F0014,F0040,F0040,','C0649'),
('O0957','T0288','F0032,F0016,F0034,F0033,F0040,','C0833'),
('O0958','T0263','F0024,F0036,F0002,F0038,F0021,F0023,F0026,','C0255'),
('O0959','T0067','F0034,F0022,F0008,F0008,F0008,F0002,F0036,','C0599'),
('O0960','T0198','F0027,F0005,','C0698'),
('O0961','T0276','F0017,F0026,','C0578'),
('O0962','T0204','F0028,F0033,F0010,','C0267'),
('O0963','T0157','F0030,F0008,','C0225'),
('O0964','T0102','F0015,F0009,F0029,F0011,F0023,F0030,F0029,','C0489'),
('O0965','T0096','F0013,F0008,F0012,F0015,F0029,F0021,F0012,','C0883'),
('O0966','T0129','F0001,F0016,','C0971'),
('O0967','T0077','F0020,F0021,F0001,','C0776'),
('O0968','T0016','F0025,F0007,F0022,','C0063'),
('O0969','T0053','F0038,F0032,F0013,F0026,F0028,F0023,F0006,','C0837'),
('O0970','T0179','F0005,F0027,F0022,F0033,F0021,F0006,','C0101'),
('O0971','T0140','F0008,F0005,F0024,','C0372'),
('O0972','T0036','F0034,F0025,F0014,F0018,F0004,F0002,F0028,F0016,','C0183'),
('O0973','T0105','F0005,F0028,','C0173'),
('O0974','T0079','F0033,F0006,F0024,F0026,','C0938'),
('O0975','T0020','F0030,F0009,F0039,F0006,F0025,F0015,F0038,F0028,','C0752'),
('O0976','T0279','F0016,F0013,F0015,F0023,F0004,F0005,F0013,F0026,','C0249'),
('O0977','T0004','F0023,F0025,F0039,F0008,F0024,F0005,F0001,F0034,','C0718'),
('O0978','T0034','F0012,F0005,F0022,F0028,F0022,F0017,','C0777'),
('O0979','T0008','F0002,F0012,F0007,F0035,F0032,','C0908'),
('O0980','T0216','F0025,F0025,F0002,','C0862'),
('O0981','T0128','F0037,F0008,F0009,F0002,F0026,F0019,F0027,','C0312'),
('O0982','T0054','F0029,F0005,F0017,F0036,F0027,F0011,F0036,','C0120'),
('O0983','T0264','F0033,F0039,F0003,F0025,F0017,','C0617'),
('O0984','T0226','F0015,F0016,F0026,F0020,F0014,F0015,','C0707'),
('O0985','T0018','F0027,F0012,F0006,','C0649'),
('O0986','T0129','F0035,F0020,F0020,F0007,F0019,','C0755'),
('O0987','T0207','F0011,F0005,','C0979'),
('O0988','T0130','F0031,F0027,','C0725'),
('O0989','T0178','F0018,F0035,F0004,F0011,F0033,F0016,F0012,F0033,','C0314'),
('O0990','T0177','F0001,F0029,','C0110'),
('O0991','T0279','F0004,F0038,F0027,F0012,F0004,F0032,F0006,F0015,','C0047'),
('O0992','T0261','F0023,F0031,F0017,F0034,F0008,','C0442'),
('O0993','T0056','F0030,F0031,F0026,F0030,','C0995'),
('O0994','T0287','F0038,F0008,F0020,F0029,','C0760'),
('O0995','T0293','F0034,F0002,F0002,F0022,F0039,','C0095'),
('O0996','T0104','F0007,F0005,F0013,F0003,F0012,F0030,','C0583'),
('O0997','T0139','F0013,F0016,F0021,F0017,F0026,F0034,F0025,F0027,','C0873'),
('O0998','T0237','F0034,F0011,F0031,F0015,F0002,F0021,','C0060'),
('O0999','T0084','F0033,F0017,F0037,F0032,F0038,F0007,F0017,','C0904'),
('O1000','T0111','F0009,F0034,F0039,','C0277'),
('O1001','T0087','F0026,F0026,F0013,F0021,F0011,','C0655'),
('O1002','T0268','F0024,F0008,F0036,F0016,F0020,F0019,F0010,F0024,','C0740'),
('O1003','T0241','F0018,F0040,F0022,F0024,F0025,F0001,F0029,','C0607'),
('O1004','T0114','F0010,F0024,F0014,F0003,F0006,','C0030'),
('O1005','T0285','F0026,F0019,F0003,','C0167'),
('O1006','T0103','F0004,F0030,F0001,F0015,F0035,F0003,F0036,F0033,','C0802'),
('O1007','T0149','F0024,F0013,F0009,F0022,F0027,','C0824'),
('O1008','T0259','F0007,F0024,F0034,F0038,F0011,','C0326'),
('O1009','T0280','F0008,F0019,F0013,F0025,F0035,','C0097'),
('O1010','T0024','F0019,F0028,F0017,F0032,F0020,F0014,','C0317'),
('O1011','T0257','F0027,F0029,F0040,F0001,F0028,','C0744'),
('O1012','T0080','F0013,F0022,F0019,F0039,','C0211'),
('O1013','T0043','F0036,F0009,F0028,F0034,F0038,F0033,F0009,F0006,','C0525'),
('O1014','T0168','F0035,F0007,F0010,F0026,','C0955'),
('O1015','T0011','F0008,F0023,F0017,F0004,F0036,F0040,F0009,','C0234'),
('O1016','T0006','F0024,F0022,F0037,','C0295'),
('O1017','T0050','F0029,F0006,F0035,F0031,F0018,F0013,','C0962'),
('O1018','T0030','F0006,F0030,F0005,F0032,F0039,F0022,','C0663'),
('O1019','T0069','F0005,F0018,F0028,F0017,F0038,','C0237'),
('O1020','T0064','F0001,F0004,','C0664'),
('O1021','T0106','F0010,F0010,F0040,F0010,F0020,F0038,F0031,F0027,','C0832'),
('O1022','T0231','F0011,F0027,F0008,F0013,','C0577'),
('O1023','T0171','F0018,F0017,F0027,','C0497'),
('O1024','T0137','F0009,F0039,F0005,F0013,F0039,F0021,F0002,F0026,','C0499'),
('O1025','T0075','F0014,F0005,F0036,','C0206'),
('O1026','T0117','F0018,F0025,F0035,F0040,F0014,F0019,F0008,F0017,','C0063'),
('O1027','T0125','F0002,F0029,F0039,F0028,F0005,','C0335'),
('O1028','T0026','F0035,F0039,F0017,F0009,F0001,F0011,','C0857'),
('O1029','T0049','F0009,F0021,F0014,F0025,','C0119'),
('O1030','T0099','F0005,F0002,F0032,F0020,','C0799'),
('O1031','T0011','F0001,F0035,F0017,F0024,F0016,','C0985'),
('O1032','T0030','F0039,F0005,F0022,F0008,F0006,','C0847'),
('O1033','T0034','F0026,F0021,F0003,','C0619'),
('O1034','T0239','F0037,F0017,F0039,F0016,F0008,F0013,F0030,F0007,','C0067'),
('O1035','T0125','F0020,F0011,F0023,F0004,F0032,F0038,','C0746'),
('O1036','T0034','F0038,F0014,F0022,F0031,F0017,F0035,F0024,','C0691'),
('O1037','T0065','F0001,F0013,F0038,F0030,F0021,F0022,','C0326'),
('O1038','T0125','F0031,F0026,F0009,F0014,F0016,F0007,F0034,','C0534'),
('O1039','T0110','F0039,F0029,F0033,F0028,F0040,F0005,F0007,F0023,','C0186'),
('O1040','T0215','F0014,F0039,F0015,F0006,F0008,F0004,F0037,','C0670'),
('O1041','T0149','F0004,F0022,','C0608'),
('O1042','T0067','F0013,F0005,','C0990'),
('O1043','T0226','F0032,F0035,F0013,F0011,','C0688'),
('O1044','T0156','F0013,F0019,F0008,F0035,F0016,F0039,','C0851'),
('O1045','T0003','F0007,F0009,F0019,F0028,F0030,','C0328'),
('O1046','T0234','F0035,F0006,','C0906'),
('O1047','T0295','F0003,F0030,F0015,F0008,F0019,F0026,F0036,','C0022'),
('O1048','T0154','F0010,F0021,','C0697'),
('O1049','T0251','F0032,F0032,F0021,F0001,F0038,F0022,','C0579'),
('O1050','T0113','F0037,F0025,F0021,','C0131'),
('O1051','T0164','F0015,F0021,F0025,F0029,F0033,F0029,','C0047'),
('O1052','T0257','F0014,F0008,F0018,F0035,F0036,F0031,','C0707'),
('O1053','T0244','F0021,F0034,F0040,F0025,F0005,F0018,F0036,','C0592'),
('O1054','T0067','F0023,F0036,F0025,F0024,F0032,F0007,F0021,F0034,','C0139'),
('O1055','T0098','F0039,F0004,F0039,F0003,F0029,F0007,F0002,','C0366'),
('O1056','T0166','F0018,F0010,','C0405'),
('O1057','T0093','F0037,F0005,F0033,F0019,F0012,F0002,','C0738'),
('O1058','T0168','F0025,F0024,F0022,F0018,','C0821'),
('O1059','T0102','F0031,F0001,F0036,F0013,','C0873'),
('O1060','T0113','F0024,F0022,F0027,F0004,F0039,F0011,F0033,F0001,','C0132'),
('O1061','T0200','F0009,F0030,F0031,F0022,F0036,F0005,F0011,','C0162'),
('O1062','T0194','F0021,F0032,F0029,F0033,F0007,F0031,','C0619'),
('O1063','T0115','F0007,F0022,F0016,F0025,','C0563'),
('O1064','T0190','F0020,F0002,F0013,F0035,F0029,','C0674'),
('O1065','T0055','F0016,F0028,F0011,','C0039'),
('O1066','T0018','F0037,F0011,F0015,','C0282'),
('O1067','T0036','F0029,F0008,F0011,F0027,F0023,F0033,F0034,F0002,','C0835'),
('O1068','T0109','F0006,F0029,F0015,F0031,F0026,F0035,F0024,F0009,','C0115'),
('O1069','T0142','F0016,F0011,F0023,F0018,F0023,F0009,','C0817'),
('O1070','T0273','F0004,F0017,F0017,F0012,F0020,F0027,F0019,','C0038'),
('O1071','T0184','F0030,F0003,F0034,F0023,F0025,F0037,F0007,F0028,','C0208'),
('O1072','T0110','F0036,F0002,F0025,F0011,','C0446'),
('O1073','T0172','F0004,F0006,F0011,','C0702'),
('O1074','T0054','F0021,F0027,F0031,','C0200'),
('O1075','T0006','F0019,F0026,','C0461'),
('O1076','T0158','F0016,F0002,F0021,F0007,F0002,F0034,F0013,F0031,','C0532'),
('O1077','T0161','F0029,F0033,F0029,F0037,','C0424'),
('O1078','T0088','F0040,F0012,F0012,F0006,F0001,F0010,F0010,F0035,','C0011'),
('O1079','T0056','F0004,F0011,','C0558'),
('O1080','T0249','F0014,F0005,F0011,F0009,F0029,F0037,F0011,F0025,','C0334'),
('O1081','T0296','F0022,F0023,F0040,F0015,F0040,F0033,','C0580'),
('O1082','T0097','F0004,F0001,F0032,F0022,F0034,F0024,F0035,','C0866'),
('O1083','T0013','F0010,F0032,F0039,F0035,','C0392'),
('O1084','T0105','F0023,F0034,F0013,F0033,F0012,F0038,F0037,','C0175'),
('O1085','T0086','F0029,F0007,F0009,F0006,F0011,F0025,','C0585'),
('O1086','T0175','F0002,F0012,','C0346'),
('O1087','T0181','F0008,F0033,F0024,F0029,F0020,F0031,','C0150'),
('O1088','T0160','F0003,F0032,F0023,F0018,F0021,','C0728'),
('O1089','T0084','F0004,F0005,F0034,F0013,F0015,F0008,F0010,','C0214'),
('O1090','T0001','F0014,F0040,F0001,F0012,F0028,F0012,F0037,F0018,','C0593'),
('O1091','T0248','F0020,F0030,F0038,F0005,F0015,F0033,F0013,','C0962'),
('O1092','T0205','F0021,F0001,F0020,F0020,F0015,F0015,F0007,F0024,','C0418'),
('O1093','T0267','F0035,F0037,F0026,F0038,F0030,','C0401'),
('O1094','T0207','F0026,F0015,F0030,F0009,F0006,F0033,','C0257'),
('O1095','T0014','F0001,F0007,F0030,F0040,F0020,F0033,F0016,F0012,','C0052'),
('O1096','T0201','F0015,F0038,F0029,','C0929'),
('O1097','T0183','F0018,F0034,F0032,F0022,F0009,F0028,F0003,','C0139'),
('O1098','T0002','F0009,F0017,F0028,F0024,F0033,F0009,F0025,F0030,','C0183'),
('O1099','T0111','F0003,F0027,F0037,F0008,F0039,','C0340'),
('O1100','T0139','F0015,F0022,F0038,F0005,F0039,','C0077'),
('O1101','T0127','F0036,F0013,F0032,F0011,','C0416'),
('O1102','T0106','F0030,F0018,F0007,F0022,F0020,F0002,F0011,','C0286'),
('O1103','T0167','F0007,F0020,','C0566'),
('O1104','T0141','F0032,F0021,F0024,F0023,F0016,F0027,F0001,','C0849'),
('O1105','T0224','F0019,F0011,F0039,F0019,F0005,','C0120'),
('O1106','T0162','F0022,F0031,F0016,F0038,','C0413'),
('O1107','T0235','F0040,F0030,F0011,','C0952'),
('O1108','T0290','F0010,F0010,F0010,F0010,F0004,F0023,F0040,','C0570'),
('O1109','T0299','F0026,F0009,F0029,F0023,','C0399'),
('O1110','T0266','F0003,F0039,F0024,F0029,','C0126'),
('O1111','T0238','F0011,F0007,F0024,F0016,F0018,F0017,F0037,','C0659'),
('O1112','T0082','F0003,F0026,F0023,F0028,F0006,','C0471'),
('O1113','T0179','F0008,F0034,','C0142'),
('O1114','T0039','F0002,F0012,F0022,F0021,F0028,F0030,','C0126'),
('O1115','T0260','F0022,F0013,F0016,','C0488'),
('O1116','T0122','F0009,F0004,F0001,F0004,','C0334'),
('O1117','T0137','F0016,F0014,F0022,F0013,','C0788'),
('O1118','T0274','F0016,F0036,F0035,','C0840'),
('O1119','T0271','F0040,F0013,F0013,','C0535'),
('O1120','T0251','F0034,F0024,F0010,F0017,F0025,F0016,','C0384'),
('O1121','T0114','F0037,F0035,F0036,F0020,F0025,F0029,F0010,F0031,','C0024'),
('O1122','T0296','F0012,F0036,F0019,F0037,F0015,F0007,F0010,','C0136'),
('O1123','T0200','F0005,F0038,F0012,F0002,','C0513'),
('O1124','T0213','F0007,F0016,','C0329'),
('O1125','T0046','F0027,F0031,F0030,F0031,F0029,F0010,F0012,','C0955'),
('O1126','T0204','F0005,F0006,F0002,','C0137'),
('O1127','T0231','F0037,F0016,F0008,','C0758'),
('O1128','T0183','F0007,F0030,','C0250'),
('O1129','T0187','F0014,F0027,F0010,F0006,F0023,F0027,F0010,','C0812'),
('O1130','T0099','F0004,F0028,','C0056'),
('O1131','T0053','F0021,F0020,F0011,F0031,F0023,','C0407'),
('O1132','T0237','F0012,F0018,','C0181'),
('O1133','T0290','F0035,F0009,F0016,F0016,F0017,','C0910'),
('O1134','T0116','F0015,F0038,F0016,','C0056'),
('O1135','T0081','F0025,F0010,F0039,F0003,','C0763'),
('O1136','T0113','F0017,F0032,F0012,','C0580'),
('O1137','T0223','F0003,F0026,F0011,','C0015'),
('O1138','T0186','F0019,F0005,F0003,F0012,F0015,F0036,F0020,','C0909'),
('O1139','T0143','F0008,F0007,F0028,F0011,F0008,F0005,F0039,F0002,','C0293'),
('O1140','T0048','F0036,F0011,F0003,F0029,','C0440'),
('O1141','T0180','F0026,F0033,F0002,F0005,F0035,F0013,','C0381'),
('O1142','T0171','F0031,F0009,F0022,F0024,F0012,F0034,F0038,F0004,','C0209'),
('O1143','T0019','F0022,F0012,F0037,','C0386'),
('O1144','T0177','F0011,F0001,F0024,F0030,','C0344'),
('O1145','T0279','F0001,F0038,F0010,F0028,F0030,F0033,','C0733'),
('O1146','T0167','F0012,F0034,F0027,F0023,F0031,F0016,','C0956'),
('O1147','T0199','F0008,F0013,F0019,F0032,','C0274'),
('O1148','T0298','F0020,F0025,F0015,F0013,F0002,F0025,F0021,F0033,','C0712'),
('O1149','T0212','F0028,F0005,F0025,F0033,F0005,','C0997'),
('O1150','T0265','F0014,F0017,F0031,F0033,F0012,F0006,F0005,F0034,','C0833'),
('O1151','T0167','F0008,F0024,F0038,F0025,F0021,F0005,F0021,F0040,','C0946'),
('O1152','T0059','F0004,F0024,','C0355'),
('O1153','T0102','F0038,F0027,F0001,F0025,F0022,F0035,F0037,','C0723'),
('O1154','T0025','F0018,F0036,F0002,F0032,F0040,F0038,F0011,F0024,','C0360'),
('O1155','T0130','F0021,F0001,F0019,F0002,F0035,','C0779'),
('O1156','T0091','F0025,F0031,F0003,F0010,F0033,F0030,F0006,','C0828'),
('O1157','T0080','F0011,F0029,F0034,F0013,F0009,F0035,F0023,F0009,','C0112'),
('O1158','T0029','F0031,F0005,F0032,F0014,','C0036'),
('O1159','T0138','F0037,F0036,F0009,','C0495'),
('O1160','T0121','F0024,F0020,F0015,F0016,F0031,','C0254'),
('O1161','T0225','F0023,F0035,','C0891'),
('O1162','T0127','F0018,F0026,F0001,','C0795'),
('O1163','T0278','F0027,F0012,F0019,F0033,F0034,F0014,','C0438'),
('O1164','T0261','F0033,F0039,F0018,F0033,','C0737'),
('O1165','T0143','F0012,F0037,F0029,F0040,F0037,','C0608'),
('O1166','T0053','F0028,F0023,F0037,F0029,','C0128'),
('O1167','T0130','F0019,F0017,F0016,F0032,F0009,F0010,','C0399'),
('O1168','T0085','F0030,F0010,F0029,F0007,F0038,F0004,F0024,','C0402'),
('O1169','T0179','F0032,F0039,F0037,F0023,','C0072'),
('O1170','T0140','F0015,F0038,F0030,F0006,F0005,F0034,','C0917'),
('O1171','T0058','F0001,F0033,','C0840'),
('O1172','T0020','F0020,F0006,F0030,F0013,F0005,F0003,F0006,','C0192'),
('O1173','T0214','F0033,F0026,F0027,F0016,F0024,','C0173'),
('O1174','T0197','F0015,F0026,F0010,F0035,','C0989'),
('O1175','T0075','F0003,F0023,F0023,F0011,F0013,F0035,F0026,F0022,','C0151'),
('O1176','T0203','F0016,F0016,F0020,F0030,F0022,F0039,','C0331'),
('O1177','T0204','F0016,F0039,F0027,F0039,F0028,F0008,F0008,F0012,','C0387'),
('O1178','T0251','F0009,F0003,F0023,F0030,F0027,','C0542'),
('O1179','T0039','F0009,F0014,F0034,F0037,F0036,F0006,F0021,','C0922'),
('O1180','T0273','F0024,F0004,F0006,F0010,F0004,F0011,','C0709'),
('O1181','T0206','F0005,F0019,F0006,','C0849'),
('O1182','T0027','F0033,F0036,F0030,F0014,F0033,F0029,F0040,F0039,','C0313'),
('O1183','T0053','F0023,F0018,F0013,F0005,F0011,F0037,','C0949'),
('O1184','T0069','F0012,F0024,F0036,F0009,','C0613'),
('O1185','T0163','F0011,F0003,F0039,F0004,F0011,F0034,','C0332'),
('O1186','T0105','F0017,F0029,F0008,','C0040'),
('O1187','T0188','F0020,F0031,F0011,F0021,F0025,F0020,','C0403'),
('O1188','T0156','F0005,F0004,F0008,F0026,F0034,','C0882'),
('O1189','T0088','F0001,F0001,F0023,F0019,F0030,F0035,','C0952'),
('O1190','T0236','F0011,F0003,F0005,F0022,F0013,F0025,F0012,','C0784'),
('O1191','T0162','F0005,F0038,F0027,','C0131'),
('O1192','T0149','F0038,F0029,F0018,F0034,F0002,','C0398'),
('O1193','T0076','F0017,F0028,','C0531'),
('O1194','T0205','F0015,F0017,F0039,F0040,F0024,','C0401'),
('O1195','T0148','F0012,F0009,F0034,F0027,F0019,F0034,','C0276'),
('O1196','T0104','F0032,F0001,F0005,F0004,F0037,F0025,','C0216'),
('O1197','T0245','F0003,F0016,F0037,','C0624'),
('O1198','T0034','F0016,F0019,F0010,F0016,F0023,F0012,','C0074'),
('O1199','T0295','F0036,F0034,F0038,F0017,F0009,F0004,F0016,F0001,','C0439'),
('O1200','T0029','F0039,F0004,F0036,F0025,F0020,F0029,F0010,F0013,','C0069'),
('O1201','T0118','F0021,F0001,F0023,','C0809'),
('O1202','T0025','F0025,F0015,F0023,','C0042'),
('O1203','T0139','F0003,F0007,','C0953'),
('O1204','T0142','F0011,F0010,F0019,F0021,F0030,','C0497'),
('O1205','T0259','F0010,F0029,F0001,F0003,F0037,F0001,','C0797'),
('O1206','T0058','F0017,F0028,F0005,F0014,F0030,F0029,F0013,','C0206'),
('O1207','T0171','F0025,F0008,F0007,F0013,F0006,F0028,F0012,','C0308'),
('O1208','T0061','F0003,F0037,F0003,','C0123'),
('O1209','T0122','F0034,F0012,F0003,F0018,F0039,F0003,F0005,','C0303'),
('O1210','T0070','F0019,F0013,F0022,F0025,','C0091'),
('O1211','T0259','F0016,F0039,F0035,F0011,F0017,','C0339'),
('O1212','T0234','F0040,F0036,F0036,F0023,F0006,F0008,F0025,F0032,','C0386'),
('O1213','T0069','F0008,F0039,F0012,','C0882'),
('O1214','T0152','F0009,F0020,','C0360'),
('O1215','T0076','F0036,F0017,F0020,F0033,F0001,F0010,','C0435'),
('O1216','T0032','F0034,F0001,F0005,F0032,F0008,','C0784'),
('O1217','T0227','F0001,F0025,F0014,','C0570'),
('O1218','T0108','F0021,F0009,F0021,F0002,F0020,','C0567'),
('O1219','T0210','F0032,F0005,','C0304'),
('O1220','T0007','F0030,F0018,F0012,F0022,F0007,','C0572'),
('O1221','T0279','F0024,F0029,F0014,F0036,','C0537'),
('O1222','T0235','F0013,F0003,F0005,F0014,F0022,F0037,F0026,','C0807'),
('O1223','T0093','F0013,F0015,F0029,F0025,','C0406'),
('O1224','T0280','F0003,F0040,','C0761'),
('O1225','T0103','F0031,F0002,','C0751'),
('O1226','T0067','F0002,F0034,F0017,','C0746'),
('O1227','T0236','F0022,F0006,F0035,','C0237'),
('O1228','T0146','F0026,F0020,F0005,F0002,F0033,','C0247'),
('O1229','T0288','F0035,F0017,F0007,F0025,F0040,F0005,','C0357'),
('O1230','T0133','F0022,F0039,F0013,','C0553'),
('O1231','T0156','F0010,F0019,F0008,F0035,F0032,F0033,F0037,F0021,','C0706'),
('O1232','T0130','F0032,F0032,F0040,','C0837'),
('O1233','T0172','F0006,F0031,F0018,F0022,F0018,F0022,F0006,','C0408'),
('O1234','T0069','F0004,F0021,F0001,F0035,','C0173'),
('O1235','T0130','F0030,F0006,F0036,F0010,F0024,F0017,F0002,F0010,','C0526'),
('O1236','T0115','F0006,F0025,F0033,F0031,','C0372'),
('O1237','T0216','F0025,F0005,','C0916'),
('O1238','T0095','F0037,F0027,F0034,F0005,','C0761'),
('O1239','T0147','F0032,F0034,F0030,F0024,F0005,F0012,','C0926'),
('O1240','T0258','F0004,F0039,F0007,F0040,F0029,','C0312'),
('O1241','T0037','F0035,F0032,F0002,','C0460'),
('O1242','T0159','F0017,F0004,F0033,F0012,F0024,F0008,F0021,','C0730'),
('O1243','T0100','F0009,F0040,','C0013'),
('O1244','T0017','F0026,F0002,F0027,F0037,F0030,F0022,','C0914'),
('O1245','T0070','F0035,F0001,F0034,F0013,F0021,','C0321'),
('O1246','T0033','F0002,F0016,F0017,F0028,F0022,F0010,','C0063'),
('O1247','T0030','F0036,F0005,F0020,F0013,F0033,','C0869'),
('O1248','T0023','F0026,F0029,F0030,F0039,F0024,F0005,','C0659'),
('O1249','T0295','F0034,F0039,F0020,F0021,F0020,','C0320'),
('O1250','T0122','F0027,F0005,F0027,F0002,F0017,F0026,F0033,','C0358'),
('O1251','T0064','F0011,F0013,F0034,','C0519'),
('O1252','T0062','F0014,F0038,','C0208'),
('O1253','T0006','F0029,F0025,F0030,','C0659'),
('O1254','T0204','F0032,F0004,F0027,F0011,F0008,F0039,F0034,F0038,','C0775'),
('O1255','T0012','F0028,F0023,F0036,F0040,F0036,F0034,F0019,','C0422'),
('O1256','T0222','F0021,F0029,F0029,F0030,','C0733'),
('O1257','T0191','F0024,F0024,F0032,','C0690'),
('O1258','T0255','F0010,F0009,F0016,F0030,F0028,F0026,F0009,F0018,','C0256'),
('O1259','T0095','F0029,F0002,F0023,F0020,F0007,F0037,','C0186'),
('O1260','T0050','F0029,F0021,F0025,F0011,F0029,','C0239'),
('O1261','T0110','F0018,F0005,F0002,','C0691'),
('O1262','T0235','F0032,F0038,F0018,F0009,F0015,F0013,F0005,F0001,','C0194'),
('O1263','T0036','F0022,F0002,F0029,F0034,','C0559'),
('O1264','T0128','F0006,F0023,F0013,F0029,F0034,F0030,F0015,F0014,','C0753'),
('O1265','T0219','F0024,F0028,F0013,F0003,F0030,F0017,','C0626'),
('O1266','T0098','F0021,F0009,F0009,F0001,','C0230'),
('O1267','T0255','F0019,F0012,F0033,F0016,F0004,','C0506'),
('O1268','T0202','F0016,F0013,F0028,F0012,F0020,','C0456'),
('O1269','T0185','F0028,F0019,F0035,F0020,','C0277'),
('O1270','T0278','F0001,F0014,F0019,F0008,F0005,F0013,F0036,F0004,','C0643'),
('O1271','T0203','F0003,F0017,F0022,F0040,F0027,F0022,','C0191'),
('O1272','T0201','F0024,F0004,','C0813'),
('O1273','T0061','F0006,F0026,F0017,F0032,F0024,F0028,','C0305'),
('O1274','T0064','F0037,F0031,F0040,F0019,','C0161'),
('O1275','T0169','F0014,F0010,F0012,','C0203'),
('O1276','T0296','F0006,F0002,F0019,F0030,F0023,F0040,F0027,F0003,','C0917'),
('O1277','T0208','F0029,F0034,F0017,F0035,F0012,','C0505'),
('O1278','T0019','F0025,F0009,F0011,','C0465'),
('O1279','T0118','F0005,F0010,F0021,F0033,F0016,F0028,F0005,F0025,','C0523'),
('O1280','T0145','F0029,F0026,F0029,','C0265'),
('O1281','T0279','F0024,F0012,F0023,F0026,','C0692'),
('O1282','T0068','F0012,F0022,','C0984'),
('O1283','T0186','F0031,F0014,','C0805'),
('O1284','T0250','F0006,F0030,F0006,F0010,F0013,','C0351'),
('O1285','T0067','F0035,F0035,F0023,','C0541'),
('O1286','T0086','F0033,F0012,F0002,F0022,F0007,F0034,F0037,','C0094'),
('O1287','T0040','F0013,F0030,F0039,F0036,F0002,F0019,','C0376'),
('O1288','T0266','F0002,F0040,F0036,F0028,F0037,F0023,F0026,F0007,','C0875'),
('O1289','T0267','F0006,F0012,F0004,F0030,F0008,F0003,F0032,F0002,','C0702'),
('O1290','T0058','F0039,F0034,F0015,F0021,F0008,','C0147'),
('O1291','T0207','F0021,F0038,F0018,F0025,F0020,F0040,F0038,','C0967'),
('O1292','T0288','F0030,F0039,','C0423'),
('O1293','T0190','F0008,F0038,F0018,','C0489'),
('O1294','T0027','F0031,F0013,F0002,','C0241'),
('O1295','T0146','F0012,F0039,','C0887'),
('O1296','T0043','F0037,F0030,F0003,F0020,F0012,F0007,','C0629'),
('O1297','T0114','F0024,F0004,F0004,F0007,F0010,F0040,F0026,F0035,','C0914'),
('O1298','T0029','F0003,F0002,F0015,F0025,F0037,F0037,F0009,F0024,','C0415'),
('O1299','T0128','F0022,F0038,F0013,F0009,F0013,F0016,F0003,F0025,','C0376'),
('O1300','T0211','F0015,F0012,F0012,','C0528'),
('O1301','T0074','F0001,F0003,F0037,F0026,F0019,F0033,F0029,F0018,','C0766'),
('O1302','T0127','F0015,F0029,F0030,F0039,F0012,F0011,F0017,F0006,','C0959'),
('O1303','T0096','F0039,F0009,F0037,F0006,F0008,F0014,F0025,','C0269'),
('O1304','T0127','F0008,F0031,F0021,F0008,F0039,F0018,F0027,','C0675'),
('O1305','T0263','F0013,F0015,F0007,F0005,F0018,','C0065'),
('O1306','T0132','F0039,F0024,F0031,F0009,F0024,F0020,F0031,F0024,','C0176'),
('O1307','T0135','F0020,F0038,F0018,','C0726'),
('O1308','T0226','F0016,F0021,F0009,F0018,F0032,','C0722'),
('O1309','T0037','F0014,F0025,F0015,F0005,','C0080'),
('O1310','T0186','F0036,F0037,F0023,F0002,F0005,','C0580'),
('O1311','T0073','F0034,F0039,F0006,F0004,F0029,F0004,','C0662'),
('O1312','T0127','F0017,F0021,F0024,F0026,F0012,','C0784'),
('O1313','T0223','F0032,F0031,F0013,F0011,F0005,F0025,F0008,F0018,','C0465'),
('O1314','T0084','F0019,F0036,F0026,F0036,F0022,F0036,','C0251'),
('O1315','T0179','F0021,F0003,F0001,F0010,F0017,F0040,F0013,F0032,','C0679'),
('O1316','T0132','F0037,F0039,F0034,F0039,F0036,F0009,F0033,','C0520'),
('O1317','T0258','F0035,F0002,F0011,F0024,F0035,F0024,F0030,','C0472'),
('O1318','T0210','F0003,F0017,F0028,F0008,F0032,F0036,F0024,','C0828'),
('O1319','T0198','F0023,F0001,F0034,F0023,F0020,F0023,','C0515'),
('O1320','T0201','F0004,F0023,F0003,F0025,F0008,','C0029'),
('O1321','T0078','F0011,F0035,','C0718'),
('O1322','T0212','F0011,F0016,F0038,F0012,F0017,F0021,','C0098'),
('O1323','T0113','F0016,F0031,F0021,F0012,','C0753'),
('O1324','T0198','F0003,F0035,F0019,F0037,F0019,F0002,F0008,F0024,','C0826'),
('O1325','T0074','F0001,F0034,F0038,F0008,','C0755'),
('O1326','T0242','F0028,F0014,F0035,F0001,F0021,F0022,F0024,F0027,','C0861'),
('O1327','T0284','F0038,F0024,','C0207'),
('O1328','T0058','F0009,F0012,F0008,F0012,F0017,F0005,F0024,','C0361'),
('O1329','T0018','F0006,F0010,F0028,F0039,F0011,F0015,F0011,F0026,','C0232'),
('O1330','T0113','F0009,F0009,F0028,F0034,F0014,','C0776'),
('O1331','T0017','F0027,F0033,F0035,F0016,','C0485'),
('O1332','T0246','F0035,F0010,F0032,F0029,F0028,F0040,F0026,','C0931'),
('O1333','T0094','F0026,F0030,F0026,F0018,F0014,F0001,','C0246'),
('O1334','T0091','F0024,F0005,F0014,F0013,F0024,F0036,','C0208'),
('O1335','T0177','F0005,F0030,F0017,','C0530'),
('O1336','T0295','F0006,F0006,F0035,F0024,F0023,F0033,','C0907'),
('O1337','T0085','F0030,F0004,F0010,F0020,F0033,','C0952'),
('O1338','T0262','F0018,F0026,F0009,F0034,F0016,','C0998'),
('O1339','T0083','F0035,F0001,F0039,F0011,F0006,F0040,','C0242'),
('O1340','T0105','F0029,F0038,F0031,F0009,F0014,F0038,','C0763'),
('O1341','T0032','F0005,F0006,F0025,F0007,','C0869'),
('O1342','T0062','F0009,F0022,F0040,F0020,F0016,F0039,F0017,','C0613'),
('O1343','T0104','F0022,F0020,','C0144'),
('O1344','T0081','F0010,F0003,F0012,F0026,F0013,F0038,F0021,F0026,','C0674'),
('O1345','T0020','F0022,F0039,F0028,F0015,F0009,F0033,F0012,F0018,','C0658'),
('O1346','T0174','F0026,F0026,F0017,F0015,F0017,F0033,','C0791'),
('O1347','T0055','F0007,F0023,','C0226'),
('O1348','T0168','F0010,F0001,F0009,F0032,F0025,','C0907'),
('O1349','T0099','F0006,F0013,','C0959'),
('O1350','T0065','F0009,F0037,F0013,F0029,F0033,F0036,','C0905'),
('O1351','T0179','F0037,F0027,F0018,F0005,F0011,','C0427'),
('O1352','T0186','F0003,F0006,F0001,F0027,F0003,','C0166'),
('O1353','T0024','F0027,F0025,F0007,F0026,F0007,F0030,','C0198'),
('O1354','T0093','F0030,F0011,F0033,F0006,F0029,F0013,F0018,','C0730'),
('O1355','T0218','F0003,F0040,F0020,','C0352'),
('O1356','T0209','F0002,F0003,F0022,','C0833'),
('O1357','T0236','F0029,F0004,F0019,F0026,F0018,','C0740'),
('O1358','T0018','F0011,F0014,F0035,F0036,F0024,','C0374'),
('O1359','T0236','F0040,F0037,F0027,F0031,F0017,F0029,','C0806'),
('O1360','T0089','F0019,F0004,F0012,F0032,F0028,F0039,F0027,','C0438'),
('O1361','T0115','F0023,F0016,F0020,F0021,F0018,','C0890'),
('O1362','T0043','F0034,F0006,F0008,F0033,F0039,F0029,F0037,F0038,','C0756'),
('O1363','T0299','F0003,F0011,F0010,F0020,F0026,F0001,F0015,F0038,','C0028'),
('O1364','T0159','F0040,F0011,F0025,','C0852'),
('O1365','T0001','F0027,F0033,','C0961'),
('O1366','T0232','F0030,F0023,F0024,F0018,F0038,','C0979'),
('O1367','T0247','F0007,F0040,F0017,F0025,F0039,F0012,F0036,','C0040'),
('O1368','T0261','F0035,F0026,F0026,','C0732'),
('O1369','T0033','F0014,F0006,F0014,F0004,F0015,F0011,F0005,','C0541'),
('O1370','T0104','F0011,F0022,F0003,F0013,F0020,','C0091'),
('O1371','T0129','F0040,F0034,F0029,F0037,F0015,','C0616'),
('O1372','T0156','F0029,F0020,F0025,','C0866'),
('O1373','T0280','F0008,F0018,F0004,F0027,','C0433'),
('O1374','T0199','F0006,F0033,F0027,F0003,F0008,F0029,F0024,','C0251'),
('O1375','T0241','F0031,F0039,F0011,F0033,F0015,F0024,F0021,F0033,','C0771'),
('O1376','T0291','F0010,F0002,F0002,F0029,F0039,F0040,','C0281'),
('O1377','T0026','F0032,F0009,','C0885'),
('O1378','T0052','F0020,F0039,F0025,F0032,F0020,F0019,F0022,','C0483'),
('O1379','T0272','F0037,F0012,F0018,F0013,F0008,F0001,F0031,F0016,','C0604'),
('O1380','T0013','F0039,F0004,F0003,F0026,F0001,F0029,F0034,','C0576'),
('O1381','T0015','F0006,F0006,F0028,F0036,F0035,F0009,','C0828'),
('O1382','T0289','F0009,F0004,F0006,F0037,F0011,F0006,F0008,','C0525'),
('O1383','T0067','F0021,F0013,F0009,F0024,F0023,F0026,F0026,F0036,','C0812'),
('O1384','T0184','F0010,F0028,F0003,F0025,F0023,','C0175'),
('O1385','T0024','F0005,F0029,F0002,F0014,F0017,F0002,F0009,F0028,','C0523'),
('O1386','T0281','F0036,F0033,','C0611'),
('O1387','T0223','F0016,F0006,F0017,F0005,F0024,F0030,F0002,F0008,','C0879'),
('O1388','T0218','F0010,F0031,F0040,F0014,F0020,','C0592'),
('O1389','T0267','F0019,F0014,F0028,','C0150'),
('O1390','T0057','F0030,F0034,F0014,','C0237'),
('O1391','T0020','F0005,F0010,F0020,F0031,F0034,F0030,','C0612'),
('O1392','T0005','F0010,F0012,F0029,F0023,F0040,F0032,','C0570'),
('O1393','T0287','F0009,F0001,F0002,F0028,F0038,F0014,F0006,F0008,','C0441'),
('O1394','T0208','F0004,F0023,','C0198'),
('O1395','T0019','F0012,F0009,F0029,','C0762'),
('O1396','T0019','F0027,F0020,F0008,F0019,F0026,F0027,F0024,','C0974'),
('O1397','T0287','F0005,F0025,F0038,F0015,','C0052'),
('O1398','T0267','F0009,F0020,F0030,F0012,F0013,','C0386'),
('O1399','T0078','F0005,F0034,F0003,F0022,F0027,','C0513'),
('O1400','T0298','F0011,F0025,F0005,','C0156'),
('O1401','T0087','F0035,F0030,F0040,F0035,','C0442'),
('O1402','T0211','F0028,F0005,F0036,F0020,F0016,','C0062'),
('O1403','T0187','F0006,F0028,F0027,F0028,F0019,F0027,F0006,F0009,','C0579'),
('O1404','T0288','F0018,F0037,F0031,F0026,F0034,F0003,','C0963'),
('O1405','T0291','F0029,F0001,F0004,F0023,','C0177'),
('O1406','T0231','F0027,F0002,','C0085'),
('O1407','T0298','F0024,F0012,F0015,','C0599'),
('O1408','T0145','F0022,F0036,F0020,F0026,F0038,F0013,','C0902'),
('O1409','T0129','F0032,F0013,F0023,F0005,','C0150'),
('O1410','T0068','F0009,F0005,F0005,F0036,','C0013'),
('O1411','T0291','F0031,F0033,F0015,F0008,','C0741'),
('O1412','T0135','F0001,F0022,F0030,F0022,F0010,F0026,','C0276'),
('O1413','T0158','F0015,F0002,F0034,F0040,','C0619'),
('O1414','T0109','F0010,F0015,F0032,F0014,F0002,F0022,F0012,','C0823'),
('O1415','T0167','F0031,F0001,F0027,','C0402'),
('O1416','T0174','F0025,F0023,F0027,F0034,F0025,F0023,F0037,F0006,','C0735'),
('O1417','T0097','F0033,F0036,','C0498'),
('O1418','T0137','F0016,F0010,','C0051'),
('O1419','T0061','F0029,F0012,F0024,F0020,F0026,F0018,','C0694'),
('O1420','T0118','F0022,F0029,','C0441'),
('O1421','T0126','F0009,F0036,F0029,F0002,F0004,F0033,F0032,','C0550'),
('O1422','T0266','F0001,F0034,F0006,','C0995'),
('O1423','T0055','F0036,F0011,F0017,F0029,F0015,F0033,F0031,','C0926'),
('O1424','T0178','F0016,F0009,F0004,','C0702'),
('O1425','T0139','F0010,F0014,F0038,F0006,F0030,F0001,F0024,','C0989'),
('O1426','T0275','F0023,F0011,F0026,','C0074'),
('O1427','T0102','F0038,F0028,F0014,','C0597'),
('O1428','T0225','F0038,F0003,F0019,F0001,','C0440'),
('O1429','T0178','F0031,F0032,F0021,F0038,','C0777'),
('O1430','T0138','F0033,F0030,F0033,','C0442'),
('O1431','T0048','F0031,F0020,F0035,F0033,F0001,','C0556'),
('O1432','T0131','F0030,F0005,F0023,F0011,F0006,F0029,F0021,','C0194'),
('O1433','T0002','F0038,F0013,F0010,F0034,','C0279'),
('O1434','T0053','F0016,F0038,F0040,','C0425'),
('O1435','T0115','F0004,F0031,F0019,F0024,F0015,F0005,F0037,F0013,','C0451'),
('O1436','T0146','F0025,F0009,','C0800'),
('O1437','T0295','F0023,F0017,F0014,F0005,F0024,F0022,F0016,','C0844'),
('O1438','T0288','F0019,F0038,F0013,F0007,F0040,F0003,F0038,','C0375'),
('O1439','T0227','F0023,F0018,F0024,F0024,','C0629'),
('O1440','T0276','F0034,F0037,F0017,','C0602'),
('O1441','T0171','F0023,F0018,F0036,F0022,F0030,','C0503'),
('O1442','T0162','F0029,F0012,F0017,F0038,F0006,F0022,F0010,F0015,','C0707'),
('O1443','T0267','F0011,F0002,F0006,F0023,F0009,F0007,','C0920'),
('O1444','T0133','F0009,F0037,F0036,F0027,F0027,F0015,F0031,F0010,','C0326'),
('O1445','T0156','F0017,F0018,F0023,F0004,F0036,F0026,F0040,','C0428'),
('O1446','T0156','F0035,F0007,F0002,F0018,F0028,F0031,F0029,','C0359'),
('O1447','T0234','F0006,F0008,','C0514'),
('O1448','T0244','F0015,F0004,F0010,','C0799'),
('O1449','T0265','F0011,F0032,','C0658'),
('O1450','T0129','F0038,F0039,F0040,F0003,F0010,F0030,F0010,F0023,','C0925'),
('O1451','T0038','F0007,F0012,F0031,','C0647'),
('O1452','T0166','F0023,F0031,F0013,F0006,F0035,F0018,F0038,','C0821'),
('O1453','T0051','F0025,F0023,','C0665'),
('O1454','T0200','F0037,F0025,F0027,F0001,F0023,','C0185'),
('O1455','T0058','F0024,F0037,F0006,F0013,F0036,F0036,F0007,','C0213'),
('O1456','T0291','F0030,F0039,F0021,F0013,F0019,F0022,F0014,F0006,','C0680'),
('O1457','T0274','F0023,F0030,F0036,F0019,F0002,F0036,F0039,','C0001'),
('O1458','T0282','F0025,F0008,F0017,F0024,F0029,','C0723'),
('O1459','T0298','F0025,F0036,F0029,F0010,F0038,F0023,F0012,F0022,','C0273'),
('O1460','T0151','F0024,F0006,F0013,F0015,F0030,F0026,F0033,','C0818'),
('O1461','T0224','F0003,F0005,F0013,F0020,F0026,','C0386'),
('O1462','T0299','F0010,F0013,F0007,F0006,','C0793'),
('O1463','T0161','F0001,F0019,F0032,F0036,F0004,','C0230'),
('O1464','T0146','F0007,F0006,F0036,F0024,F0017,','C0923'),
('O1465','T0190','F0037,F0036,F0018,F0031,F0001,F0019,F0013,F0003,','C0758'),
('O1466','T0121','F0004,F0007,F0015,F0017,F0005,F0008,F0016,F0018,','C0153'),
('O1467','T0243','F0029,F0012,','C0061'),
('O1468','T0290','F0024,F0023,F0029,F0011,F0039,F0003,','C0429'),
('O1469','T0109','F0038,F0016,F0013,F0010,','C0090'),
('O1470','T0176','F0011,F0027,F0023,F0037,F0007,','C0922'),
('O1471','T0283','F0001,F0039,F0024,F0040,F0006,','C0610'),
('O1472','T0134','F0026,F0033,F0024,F0037,','C0629'),
('O1473','T0152','F0017,F0011,F0034,F0034,','C0965'),
('O1474','T0233','F0030,F0022,F0004,F0009,F0019,F0030,','C0150'),
('O1475','T0098','F0022,F0025,F0040,F0040,','C0085'),
('O1476','T0137','F0039,F0005,F0018,','C0681'),
('O1477','T0278','F0039,F0032,F0032,F0033,F0004,','C0388'),
('O1478','T0230','F0013,F0020,F0004,F0016,','C0017'),
('O1479','T0156','F0034,F0036,F0022,F0034,','C0473'),
('O1480','T0006','F0017,F0028,','C0998'),
('O1481','T0240','F0033,F0003,F0011,F0004,F0004,','C0187'),
('O1482','T0055','F0001,F0001,F0007,F0013,','C0501'),
('O1483','T0276','F0027,F0026,F0018,','C0860'),
('O1484','T0276','F0038,F0033,F0020,F0040,F0002,F0030,F0030,','C0474'),
('O1485','T0074','F0026,F0011,F0029,F0027,F0040,','C0095'),
('O1486','T0036','F0030,F0037,F0004,F0012,F0035,F0026,F0026,F0007,','C0603'),
('O1487','T0063','F0031,F0005,F0040,F0021,F0035,','C0917'),
('O1488','T0068','F0010,F0009,F0023,F0022,F0026,F0036,','C0747'),
('O1489','T0227','F0006,F0013,F0030,F0011,F0031,','C0607'),
('O1490','T0090','F0022,F0007,F0025,F0035,F0028,F0004,F0031,','C0453'),
('O1491','T0120','F0022,F0027,F0029,F0026,F0002,F0002,F0001,F0022,','C0821'),
('O1492','T0212','F0010,F0011,F0002,','C0786'),
('O1493','T0004','F0040,F0006,','C0831'),
('O1494','T0072','F0016,F0019,F0022,F0015,F0022,F0002,F0027,','C0868'),
('O1495','T0009','F0022,F0030,F0022,F0013,','C0611'),
('O1496','T0212','F0011,F0029,','C0913'),
('O1497','T0299','F0025,F0007,F0020,','C0274'),
('O1498','T0234','F0013,F0014,F0037,F0019,','C0996'),
('O1499','T0112','F0032,F0030,','C0040'),
('O1500','T0067','F0036,F0011,','C0548')


Insert into Invoice
Values
('I0001','O0001','B0003',4445,0,'C0740'),
('I0002','O0002','B0001',2517,10,'C0388'),
('I0003','O0003','B0004',9175,0,'C0465'),
('I0004','O0004','B0006',2028,0,'C0332'),
('I0005','O0005','B0004',5632,0,'C0823'),
('I0006','O0006','B0007',7212,0,'C0216'),
('I0007','O0007','B0001',1790,0,'C0951'),
('I0008','O0008','B0010',1627,50,'C0856'),
('I0009','O0009','B0010',7794,0,'C0934'),
('I0010','O0010','B0010',3744,0,'C0710'),
('I0011','O0011','B0008',2319,0,'C0773'),
('I0012','O0012','B0008',9567,0,'C0221'),
('I0013','O0013','B0004',8020,50,'C0931'),
('I0014','O0014','B0005',4792,0,'C0932'),
('I0015','O0015','B0007',7746,0,'C0931'),
('I0016','O0016','B0005',5020,30,'C0318'),
('I0017','O0017','B0010',3274,0,'C0660'),
('I0018','O0018','B0005',1518,40,'C0609'),
('I0019','O0019','B0006',1663,50,'C0108'),
('I0020','O0020','B0008',1783,0,'C0460'),
('I0021','O0021','B0005',6685,0,'C0150'),
('I0022','O0022','B0010',4635,50,'C0168'),
('I0023','O0023','B0010',2777,0,'C0856'),
('I0024','O0024','B0004',3699,0,'C0816'),
('I0025','O0025','B0006',7401,0,'C0813'),
('I0026','O0026','B0005',2043,40,'C0392'),
('I0027','O0027','B0009',4722,30,'C0079'),
('I0028','O0028','B0010',7744,0,'C0638'),
('I0029','O0029','B0003',6321,0,'C0934'),
('I0030','O0030','B0004',7612,50,'C0420'),
('I0031','O0031','B0002',1867,0,'C0018'),
('I0032','O0032','B0008',4454,0,'C0639'),
('I0033','O0033','B0005',2193,0,'C0200'),
('I0034','O0034','B0006',4094,0,'C0971'),
('I0035','O0035','B0010',8687,0,'C0950'),
('I0036','O0036','B0003',7535,0,'C0187'),
('I0037','O0037','B0004',9046,0,'C0234'),
('I0038','O0038','B0008',8773,10,'C0473'),
('I0039','O0039','B0004',7962,0,'C0287'),
('I0040','O0040','B0002',3073,0,'C0358'),
('I0041','O0041','B0004',6159,30,'C0938'),
('I0042','O0042','B0010',7252,0,'C0857'),
('I0043','O0043','B0007',5546,30,'C0919'),
('I0044','O0044','B0002',3487,30,'C0925'),
('I0045','O0045','B0004',8383,20,'C0694'),
('I0046','O0046','B0006',1421,0,'C0616'),
('I0047','O0047','B0003',4596,0,'C0497'),
('I0048','O0048','B0004',3670,0,'C0551'),
('I0049','O0049','B0004',4142,0,'C0310'),
('I0050','O0050','B0006',1499,0,'C0515'),
('I0051','O0051','B0010',3332,0,'C0059'),
('I0052','O0052','B0010',6263,0,'C0082'),
('I0053','O0053','B0002',1410,0,'C0883'),
('I0054','O0054','B0001',8423,0,'C0069'),
('I0055','O0055','B0003',6398,0,'C0764'),
('I0056','O0056','B0007',9526,0,'C0798'),
('I0057','O0057','B0009',5414,0,'C0718'),
('I0058','O0058','B0001',5803,0,'C0697'),
('I0059','O0059','B0004',5302,0,'C0924'),
('I0060','O0060','B0001',9822,50,'C0973'),
('I0061','O0061','B0010',5048,0,'C0295'),
('I0062','O0062','B0002',2572,40,'C0516'),
('I0063','O0063','B0010',7491,0,'C0028'),
('I0064','O0064','B0006',8777,0,'C0893'),
('I0065','O0065','B0006',4242,0,'C0405'),
('I0066','O0066','B0004',9736,0,'C0323'),
('I0067','O0067','B0007',6658,0,'C0207'),
('I0068','O0068','B0009',1785,0,'C0580'),
('I0069','O0069','B0007',3460,0,'C0591'),
('I0070','O0070','B0005',3571,0,'C0896'),
('I0071','O0071','B0008',7996,0,'C0920'),
('I0072','O0072','B0006',6571,0,'C0082'),
('I0073','O0073','B0007',5580,20,'C0326'),
('I0074','O0074','B0008',3767,0,'C0741'),
('I0075','O0075','B0006',8543,40,'C0922'),
('I0076','O0076','B0004',7563,0,'C0886'),
('I0077','O0077','B0005',9458,10,'C0934'),
('I0078','O0078','B0006',6882,0,'C0134'),
('I0079','O0079','B0009',1639,0,'C0777'),
('I0080','O0080','B0001',3974,0,'C0797'),
('I0081','O0081','B0009',3579,20,'C0104'),
('I0082','O0082','B0010',3343,0,'C0855'),
('I0083','O0083','B0008',6506,0,'C0962'),
('I0084','O0084','B0004',8499,0,'C0568'),
('I0085','O0085','B0003',7788,0,'C0382'),
('I0086','O0086','B0008',4659,10,'C0203'),
('I0087','O0087','B0005',6939,0,'C0497'),
('I0088','O0088','B0001',9318,0,'C0046'),
('I0089','O0089','B0001',915,0,'C0668'),
('I0090','O0090','B0008',4571,0,'C0385'),
('I0091','O0091','B0002',1568,30,'C0554'),
('I0092','O0092','B0010',4242,0,'C0651'),
('I0093','O0093','B0010',2862,0,'C0947'),
('I0094','O0094','B0002',3171,0,'C0929'),
('I0095','O0095','B0001',839,0,'C0865'),
('I0096','O0096','B0006',4866,0,'C0555'),
('I0097','O0097','B0003',2827,0,'C0434'),
('I0098','O0098','B0001',1766,0,'C0872'),
('I0099','O0099','B0010',5184,20,'C0586'),
('I0100','O0100','B0004',9151,10,'C0038'),
('I0101','O0101','B0007',8263,20,'C0154'),
('I0102','O0102','B0003',7935,30,'C0172'),
('I0103','O0103','B0004',1233,0,'C0301'),
('I0104','O0104','B0007',2245,0,'C0704'),
('I0105','O0105','B0007',1757,50,'C0095'),
('I0106','O0106','B0006',4790,0,'C0461'),
('I0107','O0107','B0005',5345,0,'C0369'),
('I0108','O0108','B0003',4106,0,'C0201'),
('I0109','O0109','B0001',2128,0,'C0613'),
('I0110','O0110','B0010',2196,0,'C0872'),
('I0111','O0111','B0002',4824,0,'C0083'),
('I0112','O0112','B0007',6504,40,'C0026'),
('I0113','O0113','B0007',9106,0,'C0357'),
('I0114','O0114','B0008',1386,0,'C0588'),
('I0115','O0115','B0005',4335,30,'C0735'),
('I0116','O0116','B0006',905,30,'C0962'),
('I0117','O0117','B0003',375,0,'C0146'),
('I0118','O0118','B0006',9498,0,'C0562'),
('I0119','O0119','B0003',806,40,'C0591'),
('I0120','O0120','B0005',7848,0,'C0317'),
('I0121','O0121','B0003',7709,0,'C0071'),
('I0122','O0122','B0007',5978,0,'C0527'),
('I0123','O0123','B0006',4455,30,'C0398'),
('I0124','O0124','B0001',8760,0,'C0205'),
('I0125','O0125','B0004',7201,0,'C0917'),
('I0126','O0126','B0004',6378,0,'C0312'),
('I0127','O0127','B0007',2649,0,'C0828'),
('I0128','O0128','B0009',9651,0,'C0012'),
('I0129','O0129','B0007',9365,0,'C0958'),
('I0130','O0130','B0002',1173,0,'C0821'),
('I0131','O0131','B0009',7401,0,'C0953'),
('I0132','O0132','B0009',9246,0,'C0659'),
('I0133','O0133','B0007',797,0,'C0012'),
('I0134','O0134','B0005',6107,10,'C0164'),
('I0135','O0135','B0009',8500,50,'C0151'),
('I0136','O0136','B0009',7152,0,'C0129'),
('I0137','O0137','B0004',5242,0,'C0786'),
('I0138','O0138','B0005',2243,0,'C0207'),
('I0139','O0139','B0008',9533,40,'C0254'),
('I0140','O0140','B0006',5164,30,'C0151'),
('I0141','O0141','B0005',1603,0,'C0034'),
('I0142','O0142','B0001',9076,0,'C0447'),
('I0143','O0143','B0003',7838,0,'C0793'),
('I0144','O0144','B0008',2620,0,'C0922'),
('I0145','O0145','B0007',4541,0,'C0446'),
('I0146','O0146','B0002',6864,0,'C0853'),
('I0147','O0147','B0004',1758,0,'C0683'),
('I0148','O0148','B0009',3704,0,'C0182'),
('I0149','O0149','B0007',7308,0,'C0998'),
('I0150','O0150','B0009',5074,0,'C0919'),
('I0151','O0151','B0004',9988,0,'C0822'),
('I0152','O0152','B0002',8531,0,'C0357'),
('I0153','O0153','B0010',2178,0,'C0138'),
('I0154','O0154','B0008',8797,0,'C0489'),
('I0155','O0155','B0005',8907,0,'C0150'),
('I0156','O0156','B0004',1530,40,'C0747'),
('I0157','O0157','B0010',7012,0,'C0491'),
('I0158','O0158','B0009',2168,10,'C0367'),
('I0159','O0159','B0007',8177,20,'C0390'),
('I0160','O0160','B0004',3547,0,'C0489'),
('I0161','O0161','B0010',3090,30,'C0941'),
('I0162','O0162','B0001',9851,0,'C0134'),
('I0163','O0163','B0009',701,0,'C0917'),
('I0164','O0164','B0001',2610,0,'C0020'),
('I0165','O0165','B0006',2314,0,'C0112'),
('I0166','O0166','B0007',5559,0,'C0782'),
('I0167','O0167','B0010',9745,30,'C0032'),
('I0168','O0168','B0003',2582,0,'C0277'),
('I0169','O0169','B0010',9178,0,'C0389'),
('I0170','O0170','B0010',8535,0,'C0045'),
('I0171','O0171','B0004',5397,30,'C0184'),
('I0172','O0172','B0002',932,0,'C0641'),
('I0173','O0173','B0005',4813,0,'C0485'),
('I0174','O0174','B0004',2254,50,'C0900'),
('I0175','O0175','B0009',4120,0,'C0436'),
('I0176','O0176','B0005',4807,0,'C0377'),
('I0177','O0177','B0003',4768,10,'C0521'),
('I0178','O0178','B0008',3944,0,'C0492'),
('I0179','O0179','B0002',1591,40,'C0185'),
('I0180','O0180','B0004',7190,0,'C0628'),
('I0181','O0181','B0004',251,0,'C0610'),
('I0182','O0182','B0008',6160,0,'C0844'),
('I0183','O0183','B0004',1664,0,'C0726'),
('I0184','O0184','B0009',7017,0,'C0263'),
('I0185','O0185','B0008',8676,0,'C0667'),
('I0186','O0186','B0005',7966,0,'C0923'),
('I0187','O0187','B0009',8829,0,'C0930'),
('I0188','O0188','B0001',7546,0,'C0720'),
('I0189','O0189','B0005',6483,0,'C0466'),
('I0190','O0190','B0010',7895,0,'C0495'),
('I0191','O0191','B0003',5334,0,'C0293'),
('I0192','O0192','B0009',9445,0,'C0849'),
('I0193','O0193','B0005',2725,20,'C0985'),
('I0194','O0194','B0010',3026,0,'C0879'),
('I0195','O0195','B0009',2184,0,'C0679'),
('I0196','O0196','B0003',9897,0,'C0415'),
('I0197','O0197','B0003',2613,0,'C0028'),
('I0198','O0198','B0010',5347,0,'C0740'),
('I0199','O0199','B0009',705,10,'C0136'),
('I0200','O0200','B0003',6780,0,'C0336'),
('I0201','O0201','B0002',479,0,'C0494'),
('I0202','O0202','B0001',7832,20,'C0477'),
('I0203','O0203','B0007',1740,0,'C0992'),
('I0204','O0204','B0009',6527,0,'C0878'),
('I0205','O0205','B0010',638,0,'C0783'),
('I0206','O0206','B0008',7692,0,'C0509'),
('I0207','O0207','B0005',5971,0,'C0485'),
('I0208','O0208','B0004',8647,50,'C0367'),
('I0209','O0209','B0009',1373,0,'C0944'),
('I0210','O0210','B0005',2011,0,'C0323'),
('I0211','O0211','B0007',925,0,'C0429'),
('I0212','O0212','B0007',649,0,'C0516'),
('I0213','O0213','B0010',464,0,'C0022'),
('I0214','O0214','B0001',8398,0,'C0591'),
('I0215','O0215','B0005',9514,0,'C0659'),
('I0216','O0216','B0002',409,10,'C0835'),
('I0217','O0217','B0006',4550,0,'C0785'),
('I0218','O0218','B0010',7729,0,'C0618'),
('I0219','O0219','B0005',1860,0,'C0171'),
('I0220','O0220','B0007',5151,0,'C0231'),
('I0221','O0221','B0006',3678,0,'C0782'),
('I0222','O0222','B0008',8386,40,'C0290'),
('I0223','O0223','B0008',2264,40,'C0934'),
('I0224','O0224','B0006',3571,0,'C0693'),
('I0225','O0225','B0004',1859,0,'C0777'),
('I0226','O0226','B0007',8583,0,'C0746'),
('I0227','O0227','B0003',5923,0,'C0169'),
('I0228','O0228','B0009',3436,10,'C0779'),
('I0229','O0229','B0001',4587,0,'C0138'),
('I0230','O0230','B0003',3627,0,'C0510'),
('I0231','O0231','B0008',4714,0,'C0105'),
('I0232','O0232','B0006',7028,50,'C0621'),
('I0233','O0233','B0006',1413,0,'C0703'),
('I0234','O0234','B0005',5650,0,'C0867'),
('I0235','O0235','B0002',2579,0,'C0442'),
('I0236','O0236','B0009',7145,0,'C0121'),
('I0237','O0237','B0005',4740,0,'C0461'),
('I0238','O0238','B0003',5945,0,'C0351'),
('I0239','O0239','B0006',9052,0,'C0315'),
('I0240','O0240','B0006',8674,0,'C0711'),
('I0241','O0241','B0004',5734,20,'C0103'),
('I0242','O0242','B0002',2839,50,'C0437'),
('I0243','O0243','B0001',1323,0,'C0368'),
('I0244','O0244','B0009',1052,50,'C0041'),
('I0245','O0245','B0004',9560,0,'C0224'),
('I0246','O0246','B0003',1934,0,'C0201'),
('I0247','O0247','B0001',4480,0,'C0705'),
('I0248','O0248','B0004',6061,0,'C0955'),
('I0249','O0249','B0006',2948,50,'C0545'),
('I0250','O0250','B0003',4221,0,'C0367'),
('I0251','O0251','B0002',8171,50,'C0997'),
('I0252','O0252','B0006',6939,0,'C0202'),
('I0253','O0253','B0002',3637,0,'C0652'),
('I0254','O0254','B0005',2702,0,'C0476'),
('I0255','O0255','B0001',465,0,'C0358'),
('I0256','O0256','B0001',1717,0,'C0602'),
('I0257','O0257','B0010',3454,50,'C0321'),
('I0258','O0258','B0008',2604,0,'C0422'),
('I0259','O0259','B0010',5748,0,'C0963'),
('I0260','O0260','B0006',8594,0,'C0797'),
('I0261','O0261','B0009',7263,30,'C0096'),
('I0262','O0262','B0004',7806,0,'C0722'),
('I0263','O0263','B0003',4158,0,'C0300'),
('I0264','O0264','B0003',9171,0,'C0030'),
('I0265','O0265','B0001',318,0,'C0992'),
('I0266','O0266','B0001',7440,0,'C0842'),
('I0267','O0267','B0010',1358,0,'C0996'),
('I0268','O0268','B0008',6727,0,'C0893'),
('I0269','O0269','B0002',7156,40,'C0093'),
('I0270','O0270','B0002',4560,40,'C0750'),
('I0271','O0271','B0007',7764,20,'C0056'),
('I0272','O0272','B0003',8144,0,'C0007'),
('I0273','O0273','B0006',2558,20,'C0385'),
('I0274','O0274','B0010',1764,20,'C0661'),
('I0275','O0275','B0010',9190,0,'C0057'),
('I0276','O0276','B0008',204,10,'C0286'),
('I0277','O0277','B0004',1867,0,'C0212'),
('I0278','O0278','B0007',8346,0,'C0252'),
('I0279','O0279','B0005',246,0,'C0336'),
('I0280','O0280','B0006',1866,0,'C0881'),
('I0281','O0281','B0007',7120,0,'C0857'),
('I0282','O0282','B0002',3091,0,'C0799'),
('I0283','O0283','B0009',4619,0,'C0612'),
('I0284','O0284','B0003',6253,0,'C0862'),
('I0285','O0285','B0006',3603,50,'C0769'),
('I0286','O0286','B0006',378,0,'C0631'),
('I0287','O0287','B0004',9611,0,'C0465'),
('I0288','O0288','B0004',2377,40,'C0631'),
('I0289','O0289','B0005',913,0,'C0692'),
('I0290','O0290','B0005',1265,0,'C0131'),
('I0291','O0291','B0008',6129,0,'C0816'),
('I0292','O0292','B0002',9085,0,'C0988'),
('I0293','O0293','B0009',8266,0,'C0854'),
('I0294','O0294','B0003',6282,0,'C0011'),
('I0295','O0295','B0007',4292,0,'C0317'),
('I0296','O0296','B0006',3162,0,'C0863'),
('I0297','O0297','B0008',8418,0,'C0218'),
('I0298','O0298','B0008',1236,0,'C0276'),
('I0299','O0299','B0001',4331,0,'C0806'),
('I0300','O0300','B0005',8501,0,'C0146'),
('I0301','O0301','B0002',606,0,'C0259'),
('I0302','O0302','B0003',7572,0,'C0066'),
('I0303','O0303','B0010',8321,0,'C0512'),
('I0304','O0304','B0010',5947,0,'C0988'),
('I0305','O0305','B0008',8596,20,'C0302'),
('I0306','O0306','B0004',3997,0,'C0231'),
('I0307','O0307','B0002',9622,0,'C0992'),
('I0308','O0308','B0003',1584,30,'C0223'),
('I0309','O0309','B0010',9732,0,'C0501'),
('I0310','O0310','B0008',7409,0,'C0783'),
('I0311','O0311','B0002',6905,0,'C0617'),
('I0312','O0312','B0005',5515,0,'C0294'),
('I0313','O0313','B0005',4751,40,'C0269'),
('I0314','O0314','B0001',2541,0,'C0253'),
('I0315','O0315','B0003',8647,20,'C0862'),
('I0316','O0316','B0010',2402,0,'C0399'),
('I0317','O0317','B0007',7492,0,'C0083'),
('I0318','O0318','B0007',6126,0,'C0075'),
('I0319','O0319','B0006',1654,0,'C0181'),
('I0320','O0320','B0001',8853,30,'C0581'),
('I0321','O0321','B0008',4508,0,'C0822'),
('I0322','O0322','B0004',7157,0,'C0344'),
('I0323','O0323','B0003',5835,0,'C0303'),
('I0324','O0324','B0007',7600,0,'C0308'),
('I0325','O0325','B0009',4348,0,'C0197'),
('I0326','O0326','B0005',6751,0,'C0022'),
('I0327','O0327','B0005',2314,0,'C0205'),
('I0328','O0328','B0009',3473,30,'C0079'),
('I0329','O0329','B0001',7001,50,'C0313'),
('I0330','O0330','B0009',1278,0,'C0610'),
('I0331','O0331','B0007',8202,0,'C0246'),
('I0332','O0332','B0005',1017,0,'C0365'),
('I0333','O0333','B0004',7010,0,'C0697'),
('I0334','O0334','B0007',6194,0,'C0770'),
('I0335','O0335','B0003',2073,0,'C0301'),
('I0336','O0336','B0004',1588,0,'C0091'),
('I0337','O0337','B0003',8382,0,'C0292'),
('I0338','O0338','B0002',4878,0,'C0531'),
('I0339','O0339','B0003',1684,0,'C0356'),
('I0340','O0340','B0006',8067,0,'C0268'),
('I0341','O0341','B0003',1078,0,'C0124'),
('I0342','O0342','B0004',4968,0,'C0437'),
('I0343','O0343','B0002',9808,0,'C0736'),
('I0344','O0344','B0003',5185,0,'C0425'),
('I0345','O0345','B0004',2435,0,'C0475'),
('I0346','O0346','B0009',6874,0,'C0872'),
('I0347','O0347','B0006',9027,0,'C0592'),
('I0348','O0348','B0006',1575,0,'C0842'),
('I0349','O0349','B0001',5414,0,'C0887'),
('I0350','O0350','B0008',2071,40,'C0367'),
('I0351','O0351','B0003',5067,20,'C0261'),
('I0352','O0352','B0001',5989,40,'C0955'),
('I0353','O0353','B0008',8866,0,'C0692'),
('I0354','O0354','B0003',467,0,'C0851'),
('I0355','O0355','B0005',6986,0,'C0691'),
('I0356','O0356','B0005',9428,0,'C0509'),
('I0357','O0357','B0004',9873,30,'C0279'),
('I0358','O0358','B0009',8764,30,'C0086'),
('I0359','O0359','B0005',2873,0,'C0223'),
('I0360','O0360','B0009',6356,0,'C0877'),
('I0361','O0361','B0001',4955,30,'C0223'),
('I0362','O0362','B0010',3587,0,'C0469'),
('I0363','O0363','B0009',356,0,'C0998'),
('I0364','O0364','B0007',9294,0,'C0626'),
('I0365','O0365','B0005',8212,50,'C0139'),
('I0366','O0366','B0003',3275,0,'C0324'),
('I0367','O0367','B0004',2004,0,'C0380'),
('I0368','O0368','B0007',2929,0,'C0476'),
('I0369','O0369','B0009',3300,30,'C0561'),
('I0370','O0370','B0003',4365,0,'C0495'),
('I0371','O0371','B0005',3311,0,'C0770'),
('I0372','O0372','B0006',5686,0,'C0608'),
('I0373','O0373','B0010',7316,0,'C0341'),
('I0374','O0374','B0010',8165,0,'C0819'),
('I0375','O0375','B0008',2600,0,'C0955'),
('I0376','O0376','B0005',2158,0,'C0530'),
('I0377','O0377','B0004',9568,0,'C0608'),
('I0378','O0378','B0006',7245,0,'C0416'),
('I0379','O0379','B0009',4782,0,'C0481'),
('I0380','O0380','B0009',2909,0,'C0813'),
('I0381','O0381','B0001',1332,0,'C0119'),
('I0382','O0382','B0007',9514,0,'C0977'),
('I0383','O0383','B0009',5211,30,'C0759'),
('I0384','O0384','B0010',8500,0,'C0503'),
('I0385','O0385','B0005',8440,0,'C0781'),
('I0386','O0386','B0001',1318,0,'C0556'),
('I0387','O0387','B0004',8057,0,'C0771'),
('I0388','O0388','B0008',4660,50,'C0239'),
('I0389','O0389','B0003',5922,0,'C0989'),
('I0390','O0390','B0007',8237,0,'C0749'),
('I0391','O0391','B0006',9118,0,'C0861'),
('I0392','O0392','B0010',893,0,'C0539'),
('I0393','O0393','B0007',5160,0,'C0356'),
('I0394','O0394','B0009',3939,0,'C0962'),
('I0395','O0395','B0009',9987,0,'C0600'),
('I0396','O0396','B0009',9486,50,'C0122'),
('I0397','O0397','B0008',1134,10,'C0517'),
('I0398','O0398','B0001',6551,0,'C0930'),
('I0399','O0399','B0006',4006,0,'C0950'),
('I0400','O0400','B0007',9701,0,'C0179'),
('I0401','O0401','B0007',1290,0,'C0578'),
('I0402','O0402','B0002',7723,0,'C0703'),
('I0403','O0403','B0008',3663,0,'C0882'),
('I0404','O0404','B0005',4718,0,'C0568'),
('I0405','O0405','B0002',7540,0,'C0798'),
('I0406','O0406','B0008',4729,0,'C0516'),
('I0407','O0407','B0007',2223,0,'C0967'),
('I0408','O0408','B0005',5957,0,'C0541'),
('I0409','O0409','B0006',9137,0,'C0230'),
('I0410','O0410','B0007',5096,0,'C0229'),
('I0411','O0411','B0001',8713,0,'C0554'),
('I0412','O0412','B0002',2421,40,'C0840'),
('I0413','O0413','B0003',3120,0,'C0160'),
('I0414','O0414','B0006',9812,0,'C0783'),
('I0415','O0415','B0005',2226,0,'C0289'),
('I0416','O0416','B0004',9366,0,'C0661'),
('I0417','O0417','B0002',8497,50,'C0773'),
('I0418','O0418','B0009',2890,0,'C0315'),
('I0419','O0419','B0003',2100,30,'C0561'),
('I0420','O0420','B0006',1342,0,'C0966'),
('I0421','O0421','B0009',8541,0,'C0199'),
('I0422','O0422','B0003',4765,50,'C0927'),
('I0423','O0423','B0008',5561,20,'C0041'),
('I0424','O0424','B0009',9746,20,'C0526'),
('I0425','O0425','B0007',3028,0,'C0421'),
('I0426','O0426','B0003',2877,0,'C0488'),
('I0427','O0427','B0005',3893,0,'C0229'),
('I0428','O0428','B0008',3400,0,'C0056'),
('I0429','O0429','B0006',6979,0,'C0217'),
('I0430','O0430','B0006',4499,0,'C0139'),
('I0431','O0431','B0006',7350,0,'C0042'),
('I0432','O0432','B0001',1076,0,'C0268'),
('I0433','O0433','B0002',5732,0,'C0050'),
('I0434','O0434','B0005',2206,0,'C0195'),
('I0435','O0435','B0009',9932,10,'C0137'),
('I0436','O0436','B0001',7031,0,'C0925'),
('I0437','O0437','B0001',8367,0,'C0028'),
('I0438','O0438','B0003',8971,0,'C0406'),
('I0439','O0439','B0002',3349,0,'C0586'),
('I0440','O0440','B0006',3217,0,'C0141'),
('I0441','O0441','B0002',1013,30,'C0995'),
('I0442','O0442','B0006',2774,0,'C0460'),
('I0443','O0443','B0008',6558,0,'C0970'),
('I0444','O0444','B0002',4432,0,'C0188'),
('I0445','O0445','B0002',2997,40,'C0089'),
('I0446','O0446','B0004',3258,0,'C0661'),
('I0447','O0447','B0004',8119,0,'C0062'),
('I0448','O0448','B0009',955,0,'C0285'),
('I0449','O0449','B0006',4384,0,'C0597'),
('I0450','O0450','B0005',9208,0,'C0218'),
('I0451','O0451','B0001',9176,0,'C0292'),
('I0452','O0452','B0008',2247,0,'C0118'),
('I0453','O0453','B0006',9219,0,'C0585'),
('I0454','O0454','B0001',921,0,'C0254'),
('I0455','O0455','B0010',7649,0,'C0991'),
('I0456','O0456','B0008',5387,0,'C0516'),
('I0457','O0457','B0005',9964,0,'C0910'),
('I0458','O0458','B0008',2378,0,'C0591'),
('I0459','O0459','B0006',7831,0,'C0228'),
('I0460','O0460','B0006',6458,0,'C0809'),
('I0461','O0461','B0009',7061,0,'C0379'),
('I0462','O0462','B0010',6120,40,'C0767'),
('I0463','O0463','B0003',9940,20,'C0350'),
('I0464','O0464','B0004',4622,0,'C0763'),
('I0465','O0465','B0005',7641,0,'C0110'),
('I0466','O0466','B0010',692,50,'C0158'),
('I0467','O0467','B0005',1837,0,'C0816'),
('I0468','O0468','B0005',9903,0,'C0962'),
('I0469','O0469','B0006',1469,0,'C0686'),
('I0470','O0470','B0008',2543,20,'C0684'),
('I0471','O0471','B0001',7024,20,'C0038'),
('I0472','O0472','B0009',1692,0,'C0316'),
('I0473','O0473','B0008',8550,0,'C0733'),
('I0474','O0474','B0004',8805,0,'C0720'),
('I0475','O0475','B0007',1360,0,'C0108'),
('I0476','O0476','B0002',9211,0,'C0271'),
('I0477','O0477','B0003',2960,0,'C0235'),
('I0478','O0478','B0005',7301,0,'C0014'),
('I0479','O0479','B0008',223,0,'C0354'),
('I0480','O0480','B0001',4827,0,'C0455'),
('I0481','O0481','B0003',8601,0,'C0430'),
('I0482','O0482','B0008',6215,30,'C0735'),
('I0483','O0483','B0001',1306,0,'C0704'),
('I0484','O0484','B0005',6098,30,'C0323'),
('I0485','O0485','B0004',9154,0,'C0204'),
('I0486','O0486','B0010',5618,30,'C0395'),
('I0487','O0487','B0008',6600,0,'C0635'),
('I0488','O0488','B0005',9550,0,'C0882'),
('I0489','O0489','B0006',1355,0,'C0160'),
('I0490','O0490','B0008',9044,0,'C0580'),
('I0491','O0491','B0010',2078,0,'C0766'),
('I0492','O0492','B0007',7026,50,'C0491'),
('I0493','O0493','B0004',6289,0,'C0056'),
('I0494','O0494','B0010',6096,0,'C0936'),
('I0495','O0495','B0004',7835,0,'C0127'),
('I0496','O0496','B0009',9866,0,'C0318'),
('I0497','O0497','B0003',2976,0,'C0869'),
('I0498','O0498','B0010',1606,0,'C0444'),
('I0499','O0499','B0010',8023,0,'C0161'),
('I0500','O0500','B0005',7677,30,'C0510'),
('I0501','O0501','B0005',221,0,'C0408'),
('I0502','O0502','B0004',8190,20,'C0389'),
('I0503','O0503','B0007',5996,0,'C0058'),
('I0504','O0504','B0002',9251,0,'C0561'),
('I0505','O0505','B0006',6816,0,'C0586'),
('I0506','O0506','B0004',702,50,'C0938'),
('I0507','O0507','B0008',3019,40,'C0006'),
('I0508','O0508','B0004',4931,0,'C0415'),
('I0509','O0509','B0001',1748,0,'C0034'),
('I0510','O0510','B0007',4746,0,'C0318'),
('I0511','O0511','B0008',3132,30,'C0609'),
('I0512','O0512','B0004',976,0,'C0987'),
('I0513','O0513','B0003',4019,0,'C0533'),
('I0514','O0514','B0005',5197,0,'C0568'),
('I0515','O0515','B0001',2637,0,'C0396'),
('I0516','O0516','B0001',8825,0,'C0132'),
('I0517','O0517','B0001',4342,0,'C0459'),
('I0518','O0518','B0005',8952,0,'C0792'),
('I0519','O0519','B0005',6175,50,'C0561'),
('I0520','O0520','B0007',854,0,'C0601'),
('I0521','O0521','B0004',5787,0,'C0504'),
('I0522','O0522','B0008',9774,0,'C0307'),
('I0523','O0523','B0007',1074,0,'C0815'),
('I0524','O0524','B0006',1218,30,'C0963'),
('I0525','O0525','B0010',7108,0,'C0988'),
('I0526','O0526','B0002',9582,0,'C0262'),
('I0527','O0527','B0007',4926,0,'C0710'),
('I0528','O0528','B0010',2511,0,'C0168'),
('I0529','O0529','B0010',9196,0,'C0389'),
('I0530','O0530','B0002',8289,0,'C0599'),
('I0531','O0531','B0003',4711,0,'C0877'),
('I0532','O0532','B0003',1808,50,'C0131'),
('I0533','O0533','B0006',6051,0,'C0049'),
('I0534','O0534','B0007',9120,0,'C0132'),
('I0535','O0535','B0004',1308,0,'C0379'),
('I0536','O0536','B0010',1101,0,'C0877'),
('I0537','O0537','B0006',2072,0,'C0247'),
('I0538','O0538','B0006',4477,10,'C0664'),
('I0539','O0539','B0005',3115,0,'C0694'),
('I0540','O0540','B0005',4917,0,'C0992'),
('I0541','O0541','B0009',7767,0,'C0014'),
('I0542','O0542','B0008',1751,0,'C0734'),
('I0543','O0543','B0002',3952,0,'C0683'),
('I0544','O0544','B0006',1301,0,'C0406'),
('I0545','O0545','B0008',9825,0,'C0557'),
('I0546','O0546','B0008',3890,0,'C0422'),
('I0547','O0547','B0001',9131,0,'C0198'),
('I0548','O0548','B0002',4419,0,'C0835'),
('I0549','O0549','B0004',7268,0,'C0412'),
('I0550','O0550','B0007',5413,0,'C0483'),
('I0551','O0551','B0002',1010,0,'C0454'),
('I0552','O0552','B0010',9832,0,'C0465'),
('I0553','O0553','B0005',1602,30,'C0112'),
('I0554','O0554','B0002',9140,0,'C0388'),
('I0555','O0555','B0007',6896,0,'C0925'),
('I0556','O0556','B0003',8895,40,'C0347'),
('I0557','O0557','B0003',8671,30,'C0014'),
('I0558','O0558','B0009',9143,0,'C0365'),
('I0559','O0559','B0001',9175,0,'C0488'),
('I0560','O0560','B0008',9764,0,'C0026'),
('I0561','O0561','B0002',6011,10,'C0107'),
('I0562','O0562','B0003',9183,0,'C0114'),
('I0563','O0563','B0006',9096,0,'C0351'),
('I0564','O0564','B0003',6676,0,'C0096'),
('I0565','O0565','B0008',3894,0,'C0974'),
('I0566','O0566','B0009',3676,0,'C0514'),
('I0567','O0567','B0001',5928,10,'C0352'),
('I0568','O0568','B0001',902,10,'C0117'),
('I0569','O0569','B0001',600,0,'C0928'),
('I0570','O0570','B0005',9900,0,'C0359'),
('I0571','O0571','B0010',7262,0,'C0432'),
('I0572','O0572','B0002',6939,0,'C0380'),
('I0573','O0573','B0010',3050,0,'C0599'),
('I0574','O0574','B0007',2447,0,'C0005'),
('I0575','O0575','B0010',6588,0,'C0194'),
('I0576','O0576','B0002',1274,0,'C0123'),
('I0577','O0577','B0008',7050,0,'C0453'),
('I0578','O0578','B0009',2850,50,'C0054'),
('I0579','O0579','B0003',939,0,'C0811'),
('I0580','O0580','B0009',4385,0,'C0883'),
('I0581','O0581','B0009',2436,40,'C0447'),
('I0582','O0582','B0010',8888,0,'C0301'),
('I0583','O0583','B0007',2291,0,'C0460'),
('I0584','O0584','B0001',2266,0,'C0397'),
('I0585','O0585','B0006',2314,0,'C0150'),
('I0586','O0586','B0005',9887,0,'C0465'),
('I0587','O0587','B0010',2655,0,'C0067'),
('I0588','O0588','B0005',4173,0,'C0112'),
('I0589','O0589','B0005',4726,0,'C0842'),
('I0590','O0590','B0010',5661,0,'C0300'),
('I0591','O0591','B0006',1693,20,'C0458'),
('I0592','O0592','B0010',1760,0,'C0038'),
('I0593','O0593','B0007',4970,0,'C0040'),
('I0594','O0594','B0005',9417,0,'C0204'),
('I0595','O0595','B0004',808,0,'C0773'),
('I0596','O0596','B0010',418,0,'C0692'),
('I0597','O0597','B0010',3518,0,'C0880'),
('I0598','O0598','B0001',4578,0,'C0249'),
('I0599','O0599','B0001',5633,0,'C0894'),
('I0600','O0600','B0001',3608,0,'C0698'),
('I0601','O0601','B0004',2753,10,'C0326'),
('I0602','O0602','B0010',5198,0,'C0095'),
('I0603','O0603','B0008',8433,0,'C0588'),
('I0604','O0604','B0007',825,0,'C0002'),
('I0605','O0605','B0010',5275,0,'C0236'),
('I0606','O0606','B0008',8448,0,'C0107'),
('I0607','O0607','B0004',5545,0,'C0501'),
('I0608','O0608','B0003',6872,0,'C0176'),
('I0609','O0609','B0002',8991,0,'C0247'),
('I0610','O0610','B0008',2635,40,'C0432'),
('I0611','O0611','B0005',6146,0,'C0027'),
('I0612','O0612','B0008',2074,40,'C0487'),
('I0613','O0613','B0004',2714,40,'C0305'),
('I0614','O0614','B0009',4845,0,'C0187'),
('I0615','O0615','B0010',3120,0,'C0623'),
('I0616','O0616','B0001',247,0,'C0418'),
('I0617','O0617','B0007',3018,0,'C0778'),
('I0618','O0618','B0009',9535,50,'C0589'),
('I0619','O0619','B0002',9411,0,'C0252'),
('I0620','O0620','B0009',3304,0,'C0685'),
('I0621','O0621','B0009',9288,0,'C0150'),
('I0622','O0622','B0004',3059,0,'C0465'),
('I0623','O0623','B0003',8831,50,'C0603'),
('I0624','O0624','B0005',7818,0,'C0017'),
('I0625','O0625','B0004',9608,0,'C0845'),
('I0626','O0626','B0004',7505,0,'C0056'),
('I0627','O0627','B0009',9364,0,'C0997'),
('I0628','O0628','B0005',4073,0,'C0418'),
('I0629','O0629','B0010',4991,0,'C0967'),
('I0630','O0630','B0010',3396,0,'C0831'),
('I0631','O0631','B0009',9672,0,'C0056'),
('I0632','O0632','B0003',7898,0,'C0445'),
('I0633','O0633','B0008',5574,0,'C0024'),
('I0634','O0634','B0009',947,0,'C0246'),
('I0635','O0635','B0010',827,0,'C0506'),
('I0636','O0636','B0008',10000,0,'C0759'),
('I0637','O0637','B0002',5050,0,'C0023'),
('I0638','O0638','B0001',5165,0,'C0919'),
('I0639','O0639','B0006',1932,0,'C0972'),
('I0640','O0640','B0001',1702,0,'C0027'),
('I0641','O0641','B0010',4526,20,'C0147'),
('I0642','O0642','B0005',8021,0,'C0324'),
('I0643','O0643','B0003',4212,0,'C0365'),
('I0644','O0644','B0010',4607,20,'C0930'),
('I0645','O0645','B0001',3683,0,'C0174'),
('I0646','O0646','B0008',8967,0,'C0182'),
('I0647','O0647','B0001',8544,40,'C0882'),
('I0648','O0648','B0005',927,0,'C0460'),
('I0649','O0649','B0008',7709,0,'C0095'),
('I0650','O0650','B0003',8010,0,'C0667'),
('I0651','O0651','B0002',6880,0,'C0799'),
('I0652','O0652','B0009',4893,0,'C0177'),
('I0653','O0653','B0004',6528,0,'C0180'),
('I0654','O0654','B0010',5256,0,'C0409'),
('I0655','O0655','B0001',5861,0,'C0101'),
('I0656','O0656','B0006',9921,0,'C0560'),
('I0657','O0657','B0005',4994,20,'C0051'),
('I0658','O0658','B0004',6530,0,'C0270'),
('I0659','O0659','B0001',6231,0,'C0959'),
('I0660','O0660','B0006',6833,0,'C0406'),
('I0661','O0661','B0008',5774,0,'C0803'),
('I0662','O0662','B0001',3328,0,'C0778'),
('I0663','O0663','B0001',770,0,'C0322'),
('I0664','O0664','B0004',6525,0,'C0737'),
('I0665','O0665','B0006',2637,0,'C0650'),
('I0666','O0666','B0006',7934,0,'C0009'),
('I0667','O0667','B0009',8133,0,'C0406'),
('I0668','O0668','B0005',4294,0,'C0023'),
('I0669','O0669','B0006',4733,0,'C0907'),
('I0670','O0670','B0007',328,0,'C0998'),
('I0671','O0671','B0006',8556,0,'C0040'),
('I0672','O0672','B0003',5155,30,'C0286'),
('I0673','O0673','B0001',2684,0,'C0315'),
('I0674','O0674','B0001',6389,20,'C0966'),
('I0675','O0675','B0010',3502,40,'C0530'),
('I0676','O0676','B0002',2314,30,'C0225'),
('I0677','O0677','B0010',6423,0,'C0787'),
('I0678','O0678','B0003',6234,0,'C0999'),
('I0679','O0679','B0007',4936,0,'C0092'),
('I0680','O0680','B0010',7525,0,'C0134'),
('I0681','O0681','B0003',6791,0,'C0892'),
('I0682','O0682','B0010',7831,0,'C0229'),
('I0683','O0683','B0007',8935,0,'C0853'),
('I0684','O0684','B0008',1003,0,'C0469'),
('I0685','O0685','B0003',3864,0,'C0140'),
('I0686','O0686','B0008',5789,0,'C0884'),
('I0687','O0687','B0006',1821,0,'C0519'),
('I0688','O0688','B0003',5424,0,'C0001'),
('I0689','O0689','B0003',3159,0,'C0009'),
('I0690','O0690','B0001',5324,0,'C0784'),
('I0691','O0691','B0009',1578,0,'C0865'),
('I0692','O0692','B0005',2767,0,'C0984'),
('I0693','O0693','B0005',5775,0,'C0362'),
('I0694','O0694','B0004',9295,30,'C0975'),
('I0695','O0695','B0003',6229,0,'C0545'),
('I0696','O0696','B0002',2107,0,'C0500'),
('I0697','O0697','B0008',9289,0,'C0658'),
('I0698','O0698','B0003',5948,0,'C0543'),
('I0699','O0699','B0009',654,0,'C0143'),
('I0700','O0700','B0008',8441,0,'C0182'),
('I0701','O0701','B0010',8497,0,'C0363'),
('I0702','O0702','B0003',3903,0,'C0930'),
('I0703','O0703','B0002',4786,10,'C0102'),
('I0704','O0704','B0005',7926,0,'C0585'),
('I0705','O0705','B0001',9860,0,'C0723'),
('I0706','O0706','B0006',7164,40,'C0265'),
('I0707','O0707','B0004',8332,0,'C0367'),
('I0708','O0708','B0010',4655,0,'C0005'),
('I0709','O0709','B0008',5270,0,'C0799'),
('I0710','O0710','B0003',3211,0,'C0936'),
('I0711','O0711','B0009',3239,20,'C0831'),
('I0712','O0712','B0006',4976,0,'C0891'),
('I0713','O0713','B0009',7261,0,'C0501'),
('I0714','O0714','B0009',9937,0,'C0497'),
('I0715','O0715','B0007',1011,0,'C0397'),
('I0716','O0716','B0003',5072,30,'C0173'),
('I0717','O0717','B0008',3678,0,'C0913'),
('I0718','O0718','B0004',5749,0,'C0633'),
('I0719','O0719','B0003',3006,0,'C0322'),
('I0720','O0720','B0004',7848,0,'C0134'),
('I0721','O0721','B0005',1706,0,'C0658'),
('I0722','O0722','B0005',4938,0,'C0120'),
('I0723','O0723','B0006',8342,0,'C0292'),
('I0724','O0724','B0003',1700,0,'C0579'),
('I0725','O0725','B0005',6958,0,'C0869'),
('I0726','O0726','B0005',3124,0,'C0688'),
('I0727','O0727','B0004',2602,0,'C0929'),
('I0728','O0728','B0007',1849,0,'C0057'),
('I0729','O0729','B0003',6151,0,'C0180'),
('I0730','O0730','B0008',6760,20,'C0576'),
('I0731','O0731','B0002',1132,50,'C0760'),
('I0732','O0732','B0009',7407,0,'C0639'),
('I0733','O0733','B0005',6414,0,'C0681'),
('I0734','O0734','B0008',8626,0,'C0950'),
('I0735','O0735','B0009',8925,0,'C0766'),
('I0736','O0736','B0010',9443,0,'C0150'),
('I0737','O0737','B0010',1082,0,'C0250'),
('I0738','O0738','B0005',361,0,'C0022'),
('I0739','O0739','B0005',6077,30,'C0628'),
('I0740','O0740','B0001',7218,0,'C0428'),
('I0741','O0741','B0005',9164,30,'C0279'),
('I0742','O0742','B0001',2226,0,'C0872'),
('I0743','O0743','B0009',1597,0,'C0505'),
('I0744','O0744','B0010',284,0,'C0480'),
('I0745','O0745','B0004',3027,0,'C0801'),
('I0746','O0746','B0009',2546,0,'C0983'),
('I0747','O0747','B0010',1000,0,'C0130'),
('I0748','O0748','B0008',4721,20,'C0193'),
('I0749','O0749','B0002',8890,0,'C0977'),
('I0750','O0750','B0001',8126,0,'C0617'),
('I0751','O0751','B0009',7247,0,'C0614'),
('I0752','O0752','B0010',8867,0,'C0036'),
('I0753','O0753','B0005',407,0,'C0007'),
('I0754','O0754','B0007',2163,0,'C0163'),
('I0755','O0755','B0008',6600,0,'C0861'),
('I0756','O0756','B0003',1911,0,'C0190'),
('I0757','O0757','B0002',5841,0,'C0945'),
('I0758','O0758','B0006',7154,0,'C0220'),
('I0759','O0759','B0003',373,0,'C0209'),
('I0760','O0760','B0010',6552,0,'C0459'),
('I0761','O0761','B0007',2749,40,'C0203'),
('I0762','O0762','B0007',9263,20,'C0916'),
('I0763','O0763','B0002',3393,0,'C0892'),
('I0764','O0764','B0004',2074,0,'C0653'),
('I0765','O0765','B0010',7695,0,'C0928'),
('I0766','O0766','B0010',9159,0,'C0322'),
('I0767','O0767','B0006',6863,0,'C0876'),
('I0768','O0768','B0008',1572,0,'C0476'),
('I0769','O0769','B0010',8051,0,'C0666'),
('I0770','O0770','B0004',6616,0,'C0623'),
('I0771','O0771','B0004',6460,20,'C0534'),
('I0772','O0772','B0004',1763,50,'C0116'),
('I0773','O0773','B0001',5099,0,'C0060'),
('I0774','O0774','B0008',2715,20,'C0815'),
('I0775','O0775','B0002',3353,0,'C0080'),
('I0776','O0776','B0001',9624,0,'C0998'),
('I0777','O0777','B0004',577,50,'C0528'),
('I0778','O0778','B0004',6907,0,'C0707'),
('I0779','O0779','B0001',4382,0,'C0084'),
('I0780','O0780','B0007',8175,0,'C0258'),
('I0781','O0781','B0010',6694,30,'C0563'),
('I0782','O0782','B0003',3614,0,'C0480'),
('I0783','O0783','B0006',5564,0,'C0940'),
('I0784','O0784','B0005',5737,0,'C0586'),
('I0785','O0785','B0001',2305,0,'C0556'),
('I0786','O0786','B0003',8723,0,'C0300'),
('I0787','O0787','B0007',8278,0,'C0044'),
('I0788','O0788','B0004',5092,0,'C0628'),
('I0789','O0789','B0003',3801,50,'C0088'),
('I0790','O0790','B0003',9689,10,'C0548'),
('I0791','O0791','B0005',3846,50,'C0213'),
('I0792','O0792','B0008',7586,40,'C0185'),
('I0793','O0793','B0010',3406,0,'C0595'),
('I0794','O0794','B0007',5184,0,'C0553'),
('I0795','O0795','B0006',366,0,'C0923'),
('I0796','O0796','B0008',8419,0,'C0678'),
('I0797','O0797','B0004',8958,0,'C0080'),
('I0798','O0798','B0002',9728,0,'C0812'),
('I0799','O0799','B0010',7332,30,'C0266'),
('I0800','O0800','B0007',8470,40,'C0328'),
('I0801','O0801','B0004',6848,0,'C0866'),
('I0802','O0802','B0010',3711,0,'C0725'),
('I0803','O0803','B0005',5878,0,'C0120'),
('I0804','O0804','B0006',9500,0,'C0499'),
('I0805','O0805','B0001',1841,0,'C0112'),
('I0806','O0806','B0005',7787,0,'C0140'),
('I0807','O0807','B0004',317,0,'C0828'),
('I0808','O0808','B0004',2556,0,'C0384'),
('I0809','O0809','B0007',2131,30,'C0421'),
('I0810','O0810','B0003',3834,0,'C0332'),
('I0811','O0811','B0005',3038,0,'C0158'),
('I0812','O0812','B0009',7211,30,'C0790'),
('I0813','O0813','B0003',9765,0,'C0849'),
('I0814','O0814','B0003',6330,0,'C0761'),
('I0815','O0815','B0001',7327,0,'C0137'),
('I0816','O0816','B0005',3665,0,'C0270'),
('I0817','O0817','B0005',5448,0,'C0891'),
('I0818','O0818','B0002',2891,30,'C0571'),
('I0819','O0819','B0001',2400,0,'C0614'),
('I0820','O0820','B0009',7808,0,'C0164'),
('I0821','O0821','B0005',5500,0,'C0804'),
('I0822','O0822','B0007',5663,0,'C0017'),
('I0823','O0823','B0009',314,0,'C0117'),
('I0824','O0824','B0005',9451,40,'C0688'),
('I0825','O0825','B0005',8753,0,'C0526'),
('I0826','O0826','B0005',8277,0,'C0520'),
('I0827','O0827','B0008',8382,0,'C0253'),
('I0828','O0828','B0001',6766,0,'C0055'),
('I0829','O0829','B0004',8350,0,'C0180'),
('I0830','O0830','B0008',1427,0,'C0298'),
('I0831','O0831','B0006',8407,0,'C0197'),
('I0832','O0832','B0007',203,10,'C0173'),
('I0833','O0833','B0003',5691,30,'C0058'),
('I0834','O0834','B0002',9432,0,'C0630'),
('I0835','O0835','B0005',246,0,'C0108'),
('I0836','O0836','B0005',8937,0,'C0637'),
('I0837','O0837','B0001',6263,0,'C0590'),
('I0838','O0838','B0007',9368,0,'C0690'),
('I0839','O0839','B0002',1931,0,'C0595'),
('I0840','O0840','B0009',7634,0,'C0704'),
('I0841','O0841','B0005',882,30,'C0835'),
('I0842','O0842','B0001',9065,0,'C0052'),
('I0843','O0843','B0008',5502,30,'C0088'),
('I0844','O0844','B0006',9563,0,'C0141'),
('I0845','O0845','B0003',9374,10,'C0045'),
('I0846','O0846','B0005',4496,0,'C0379'),
('I0847','O0847','B0003',9726,0,'C0135'),
('I0848','O0848','B0001',376,0,'C0226'),
('I0849','O0849','B0001',7196,0,'C0229'),
('I0850','O0850','B0010',1269,0,'C0277'),
('I0851','O0851','B0006',2556,0,'C0754'),
('I0852','O0852','B0005',4877,0,'C0310'),
('I0853','O0853','B0007',1147,0,'C0832'),
('I0854','O0854','B0009',6516,0,'C0978'),
('I0855','O0855','B0010',5415,0,'C0300'),
('I0856','O0856','B0006',4459,0,'C0326'),
('I0857','O0857','B0002',6819,40,'C0863'),
('I0858','O0858','B0003',2565,0,'C0440'),
('I0859','O0859','B0007',3266,0,'C0824'),
('I0860','O0860','B0003',5384,0,'C0851'),
('I0861','O0861','B0010',8505,0,'C0339'),
('I0862','O0862','B0005',9384,0,'C0355'),
('I0863','O0863','B0008',649,0,'C0339'),
('I0864','O0864','B0004',8220,0,'C0558'),
('I0865','O0865','B0005',4436,0,'C0699'),
('I0866','O0866','B0010',1098,0,'C0740'),
('I0867','O0867','B0006',5157,0,'C0395'),
('I0868','O0868','B0006',441,0,'C0827'),
('I0869','O0869','B0007',8744,40,'C0197'),
('I0870','O0870','B0007',2698,0,'C0543'),
('I0871','O0871','B0008',8223,40,'C0360'),
('I0872','O0872','B0005',3450,0,'C0881'),
('I0873','O0873','B0001',9342,0,'C0506'),
('I0874','O0874','B0001',1141,0,'C0920'),
('I0875','O0875','B0005',9518,0,'C0345'),
('I0876','O0876','B0002',6640,0,'C0968'),
('I0877','O0877','B0005',4001,0,'C0924'),
('I0878','O0878','B0005',7051,20,'C0988'),
('I0879','O0879','B0001',3681,0,'C0842'),
('I0880','O0880','B0010',1836,0,'C0828'),
('I0881','O0881','B0003',5200,0,'C0654'),
('I0882','O0882','B0001',1055,40,'C0212'),
('I0883','O0883','B0009',3393,50,'C0821'),
('I0884','O0884','B0006',8525,40,'C0034'),
('I0885','O0885','B0001',7205,0,'C0323'),
('I0886','O0886','B0004',5102,0,'C0169'),
('I0887','O0887','B0003',7958,10,'C0051'),
('I0888','O0888','B0007',371,0,'C0789'),
('I0889','O0889','B0009',5848,0,'C0377'),
('I0890','O0890','B0005',9311,0,'C0052'),
('I0891','O0891','B0010',9650,30,'C0732'),
('I0892','O0892','B0007',8706,0,'C0004'),
('I0893','O0893','B0002',1836,10,'C0669'),
('I0894','O0894','B0003',8042,0,'C0250'),
('I0895','O0895','B0007',6454,30,'C0150'),
('I0896','O0896','B0006',8105,30,'C0687'),
('I0897','O0897','B0006',6083,0,'C0477'),
('I0898','O0898','B0010',2680,0,'C0328'),
('I0899','O0899','B0001',1142,0,'C0243')

Insert into Invoice
Values
('I0900','O0900','B0002',8499,0,'C0050'),
('I0901','O0901','B0001',4361,0,'C0495'),
('I0902','O0902','B0001',5366,0,'C0131'),
('I0903','O0903','B0009',745,20,'C0855'),
('I0904','O0904','B0009',1715,0,'C0838'),
('I0905','O0905','B0004',3001,0,'C0021'),
('I0906','O0906','B0009',576,0,'C0795'),
('I0907','O0907','B0002',418,0,'C0557'),
('I0908','O0908','B0010',8753,50,'C0857'),
('I0909','O0909','B0006',5299,0,'C0945'),
('I0910','O0910','B0005',8005,0,'C0737'),
('I0911','O0911','B0007',4519,30,'C0971'),
('I0912','O0912','B0009',7656,0,'C0330'),
('I0913','O0913','B0007',5956,0,'C0709'),
('I0914','O0914','B0001',2182,30,'C0011'),
('I0915','O0915','B0003',5389,0,'C0422'),
('I0916','O0916','B0002',3554,0,'C0241'),
('I0917','O0917','B0010',2484,0,'C0397'),
('I0918','O0918','B0006',2605,0,'C0324'),
('I0919','O0919','B0002',6028,40,'C0415'),
('I0920','O0920','B0010',4162,0,'C0983'),
('I0921','O0921','B0004',3867,10,'C0801'),
('I0922','O0922','B0002',9088,0,'C0112'),
('I0923','O0923','B0009',2474,0,'C0899'),
('I0924','O0924','B0003',906,50,'C0307'),
('I0925','O0925','B0001',5713,0,'C0489'),
('I0926','O0926','B0009',8969,0,'C0767'),
('I0927','O0927','B0005',5415,0,'C0754'),
('I0928','O0928','B0007',7571,0,'C0131'),
('I0929','O0929','B0010',4618,0,'C0309'),
('I0930','O0930','B0003',2119,20,'C0731'),
('I0931','O0931','B0001',6151,0,'C0462'),
('I0932','O0932','B0002',8914,0,'C0047'),
('I0933','O0933','B0005',747,0,'C0392'),
('I0934','O0934','B0006',5445,0,'C0477'),
('I0935','O0935','B0010',7521,0,'C0464'),
('I0936','O0936','B0006',2346,30,'C0058'),
('I0937','O0937','B0006',8344,0,'C0138'),
('I0938','O0938','B0003',7186,0,'C0347'),
('I0939','O0939','B0004',3795,0,'C0911'),
('I0940','O0940','B0003',4855,50,'C0564'),
('I0941','O0941','B0008',4393,0,'C0192'),
('I0942','O0942','B0007',7306,0,'C0570'),
('I0943','O0943','B0005',4517,30,'C0259'),
('I0944','O0944','B0001',4614,0,'C0618'),
('I0945','O0945','B0009',6732,0,'C0871'),
('I0946','O0946','B0009',676,0,'C0767'),
('I0947','O0947','B0009',3453,50,'C0993'),
('I0948','O0948','B0010',288,0,'C0893'),
('I0949','O0949','B0007',4288,0,'C0359'),
('I0950','O0950','B0005',6304,0,'C0685'),
('I0951','O0951','B0001',3573,30,'C0412'),
('I0952','O0952','B0008',8022,40,'C0018'),
('I0953','O0953','B0009',7172,0,'C0606'),
('I0954','O0954','B0010',6124,0,'C0764'),
('I0955','O0955','B0001',3786,0,'C0916'),
('I0956','O0956','B0003',2210,0,'C0759'),
('I0957','O0957','B0008',2956,0,'C0369'),
('I0958','O0958','B0005',402,0,'C0026'),
('I0959','O0959','B0004',3707,0,'C0158'),
('I0960','O0960','B0006',6470,0,'C0719'),
('I0961','O0961','B0008',4532,0,'C0006'),
('I0962','O0962','B0007',4853,20,'C0343'),
('I0963','O0963','B0006',8026,0,'C0193'),
('I0964','O0964','B0010',6609,0,'C0543'),
('I0965','O0965','B0001',7685,0,'C0434'),
('I0966','O0966','B0005',2025,0,'C0423'),
('I0967','O0967','B0004',3038,40,'C0461'),
('I0968','O0968','B0007',955,0,'C0766'),
('I0969','O0969','B0006',1669,50,'C0908'),
('I0970','O0970','B0006',1035,0,'C0329'),
('I0971','O0971','B0003',3859,0,'C0966'),
('I0972','O0972','B0004',2798,0,'C0178'),
('I0973','O0973','B0007',8925,0,'C0074'),
('I0974','O0974','B0005',490,0,'C0549'),
('I0975','O0975','B0008',8840,40,'C0281'),
('I0976','O0976','B0010',7473,40,'C0422'),
('I0977','O0977','B0003',5382,0,'C0867'),
('I0978','O0978','B0004',2376,10,'C0455'),
('I0979','O0979','B0008',6106,40,'C0480'),
('I0980','O0980','B0005',9394,0,'C0328'),
('I0981','O0981','B0001',4922,0,'C0613'),
('I0982','O0982','B0005',8077,40,'C0137'),
('I0983','O0983','B0004',1970,30,'C0695'),
('I0984','O0984','B0005',3284,10,'C0263'),
('I0985','O0985','B0005',9360,0,'C0965'),
('I0986','O0986','B0006',8130,20,'C0048'),
('I0987','O0987','B0010',3993,0,'C0896'),
('I0988','O0988','B0008',9747,0,'C0052'),
('I0989','O0989','B0008',2941,0,'C0886'),
('I0990','O0990','B0001',6146,0,'C0586'),
('I0991','O0991','B0001',2666,0,'C0890'),
('I0992','O0992','B0003',7789,0,'C0966'),
('I0993','O0993','B0004',6123,0,'C0880'),
('I0994','O0994','B0005',5104,0,'C0482'),
('I0995','O0995','B0002',7588,0,'C0256'),
('I0996','O0996','B0001',228,0,'C0597'),
('I0997','O0997','B0003',7778,0,'C0798'),
('I0998','O0998','B0009',6725,40,'C0057'),
('I0999','O0999','B0006',1342,10,'C0902'),
('I1000','O1000','B0001',7374,0,'C0026'),
('I1001','O1001','B0007',4363,0,'C0996'),
('I1002','O1002','B0006',2111,0,'C0306'),
('I1003','O1003','B0007',9081,0,'C0515'),
('I1004','O1004','B0002',6422,0,'C0255'),
('I1005','O1005','B0004',7134,0,'C0683'),
('I1006','O1006','B0003',9480,30,'C0822'),
('I1007','O1007','B0003',1654,20,'C0784'),
('I1008','O1008','B0004',6717,0,'C0065'),
('I1009','O1009','B0007',9745,40,'C0336'),
('I1010','O1010','B0007',5175,0,'C0477'),
('I1011','O1011','B0005',8357,0,'C0686'),
('I1012','O1012','B0006',5976,20,'C0417'),
('I1013','O1013','B0006',3022,0,'C0163'),
('I1014','O1014','B0004',8086,0,'C0320'),
('I1015','O1015','B0005',7079,30,'C0154'),
('I1016','O1016','B0003',552,0,'C0006'),
('I1017','O1017','B0002',7817,0,'C0424'),
('I1018','O1018','B0010',3096,0,'C0733'),
('I1019','O1019','B0003',4164,30,'C0972'),
('I1020','O1020','B0003',9634,0,'C0576'),
('I1021','O1021','B0001',2369,0,'C0307'),
('I1022','O1022','B0003',3841,0,'C0202'),
('I1023','O1023','B0010',9933,0,'C0837'),
('I1024','O1024','B0006',9143,0,'C0394'),
('I1025','O1025','B0005',2670,0,'C0995'),
('I1026','O1026','B0006',2901,0,'C0207'),
('I1027','O1027','B0002',6624,0,'C0847'),
('I1028','O1028','B0006',2226,0,'C0105'),
('I1029','O1029','B0002',1083,0,'C0631'),
('I1030','O1030','B0005',2582,0,'C0513'),
('I1031','O1031','B0004',3086,0,'C0684'),
('I1032','O1032','B0005',9176,0,'C0616'),
('I1033','O1033','B0002',6378,0,'C0136'),
('I1034','O1034','B0006',3496,0,'C0801'),
('I1035','O1035','B0001',9024,0,'C0084'),
('I1036','O1036','B0004',6495,0,'C0022'),
('I1037','O1037','B0005',2170,0,'C0060'),
('I1038','O1038','B0009',2040,0,'C0151'),
('I1039','O1039','B0002',3587,0,'C0320'),
('I1040','O1040','B0001',4841,0,'C0498'),
('I1041','O1041','B0002',8860,0,'C0661'),
('I1042','O1042','B0006',6654,0,'C0192'),
('I1043','O1043','B0003',4605,0,'C0042'),
('I1044','O1044','B0002',5454,0,'C0968'),
('I1045','O1045','B0002',9991,0,'C0549'),
('I1046','O1046','B0001',3300,0,'C0316'),
('I1047','O1047','B0008',7777,0,'C0101'),
('I1048','O1048','B0002',2008,0,'C0439'),
('I1049','O1049','B0007',7386,0,'C0440'),
('I1050','O1050','B0005',2983,0,'C0559'),
('I1051','O1051','B0006',949,0,'C0031'),
('I1052','O1052','B0006',1966,0,'C0587'),
('I1053','O1053','B0008',6063,0,'C0888'),
('I1054','O1054','B0002',4021,10,'C0849'),
('I1055','O1055','B0005',505,0,'C0891'),
('I1056','O1056','B0005',4479,0,'C0233'),
('I1057','O1057','B0007',425,0,'C0979'),
('I1058','O1058','B0007',4578,20,'C0768'),
('I1059','O1059','B0006',3169,0,'C0700'),
('I1060','O1060','B0006',3835,0,'C0068'),
('I1061','O1061','B0008',335,0,'C0525'),
('I1062','O1062','B0004',3179,0,'C0646'),
('I1063','O1063','B0003',2099,0,'C0717'),
('I1064','O1064','B0003',8961,20,'C0428'),
('I1065','O1065','B0009',511,0,'C0423'),
('I1066','O1066','B0002',7008,0,'C0713'),
('I1067','O1067','B0006',9323,0,'C0862'),
('I1068','O1068','B0010',404,0,'C0497'),
('I1069','O1069','B0003',5889,0,'C0350'),
('I1070','O1070','B0002',4514,0,'C0548'),
('I1071','O1071','B0008',7874,0,'C0466'),
('I1072','O1072','B0010',7039,0,'C0812'),
('I1073','O1073','B0006',2178,0,'C0762'),
('I1074','O1074','B0006',6134,0,'C0668'),
('I1075','O1075','B0009',3372,0,'C0015'),
('I1076','O1076','B0009',3884,0,'C0333'),
('I1077','O1077','B0007',612,0,'C0944'),
('I1078','O1078','B0005',5876,40,'C0850'),
('I1079','O1079','B0009',7383,0,'C0310'),
('I1080','O1080','B0007',9559,30,'C0099'),
('I1081','O1081','B0005',1780,40,'C0483'),
('I1082','O1082','B0009',1431,30,'C0647'),
('I1083','O1083','B0005',4372,10,'C0157'),
('I1084','O1084','B0003',6687,0,'C0197'),
('I1085','O1085','B0006',4785,0,'C0781'),
('I1086','O1086','B0003',9245,0,'C0744'),
('I1087','O1087','B0004',8451,0,'C0277'),
('I1088','O1088','B0005',3817,0,'C0100'),
('I1089','O1089','B0010',4738,0,'C0758'),
('I1090','O1090','B0008',5075,10,'C0082'),
('I1091','O1091','B0008',1987,0,'C0177'),
('I1092','O1092','B0001',7787,0,'C0843'),
('I1093','O1093','B0001',990,30,'C0892'),
('I1094','O1094','B0002',1945,0,'C0446'),
('I1095','O1095','B0006',6270,0,'C0253'),
('I1096','O1096','B0010',6517,0,'C0514'),
('I1097','O1097','B0010',8988,0,'C0271'),
('I1098','O1098','B0003',1129,0,'C0512'),
('I1099','O1099','B0009',7663,0,'C0072'),
('I1100','O1100','B0008',6892,0,'C0891'),
('I1101','O1101','B0001',8667,10,'C0245'),
('I1102','O1102','B0007',2590,0,'C0068'),
('I1103','O1103','B0005',2486,0,'C0886'),
('I1104','O1104','B0001',4076,0,'C0465'),
('I1105','O1105','B0007',7824,0,'C0619'),
('I1106','O1106','B0002',216,0,'C0013'),
('I1107','O1107','B0010',1400,0,'C0484'),
('I1108','O1108','B0002',6841,0,'C0028'),
('I1109','O1109','B0002',5367,30,'C0968'),
('I1110','O1110','B0008',4532,0,'C0888'),
('I1111','O1111','B0010',8727,0,'C0270'),
('I1112','O1112','B0006',334,0,'C0536'),
('I1113','O1113','B0004',8338,0,'C0146'),
('I1114','O1114','B0006',7213,0,'C0607'),
('I1115','O1115','B0010',2609,0,'C0272'),
('I1116','O1116','B0004',5151,0,'C0843'),
('I1117','O1117','B0007',4332,0,'C0558'),
('I1118','O1118','B0007',5086,0,'C0627'),
('I1119','O1119','B0006',3557,30,'C0982'),
('I1120','O1120','B0004',6648,0,'C0834'),
('I1121','O1121','B0005',9436,40,'C0292'),
('I1122','O1122','B0009',9233,30,'C0191'),
('I1123','O1123','B0006',7011,0,'C0330'),
('I1124','O1124','B0004',5616,0,'C0285'),
('I1125','O1125','B0003',5353,0,'C0330'),
('I1126','O1126','B0008',8086,0,'C0636'),
('I1127','O1127','B0010',6558,0,'C0217'),
('I1128','O1128','B0004',4918,0,'C0297'),
('I1129','O1129','B0001',4075,0,'C0917'),
('I1130','O1130','B0006',7298,0,'C0670'),
('I1131','O1131','B0007',1136,10,'C0726'),
('I1132','O1132','B0004',1359,0,'C0949'),
('I1133','O1133','B0001',3329,0,'C0385'),
('I1134','O1134','B0005',8158,0,'C0260'),
('I1135','O1135','B0006',8027,40,'C0119'),
('I1136','O1136','B0005',3419,50,'C0666'),
('I1137','O1137','B0004',6294,20,'C0411'),
('I1138','O1138','B0008',7496,0,'C0486'),
('I1139','O1139','B0004',3703,50,'C0262'),
('I1140','O1140','B0001',8680,20,'C0899'),
('I1141','O1141','B0008',6846,0,'C0088'),
('I1142','O1142','B0005',7806,0,'C0723'),
('I1143','O1143','B0008',5691,0,'C0031'),
('I1144','O1144','B0004',6234,0,'C0007'),
('I1145','O1145','B0006',9031,0,'C0125'),
('I1146','O1146','B0006',1125,0,'C0331'),
('I1147','O1147','B0005',5806,0,'C0880'),
('I1148','O1148','B0010',1178,0,'C0125'),
('I1149','O1149','B0003',9365,0,'C0904'),
('I1150','O1150','B0004',766,0,'C0581'),
('I1151','O1151','B0008',3492,0,'C0507'),
('I1152','O1152','B0007',9356,0,'C0913'),
('I1153','O1153','B0001',6118,0,'C0279'),
('I1154','O1154','B0009',8742,0,'C0524'),
('I1155','O1155','B0009',8983,0,'C0684'),
('I1156','O1156','B0008',7030,0,'C0895'),
('I1157','O1157','B0009',7465,0,'C0732'),
('I1158','O1158','B0003',6258,0,'C0183'),
('I1159','O1159','B0007',8348,0,'C0199'),
('I1160','O1160','B0006',9028,0,'C0648'),
('I1161','O1161','B0005',9402,30,'C0211'),
('I1162','O1162','B0007',1688,0,'C0083'),
('I1163','O1163','B0006',5986,0,'C0684'),
('I1164','O1164','B0002',7435,0,'C0705'),
('I1165','O1165','B0001',4405,0,'C0472'),
('I1166','O1166','B0006',5054,0,'C0688'),
('I1167','O1167','B0007',4869,30,'C0618'),
('I1168','O1168','B0003',7547,30,'C0141'),
('I1169','O1169','B0004',3594,0,'C0609'),
('I1170','O1170','B0009',7033,0,'C0671'),
('I1171','O1171','B0007',6611,0,'C0270'),
('I1172','O1172','B0010',6364,20,'C0342'),
('I1173','O1173','B0008',8336,0,'C0779'),
('I1174','O1174','B0010',6161,10,'C0908'),
('I1175','O1175','B0002',1880,0,'C0600'),
('I1176','O1176','B0001',1700,0,'C0239'),
('I1177','O1177','B0009',2131,0,'C0189'),
('I1178','O1178','B0005',6125,0,'C0974'),
('I1179','O1179','B0010',9925,0,'C0008'),
('I1180','O1180','B0005',3938,20,'C0038'),
('I1181','O1181','B0006',7322,0,'C0605'),
('I1182','O1182','B0010',3304,0,'C0784'),
('I1183','O1183','B0007',9883,0,'C0361'),
('I1184','O1184','B0003',3214,0,'C0631'),
('I1185','O1185','B0010',5221,30,'C0501'),
('I1186','O1186','B0008',1492,0,'C0635'),
('I1187','O1187','B0010',8492,0,'C0692'),
('I1188','O1188','B0007',4765,0,'C0131'),
('I1189','O1189','B0006',3297,0,'C0708'),
('I1190','O1190','B0004',7401,0,'C0887'),
('I1191','O1191','B0001',1932,0,'C0054'),
('I1192','O1192','B0005',7601,0,'C0502'),
('I1193','O1193','B0005',6178,0,'C0461'),
('I1194','O1194','B0002',873,20,'C0784'),
('I1195','O1195','B0008',983,0,'C0191'),
('I1196','O1196','B0010',6662,0,'C0297'),
('I1197','O1197','B0002',6870,0,'C0922'),
('I1198','O1198','B0001',7658,0,'C0614'),
('I1199','O1199','B0005',1907,40,'C0746'),
('I1200','O1200','B0005',9196,30,'C0729'),
('I1201','O1201','B0009',1405,0,'C0034'),
('I1202','O1202','B0005',3577,0,'C0809'),
('I1203','O1203','B0004',5225,0,'C0886'),
('I1204','O1204','B0001',6536,20,'C0236'),
('I1205','O1205','B0008',4777,0,'C0037'),
('I1206','O1206','B0001',2145,0,'C0673'),
('I1207','O1207','B0007',4549,0,'C0700'),
('I1208','O1208','B0003',3784,0,'C0453'),
('I1209','O1209','B0006',4928,0,'C0926'),
('I1210','O1210','B0007',2740,0,'C0015'),
('I1211','O1211','B0009',6699,0,'C0179'),
('I1212','O1212','B0002',3578,0,'C0191'),
('I1213','O1213','B0001',1747,0,'C0753'),
('I1214','O1214','B0009',4147,0,'C0239'),
('I1215','O1215','B0007',8182,0,'C0719'),
('I1216','O1216','B0005',5240,0,'C0204'),
('I1217','O1217','B0003',6316,0,'C0020'),
('I1218','O1218','B0002',8666,0,'C0845'),
('I1219','O1219','B0009',5996,0,'C0678'),
('I1220','O1220','B0007',6777,20,'C0126'),
('I1221','O1221','B0003',721,0,'C0996'),
('I1222','O1222','B0006',743,0,'C0833'),
('I1223','O1223','B0009',8860,0,'C0483'),
('I1224','O1224','B0007',8005,0,'C0599'),
('I1225','O1225','B0009',7934,0,'C0752'),
('I1226','O1226','B0010',9964,0,'C0355'),
('I1227','O1227','B0008',5717,20,'C0052'),
('I1228','O1228','B0007',1071,50,'C0219'),
('I1229','O1229','B0005',6746,0,'C0680'),
('I1230','O1230','B0004',8970,0,'C0887'),
('I1231','O1231','B0005',2504,0,'C0771'),
('I1232','O1232','B0009',7036,0,'C0207'),
('I1233','O1233','B0001',1231,0,'C0485'),
('I1234','O1234','B0006',549,0,'C0673'),
('I1235','O1235','B0006',7068,0,'C0392'),
('I1236','O1236','B0003',2993,0,'C0045'),
('I1237','O1237','B0006',6759,50,'C0199'),
('I1238','O1238','B0006',6745,0,'C0542'),
('I1239','O1239','B0004',9665,0,'C0058'),
('I1240','O1240','B0004',2145,0,'C0098'),
('I1241','O1241','B0010',2711,0,'C0789'),
('I1242','O1242','B0001',1987,0,'C0452'),
('I1243','O1243','B0004',2356,40,'C0497'),
('I1244','O1244','B0003',5146,0,'C0489'),
('I1245','O1245','B0004',9907,0,'C0419'),
('I1246','O1246','B0010',5177,0,'C0671'),
('I1247','O1247','B0002',3981,0,'C0053'),
('I1248','O1248','B0003',9787,40,'C0229'),
('I1249','O1249','B0001',7403,0,'C0107'),
('I1250','O1250','B0008',485,0,'C0373'),
('I1251','O1251','B0009',2402,40,'C0977'),
('I1252','O1252','B0001',5337,0,'C0418'),
('I1253','O1253','B0009',1647,30,'C0604'),
('I1254','O1254','B0010',7529,0,'C0659'),
('I1255','O1255','B0004',2624,0,'C0391'),
('I1256','O1256','B0002',5911,0,'C0204'),
('I1257','O1257','B0007',3121,0,'C0857'),
('I1258','O1258','B0003',9220,0,'C0166'),
('I1259','O1259','B0002',5949,20,'C0132'),
('I1260','O1260','B0004',3907,0,'C0874'),
('I1261','O1261','B0002',6639,0,'C0759'),
('I1262','O1262','B0006',9168,30,'C0055'),
('I1263','O1263','B0010',4517,10,'C0675'),
('I1264','O1264','B0003',9685,0,'C0843'),
('I1265','O1265','B0001',2787,0,'C0654'),
('I1266','O1266','B0003',960,0,'C0375'),
('I1267','O1267','B0004',3568,0,'C0715'),
('I1268','O1268','B0005',7430,0,'C0346'),
('I1269','O1269','B0006',8729,0,'C0777'),
('I1270','O1270','B0003',9064,20,'C0562'),
('I1271','O1271','B0007',6467,0,'C0688'),
('I1272','O1272','B0008',5045,0,'C0656'),
('I1273','O1273','B0004',7062,0,'C0966'),
('I1274','O1274','B0002',8626,0,'C0646'),
('I1275','O1275','B0001',3461,0,'C0263'),
('I1276','O1276','B0004',1283,50,'C0282'),
('I1277','O1277','B0005',664,0,'C0998'),
('I1278','O1278','B0007',6861,0,'C0542'),
('I1279','O1279','B0008',9842,0,'C0932'),
('I1280','O1280','B0006',9184,0,'C0289'),
('I1281','O1281','B0003',3573,0,'C0007'),
('I1282','O1282','B0006',5262,0,'C0400'),
('I1283','O1283','B0010',3773,0,'C0239'),
('I1284','O1284','B0009',5325,0,'C0851'),
('I1285','O1285','B0009',3826,10,'C0838'),
('I1286','O1286','B0001',3732,0,'C0393'),
('I1287','O1287','B0003',1373,0,'C0671'),
('I1288','O1288','B0002',6822,0,'C0334'),
('I1289','O1289','B0009',2915,0,'C0190'),
('I1290','O1290','B0002',7172,40,'C0331'),
('I1291','O1291','B0003',4601,0,'C0015'),
('I1292','O1292','B0001',5874,0,'C0533'),
('I1293','O1293','B0008',8957,0,'C0189'),
('I1294','O1294','B0005',9011,0,'C0219'),
('I1295','O1295','B0006',4620,0,'C0961'),
('I1296','O1296','B0003',324,0,'C0247'),
('I1297','O1297','B0005',3547,0,'C0933'),
('I1298','O1298','B0006',4186,0,'C0576'),
('I1299','O1299','B0007',1648,50,'C0434'),
('I1300','O1300','B0002',1224,20,'C0318'),
('I1301','O1301','B0006',5938,30,'C0653'),
('I1302','O1302','B0009',7441,40,'C0275'),
('I1303','O1303','B0004',1517,30,'C0369'),
('I1304','O1304','B0008',9783,0,'C0629'),
('I1305','O1305','B0009',2844,30,'C0864'),
('I1306','O1306','B0001',1295,0,'C0093'),
('I1307','O1307','B0010',8816,50,'C0038'),
('I1308','O1308','B0003',1409,0,'C0097'),
('I1309','O1309','B0004',4341,0,'C0770'),
('I1310','O1310','B0007',8634,0,'C0593'),
('I1311','O1311','B0008',860,0,'C0730'),
('I1312','O1312','B0004',340,0,'C0102'),
('I1313','O1313','B0002',2512,0,'C0474'),
('I1314','O1314','B0001',2417,0,'C0065'),
('I1315','O1315','B0007',4339,0,'C0752'),
('I1316','O1316','B0005',626,0,'C0273'),
('I1317','O1317','B0006',5734,0,'C0098'),
('I1318','O1318','B0004',8080,0,'C0383'),
('I1319','O1319','B0002',775,0,'C0563'),
('I1320','O1320','B0001',4390,0,'C0167'),
('I1321','O1321','B0001',5247,0,'C0760'),
('I1322','O1322','B0005',6325,0,'C0393'),
('I1323','O1323','B0008',693,0,'C0660'),
('I1324','O1324','B0002',7702,0,'C0280'),
('I1325','O1325','B0004',3374,50,'C0147'),
('I1326','O1326','B0006',9823,0,'C0125'),
('I1327','O1327','B0003',6909,0,'C0907'),
('I1328','O1328','B0002',818,20,'C0019'),
('I1329','O1329','B0004',2537,20,'C0020'),
('I1330','O1330','B0005',4952,40,'C0662'),
('I1331','O1331','B0007',4136,0,'C0598'),
('I1332','O1332','B0005',2008,30,'C0564'),
('I1333','O1333','B0004',4353,0,'C0514'),
('I1334','O1334','B0001',6612,0,'C0340'),
('I1335','O1335','B0005',5542,0,'C0948'),
('I1336','O1336','B0006',3283,0,'C0099'),
('I1337','O1337','B0008',9689,0,'C0408'),
('I1338','O1338','B0003',4604,0,'C0422'),
('I1339','O1339','B0002',5005,0,'C0284'),
('I1340','O1340','B0003',6995,0,'C0134'),
('I1341','O1341','B0001',680,0,'C0509'),
('I1342','O1342','B0002',3618,0,'C0211'),
('I1343','O1343','B0010',2847,0,'C0785'),
('I1344','O1344','B0001',4729,40,'C0259'),
('I1345','O1345','B0001',1410,40,'C0143'),
('I1346','O1346','B0010',5052,0,'C0604'),
('I1347','O1347','B0005',5962,0,'C0966'),
('I1348','O1348','B0005',9113,0,'C0269'),
('I1349','O1349','B0003',7634,30,'C0042'),
('I1350','O1350','B0007',6066,0,'C0429'),
('I1351','O1351','B0004',8260,0,'C0897'),
('I1352','O1352','B0010',9794,0,'C0415'),
('I1353','O1353','B0007',2209,50,'C0783'),
('I1354','O1354','B0010',7415,0,'C0546'),
('I1355','O1355','B0009',9257,40,'C0048'),
('I1356','O1356','B0003',3043,0,'C0966'),
('I1357','O1357','B0006',4750,0,'C0784'),
('I1358','O1358','B0003',4193,20,'C0168'),
('I1359','O1359','B0010',4128,0,'C0373'),
('I1360','O1360','B0002',9065,50,'C0553'),
('I1361','O1361','B0006',4038,0,'C0702'),
('I1362','O1362','B0008',3528,0,'C0299'),
('I1363','O1363','B0010',8666,0,'C0216'),
('I1364','O1364','B0008',621,40,'C0763'),
('I1365','O1365','B0006',6761,20,'C0849'),
('I1366','O1366','B0004',1220,0,'C0025'),
('I1367','O1367','B0005',9511,0,'C0295'),
('I1368','O1368','B0002',8593,0,'C0007'),
('I1369','O1369','B0005',9800,0,'C0275'),
('I1370','O1370','B0001',3396,30,'C0110'),
('I1371','O1371','B0002',9053,0,'C0508'),
('I1372','O1372','B0010',1227,0,'C0827'),
('I1373','O1373','B0004',3563,10,'C0530'),
('I1374','O1374','B0001',3857,0,'C0836'),
('I1375','O1375','B0006',5204,0,'C0013'),
('I1376','O1376','B0010',9567,50,'C0921'),
('I1377','O1377','B0002',9622,0,'C0486'),
('I1378','O1378','B0005',8382,0,'C0758'),
('I1379','O1379','B0004',9818,0,'C0800'),
('I1380','O1380','B0008',1470,0,'C0465'),
('I1381','O1381','B0001',3439,30,'C0828'),
('I1382','O1382','B0001',653,0,'C0423'),
('I1383','O1383','B0006',6529,0,'C0668'),
('I1384','O1384','B0005',8064,40,'C0852'),
('I1385','O1385','B0001',5456,0,'C0417'),
('I1386','O1386','B0009',4503,0,'C0098'),
('I1387','O1387','B0005',9004,0,'C0728'),
('I1388','O1388','B0007',6479,0,'C0310'),
('I1389','O1389','B0009',2292,0,'C0454'),
('I1390','O1390','B0009',4489,0,'C0695'),
('I1391','O1391','B0007',9561,0,'C0858'),
('I1392','O1392','B0009',7778,40,'C0112'),
('I1393','O1393','B0009',7381,0,'C0480'),
('I1394','O1394','B0009',1059,0,'C0314'),
('I1395','O1395','B0007',731,0,'C0647'),
('I1396','O1396','B0008',2336,0,'C0518'),
('I1397','O1397','B0004',331,0,'C0298'),
('I1398','O1398','B0003',3020,0,'C0904'),
('I1399','O1399','B0004',9813,0,'C0870'),
('I1400','O1400','B0007',8401,0,'C0425'),
('I1401','O1401','B0010',1927,10,'C0507'),
('I1402','O1402','B0008',9324,0,'C0017'),
('I1403','O1403','B0006',7646,0,'C0615'),
('I1404','O1404','B0007',4712,0,'C0887'),
('I1405','O1405','B0008',247,40,'C0319'),
('I1406','O1406','B0002',9680,0,'C0009'),
('I1407','O1407','B0001',6906,10,'C0296'),
('I1408','O1408','B0010',6023,0,'C0154'),
('I1409','O1409','B0005',3407,0,'C0799'),
('I1410','O1410','B0007',6413,10,'C0849'),
('I1411','O1411','B0010',8556,0,'C0699'),
('I1412','O1412','B0003',6603,0,'C0846'),
('I1413','O1413','B0002',6727,10,'C0556'),
('I1414','O1414','B0007',7277,0,'C0990'),
('I1415','O1415','B0001',6153,0,'C0732'),
('I1416','O1416','B0009',1057,0,'C0691'),
('I1417','O1417','B0004',7961,0,'C0582'),
('I1418','O1418','B0007',1999,10,'C0950'),
('I1419','O1419','B0006',7382,0,'C0226'),
('I1420','O1420','B0008',8598,0,'C0101'),
('I1421','O1421','B0001',1215,0,'C0669'),
('I1422','O1422','B0005',2230,30,'C0790'),
('I1423','O1423','B0002',8101,0,'C0328'),
('I1424','O1424','B0007',7000,0,'C0202'),
('I1425','O1425','B0006',7498,0,'C0211'),
('I1426','O1426','B0010',8959,0,'C0874'),
('I1427','O1427','B0002',5648,0,'C0919'),
('I1428','O1428','B0009',3776,0,'C0535'),
('I1429','O1429','B0006',6520,0,'C0076'),
('I1430','O1430','B0007',526,30,'C0220'),
('I1431','O1431','B0007',6232,0,'C0331'),
('I1432','O1432','B0008',7567,50,'C0518'),
('I1433','O1433','B0006',1941,40,'C0306'),
('I1434','O1434','B0006',1091,10,'C0895'),
('I1435','O1435','B0009',6462,0,'C0988'),
('I1436','O1436','B0009',7846,40,'C0080'),
('I1437','O1437','B0003',9677,0,'C0529'),
('I1438','O1438','B0008',8137,0,'C0778'),
('I1439','O1439','B0001',3980,0,'C0030'),
('I1440','O1440','B0006',7603,0,'C0013'),
('I1441','O1441','B0004',7066,0,'C0641'),
('I1442','O1442','B0007',5115,0,'C0179'),
('I1443','O1443','B0008',9717,0,'C0803'),
('I1444','O1444','B0007',4793,0,'C0881'),
('I1445','O1445','B0008',7700,0,'C0456'),
('I1446','O1446','B0001',6109,0,'C0149'),
('I1447','O1447','B0010',583,50,'C0887'),
('I1448','O1448','B0003',4537,0,'C0704'),
('I1449','O1449','B0005',6713,0,'C0095'),
('I1450','O1450','B0009',2774,30,'C0419'),
('I1451','O1451','B0003',5597,0,'C0321'),
('I1452','O1452','B0008',3379,0,'C0619'),
('I1453','O1453','B0007',2085,0,'C0678'),
('I1454','O1454','B0008',2922,40,'C0721'),
('I1455','O1455','B0008',3083,0,'C0092'),
('I1456','O1456','B0005',8263,0,'C0624'),
('I1457','O1457','B0008',6831,40,'C0106'),
('I1458','O1458','B0007',3182,0,'C0980'),
('I1459','O1459','B0005',795,30,'C0270'),
('I1460','O1460','B0006',9985,0,'C0863'),
('I1461','O1461','B0010',5907,0,'C0930'),
('I1462','O1462','B0002',1532,0,'C0333'),
('I1463','O1463','B0004',9022,20,'C0511'),
('I1464','O1464','B0001',2807,0,'C0356'),
('I1465','O1465','B0009',2400,50,'C0117'),
('I1466','O1466','B0002',7508,40,'C0329'),
('I1467','O1467','B0003',3924,0,'C0837'),
('I1468','O1468','B0010',1427,0,'C0175'),
('I1469','O1469','B0007',8875,0,'C0524'),
('I1470','O1470','B0001',7132,0,'C0450'),
('I1471','O1471','B0007',3969,0,'C0056'),
('I1472','O1472','B0009',4769,30,'C0669'),
('I1473','O1473','B0002',8823,0,'C0706'),
('I1474','O1474','B0005',8444,0,'C0435'),
('I1475','O1475','B0007',9260,0,'C0705'),
('I1476','O1476','B0004',6706,0,'C0687'),
('I1477','O1477','B0004',353,0,'C0846'),
('I1478','O1478','B0001',2693,0,'C0682'),
('I1479','O1479','B0003',7107,0,'C0010'),
('I1480','O1480','B0010',1227,40,'C0727'),
('I1481','O1481','B0009',2472,0,'C0073'),
('I1482','O1482','B0007',4636,0,'C0884'),
('I1483','O1483','B0002',7609,50,'C0021'),
('I1484','O1484','B0007',2192,0,'C0884'),
('I1485','O1485','B0004',9666,0,'C0922'),
('I1486','O1486','B0004',437,0,'C0642'),
('I1487','O1487','B0008',9528,0,'C0677'),
('I1488','O1488','B0009',3309,0,'C0864'),
('I1489','O1489','B0009',4630,0,'C0059'),
('I1490','O1490','B0005',7408,0,'C0416'),
('I1491','O1491','B0002',3549,0,'C0259'),
('I1492','O1492','B0001',943,0,'C0011'),
('I1493','O1493','B0006',6021,0,'C0821'),
('I1494','O1494','B0008',9895,0,'C0094'),
('I1495','O1495','B0001',9310,0,'C0441'),
('I1496','O1496','B0005',5880,0,'C0675'),
('I1497','O1497','B0003',8196,0,'C0983'),
('I1498','O1498','B0004',7857,40,'C0950'),
('I1499','O1499','B0007',6489,0,'C0466'),
('I1500','O1500','B0006',4595,0,'C0805')


Insert into Feedback
Values
('F0001','B0001','C0529','Dissapointing','2'),
('F0002','B0003','C0053','Terrible','1'),
('F0003','B0006','C0971','Dissapointing','2'),
('F0004','B0003','C0967','Good experience','4'),
('F0005','B0004','C0977','Terrible','1'),
('F0006','B0005','C0909','Terrible','1'),
('F0007','B0005','C0719','Good experience','4'),
('F0008','B0007','C0703','Good experience','4'),
('F0009','B0006','C0809','Amazing Experience','5'),
('F0010','B0009','C0065','Dissapointing','2'),
('F0011','B0006','C0476','Dissapointing','2'),
('F0012','B0003','C0363','Terrible','1'),
('F0013','B0009','C0017','Good experience','4'),
('F0014','B0006','C0213','Dissapointing','2'),
('F0015','B0005','C0995','Dissapointing','2'),
('F0016','B0009','C0691','Amazing Experience','5'),
('F0017','B0001','C0024','Good experience','4'),
('F0018','B0006','C0588','Amazing Experience','5'),
('F0019','B0001','C0417','Average','3'),
('F0020','B0007','C0208','Average','3'),
('F0021','B0003','C0629','Dissapointing','2'),
('F0022','B0006','C0901','Dissapointing','2'),
('F0023','B0002','C0355','Terrible','1'),
('F0024','B0004','C0261','Amazing Experience','5'),
('F0025','B0008','C0312','Average','3'),
('F0026','B0001','C0561','Terrible','1'),
('F0027','B0006','C0144','Terrible','1'),
('F0028','B0004','C0786','Average','3'),
('F0029','B0002','C0781','Good experience','4'),
('F0030','B0003','C0292','Amazing Experience','5'),
('F0031','B0002','C0224','Amazing Experience','5'),
('F0032','B0004','C0347','Amazing Experience','5'),
('F0033','B0010','C0467','Average','3'),
('F0034','B0006','C0990','Good experience','4'),
('F0035','B0003','C0001','Average','3'),
('F0036','B0010','C0959','Terrible','1'),
('F0037','B0002','C0487','Terrible','1'),
('F0038','B0006','C0216','Terrible','1'),
('F0039','B0002','C0999','Amazing Experience','5'),
('F0040','B0006','C0506','Terrible','1'),
('F0041','B0009','C0726','Dissapointing','2'),
('F0042','B0008','C0727','Average','3'),
('F0043','B0005','C0320','Good experience','4'),
('F0044','B0008','C0496','Terrible','1'),
('F0045','B0005','C0640','Average','3'),
('F0046','B0002','C0468','Terrible','1'),
('F0047','B0007','C0339','Dissapointing','2'),
('F0048','B0004','C0860','Dissapointing','2'),
('F0049','B0002','C0818','Good experience','4'),
('F0050','B0002','C0911','Good experience','4'),
('F0051','B0004','C0703','Amazing Experience','5'),
('F0052','B0007','C0360','Average','3'),
('F0053','B0010','C0264','Dissapointing','2'),
('F0054','B0006','C0878','Good experience','4'),
('F0055','B0006','C0266','Good experience','4'),
('F0056','B0006','C0683','Average','3'),
('F0057','B0009','C0036','Dissapointing','2'),
('F0058','B0002','C0731','Average','3'),
('F0059','B0005','C0369','Good experience','4'),
('F0060','B0009','C0861','Terrible','1'),
('F0061','B0007','C0760','Dissapointing','2'),
('F0062','B0003','C0412','Good experience','4'),
('F0063','B0003','C0231','Terrible','1'),
('F0064','B0008','C0359','Terrible','1'),
('F0065','B0007','C0819','Dissapointing','2'),
('F0066','B0007','C0001','Dissapointing','2'),
('F0067','B0010','C0679','Terrible','1'),
('F0068','B0007','C0189','Dissapointing','2'),
('F0069','B0001','C0249','Average','3'),
('F0070','B0010','C0326','Average','3'),
('F0071','B0010','C0938','Terrible','1'),
('F0072','B0006','C0153','Amazing Experience','5'),
('F0073','B0010','C0735','Dissapointing','2'),
('F0074','B0009','C0569','Terrible','1'),
('F0075','B0010','C0758','Dissapointing','2'),
('F0076','B0007','C0241','Dissapointing','2'),
('F0077','B0006','C0066','Terrible','1'),
('F0078','B0003','C0717','Average','3'),
('F0079','B0010','C0988','Amazing Experience','5'),
('F0080','B0005','C0523','Amazing Experience','5'),
('F0081','B0010','C0017','Average','3'),
('F0082','B0008','C0061','Amazing Experience','5'),
('F0083','B0006','C0808','Good experience','4'),
('F0084','B0009','C0164','Amazing Experience','5'),
('F0085','B0006','C0178','Amazing Experience','5'),
('F0086','B0008','C0572','Average','3'),
('F0087','B0001','C0641','Average','3'),
('F0088','B0001','C0699','Terrible','1'),
('F0089','B0009','C0449','Amazing Experience','5'),
('F0090','B0002','C0379','Dissapointing','2'),
('F0091','B0001','C0838','Good experience','4'),
('F0092','B0005','C0152','Good experience','4'),
('F0093','B0006','C0814','Average','3'),
('F0094','B0003','C0641','Dissapointing','2'),
('F0095','B0007','C0461','Terrible','1'),
('F0096','B0006','C0779','Terrible','1'),
('F0097','B0004','C0985','Dissapointing','2'),
('F0098','B0006','C0631','Average','3'),
('F0099','B0005','C0588','Dissapointing','2'),
('F0100','B0003','C0527','Average','3'),
('F0101','B0004','C0676','Terrible','1'),
('F0102','B0004','C0305','Terrible','1'),
('F0103','B0003','C0224','Dissapointing','2'),
('F0104','B0003','C0329','Terrible','1'),
('F0105','B0002','C0632','Good experience','4'),
('F0106','B0010','C0772','Average','3'),
('F0107','B0005','C0795','Amazing Experience','5'),
('F0108','B0009','C0544','Dissapointing','2'),
('F0109','B0002','C0580','Good experience','4'),
('F0110','B0007','C0349','Good experience','4'),
('F0111','B0010','C0973','Good experience','4'),
('F0112','B0008','C0947','Average','3'),
('F0113','B0007','C0751','Dissapointing','2'),
('F0114','B0006','C0794','Good experience','4'),
('F0115','B0003','C0352','Dissapointing','2'),
('F0116','B0007','C0481','Good experience','4'),
('F0117','B0004','C0583','Amazing Experience','5'),
('F0118','B0010','C0003','Amazing Experience','5'),
('F0119','B0008','C0415','Good experience','4'),
('F0120','B0001','C0479','Good experience','4'),
('F0121','B0003','C0116','Amazing Experience','5'),
('F0122','B0010','C0744','Dissapointing','2'),
('F0123','B0007','C0906','Dissapointing','2'),
('F0124','B0006','C0090','Amazing Experience','5'),
('F0125','B0004','C0476','Amazing Experience','5'),
('F0126','B0002','C0422','Terrible','1'),
('F0127','B0005','C0341','Terrible','1'),
('F0128','B0009','C0256','Average','3'),
('F0129','B0004','C0766','Terrible','1'),
('F0130','B0002','C0362','Dissapointing','2'),
('F0131','B0010','C0271','Dissapointing','2'),
('F0132','B0007','C0838','Terrible','1'),
('F0133','B0005','C0970','Amazing Experience','5'),
('F0134','B0010','C0123','Terrible','1'),
('F0135','B0004','C0306','Dissapointing','2'),
('F0136','B0008','C0451','Terrible','1'),
('F0137','B0006','C0583','Average','3'),
('F0138','B0004','C0285','Dissapointing','2'),
('F0139','B0008','C0121','Terrible','1'),
('F0140','B0009','C0834','Terrible','1'),
('F0141','B0007','C0915','Good experience','4'),
('F0142','B0004','C0926','Good experience','4'),
('F0143','B0004','C0028','Terrible','1'),
('F0144','B0010','C0287','Terrible','1'),
('F0145','B0006','C0303','Good experience','4'),
('F0146','B0002','C0741','Dissapointing','2'),
('F0147','B0004','C0758','Amazing Experience','5'),
('F0148','B0004','C0065','Terrible','1'),
('F0149','B0010','C0789','Terrible','1'),
('F0150','B0007','C0134','Dissapointing','2'),
('F0151','B0007','C0093','Terrible','1'),
('F0152','B0002','C0958','Average','3'),
('F0153','B0010','C0520','Dissapointing','2'),
('F0154','B0004','C0133','Good experience','4'),
('F0155','B0007','C0773','Dissapointing','2'),
('F0156','B0001','C0368','Good experience','4'),
('F0157','B0008','C0692','Average','3'),
('F0158','B0001','C0378','Amazing Experience','5'),
('F0159','B0003','C0421','Amazing Experience','5'),
('F0160','B0004','C0108','Dissapointing','2'),
('F0161','B0009','C0623','Good experience','4'),
('F0162','B0009','C0471','Dissapointing','2'),
('F0163','B0003','C0991','Good experience','4'),
('F0164','B0009','C0333','Dissapointing','2'),
('F0165','B0002','C0009','Dissapointing','2'),
('F0166','B0009','C0120','Amazing Experience','5'),
('F0167','B0006','C0985','Good experience','4'),
('F0168','B0010','C0763','Dissapointing','2'),
('F0169','B0001','C0895','Dissapointing','2'),
('F0170','B0008','C0486','Dissapointing','2'),
('F0171','B0006','C0174','Average','3'),
('F0172','B0010','C0757','Amazing Experience','5'),
('F0173','B0002','C0272','Good experience','4'),
('F0174','B0002','C0732','Dissapointing','2'),
('F0175','B0010','C0259','Good experience','4'),
('F0176','B0004','C0117','Dissapointing','2'),
('F0177','B0003','C0025','Dissapointing','2'),
('F0178','B0003','C0385','Good experience','4'),
('F0179','B0004','C0154','Amazing Experience','5'),
('F0180','B0002','C0155','Amazing Experience','5'),
('F0181','B0006','C0632','Good experience','4'),
('F0182','B0005','C0525','Good experience','4'),
('F0183','B0010','C0387','Average','3'),
('F0184','B0008','C0722','Amazing Experience','5'),
('F0185','B0007','C0136','Average','3'),
('F0186','B0007','C0941','Good experience','4'),
('F0187','B0010','C0450','Terrible','1'),
('F0188','B0002','C0652','Dissapointing','2'),
('F0189','B0008','C0471','Good experience','4'),
('F0190','B0004','C0857','Average','3'),
('F0191','B0009','C0924','Terrible','1'),
('F0192','B0003','C0689','Dissapointing','2'),
('F0193','B0005','C0590','Average','3'),
('F0194','B0001','C0995','Terrible','1'),
('F0195','B0009','C0167','Average','3'),
('F0196','B0003','C0544','Average','3'),
('F0197','B0001','C0475','Good experience','4'),
('F0198','B0005','C0065','Dissapointing','2'),
('F0199','B0002','C0451','Terrible','1'),
('F0200','B0002','C0191','Terrible','1'),
('F0201','B0001','C0248','Terrible','1'),
('F0202','B0008','C0879','Terrible','1'),
('F0203','B0007','C0753','Dissapointing','2'),
('F0204','B0009','C0202','Terrible','1'),
('F0205','B0009','C0254','Dissapointing','2'),
('F0206','B0001','C0355','Terrible','1'),
('F0207','B0009','C0071','Dissapointing','2'),
('F0208','B0002','C0026','Good experience','4'),
('F0209','B0002','C0290','Average','3'),
('F0210','B0004','C0778','Average','3'),
('F0211','B0004','C0919','Average','3'),
('F0212','B0003','C0875','Amazing Experience','5'),
('F0213','B0007','C0757','Good experience','4'),
('F0214','B0004','C0194','Dissapointing','2'),
('F0215','B0008','C0893','Dissapointing','2'),
('F0216','B0007','C0654','Average','3'),
('F0217','B0001','C0891','Dissapointing','2'),
('F0218','B0009','C0290','Amazing Experience','5'),
('F0219','B0001','C0298','Terrible','1'),
('F0220','B0005','C0057','Average','3'),
('F0221','B0006','C0725','Dissapointing','2'),
('F0222','B0005','C0183','Good experience','4'),
('F0223','B0006','C0494','Terrible','1'),
('F0224','B0006','C0262','Terrible','1'),
('F0225','B0005','C0640','Terrible','1'),
('F0226','B0008','C0324','Terrible','1'),
('F0227','B0006','C0048','Average','3'),
('F0228','B0003','C0088','Average','3'),
('F0229','B0008','C0830','Dissapointing','2'),
('F0230','B0007','C0784','Good experience','4'),
('F0231','B0002','C0793','Amazing Experience','5'),
('F0232','B0009','C0187','Average','3'),
('F0233','B0009','C0290','Average','3'),
('F0234','B0006','C0132','Terrible','1'),
('F0235','B0004','C0322','Dissapointing','2'),
('F0236','B0009','C0148','Amazing Experience','5'),
('F0237','B0010','C0756','Average','3'),
('F0238','B0009','C0860','Amazing Experience','5'),
('F0239','B0006','C0030','Average','3'),
('F0240','B0003','C0783','Good experience','4'),
('F0241','B0007','C0573','Dissapointing','2'),
('F0242','B0002','C0908','Good experience','4'),
('F0243','B0003','C0897','Good experience','4'),
('F0244','B0007','C0078','Terrible','1'),
('F0245','B0004','C0538','Dissapointing','2'),
('F0246','B0009','C0796','Average','3'),
('F0247','B0007','C0255','Amazing Experience','5'),
('F0248','B0006','C0857','Average','3'),
('F0249','B0003','C0726','Dissapointing','2'),
('F0250','B0003','C0531','Terrible','1'),
('F0251','B0001','C0646','Terrible','1'),
('F0252','B0006','C0193','Amazing Experience','5'),
('F0253','B0001','C0931','Amazing Experience','5'),
('F0254','B0009','C0708','Terrible','1'),
('F0255','B0007','C0426','Good experience','4'),
('F0256','B0007','C0345','Amazing Experience','5'),
('F0257','B0001','C0854','Good experience','4'),
('F0258','B0007','C0352','Amazing Experience','5'),
('F0259','B0006','C0815','Average','3'),
('F0260','B0008','C0095','Average','3'),
('F0261','B0010','C0295','Amazing Experience','5'),
('F0262','B0002','C0961','Terrible','1'),
('F0263','B0006','C0231','Average','3'),
('F0264','B0005','C0289','Dissapointing','2'),
('F0265','B0003','C0311','Good experience','4'),
('F0266','B0001','C0581','Amazing Experience','5'),
('F0267','B0003','C0303','Average','3'),
('F0268','B0008','C0067','Dissapointing','2'),
('F0269','B0007','C0908','Terrible','1'),
('F0270','B0006','C0324','Good experience','4'),
('F0271','B0005','C0883','Dissapointing','2'),
('F0272','B0005','C0988','Amazing Experience','5'),
('F0273','B0010','C0357','Good experience','4'),
('F0274','B0006','C0342','Terrible','1'),
('F0275','B0005','C0497','Average','3'),
('F0276','B0003','C0522','Amazing Experience','5'),
('F0277','B0009','C0311','Average','3'),
('F0278','B0007','C0695','Terrible','1'),
('F0279','B0002','C0482','Terrible','1'),
('F0280','B0001','C0662','Average','3'),
('F0281','B0009','C0554','Terrible','1'),
('F0282','B0006','C0633','Average','3'),
('F0283','B0004','C0066','Average','3'),
('F0284','B0004','C0880','Good experience','4'),
('F0285','B0006','C0168','Dissapointing','2'),
('F0286','B0001','C0575','Terrible','1'),
('F0287','B0008','C0164','Average','3'),
('F0288','B0007','C0352','Terrible','1'),
('F0289','B0002','C0011','Good experience','4'),
('F0290','B0009','C0939','Amazing Experience','5'),
('F0291','B0005','C0871','Good experience','4'),
('F0292','B0004','C0013','Good experience','4'),
('F0293','B0009','C0839','Good experience','4'),
('F0294','B0005','C0607','Good experience','4'),
('F0295','B0004','C0706','Dissapointing','2'),
('F0296','B0004','C0740','Average','3'),
('F0297','B0010','C0700','Good experience','4'),
('F0298','B0004','C0425','Average','3'),
('F0299','B0006','C0587','Dissapointing','2'),
('F0300','B0009','C0228','Good experience','4'),
('F0301','B0007','C0121','Terrible','1'),
('F0302','B0006','C0669','Amazing Experience','5'),
('F0303','B0001','C0642','Average','3'),
('F0304','B0002','C0674','Good experience','4'),
('F0305','B0009','C0929','Average','3'),
('F0306','B0007','C0658','Terrible','1'),
('F0307','B0004','C0998','Terrible','1'),
('F0308','B0006','C0783','Amazing Experience','5'),
('F0309','B0009','C0416','Amazing Experience','5'),
('F0310','B0003','C0283','Good experience','4'),
('F0311','B0006','C0043','Amazing Experience','5'),
('F0312','B0003','C0810','Dissapointing','2'),
('F0313','B0002','C0394','Good experience','4'),
('F0314','B0006','C0402','Terrible','1'),
('F0315','B0005','C0585','Average','3'),
('F0316','B0010','C0974','Terrible','1'),
('F0317','B0002','C0088','Terrible','1'),
('F0318','B0007','C0734','Amazing Experience','5'),
('F0319','B0001','C0034','Amazing Experience','5'),
('F0320','B0007','C0348','Average','3'),
('F0321','B0007','C0231','Amazing Experience','5'),
('F0322','B0004','C0255','Terrible','1'),
('F0323','B0010','C0208','Average','3'),
('F0324','B0010','C0550','Terrible','1'),
('F0325','B0004','C0710','Dissapointing','2'),
('F0326','B0008','C0549','Average','3'),
('F0327','B0008','C0130','Dissapointing','2'),
('F0328','B0010','C0285','Terrible','1'),
('F0329','B0003','C0824','Good experience','4'),
('F0330','B0006','C0166','Amazing Experience','5'),
('F0331','B0010','C0025','Amazing Experience','5'),
('F0332','B0004','C0045','Terrible','1'),
('F0333','B0002','C0046','Terrible','1'),
('F0334','B0010','C0080','Terrible','1'),
('F0335','B0005','C0985','Dissapointing','2'),
('F0336','B0004','C0360','Average','3'),
('F0337','B0003','C0902','Amazing Experience','5'),
('F0338','B0006','C0037','Amazing Experience','5'),
('F0339','B0008','C0819','Terrible','1'),
('F0340','B0001','C0517','Average','3'),
('F0341','B0005','C0145','Dissapointing','2'),
('F0342','B0007','C0375','Amazing Experience','5'),
('F0343','B0005','C0723','Amazing Experience','5'),
('F0344','B0001','C0595','Good experience','4'),
('F0345','B0003','C0188','Dissapointing','2'),
('F0346','B0007','C0876','Dissapointing','2'),
('F0347','B0005','C0447','Average','3'),
('F0348','B0008','C0204','Average','3'),
('F0349','B0005','C0399','Average','3'),
('F0350','B0002','C0426','Dissapointing','2'),
('F0351','B0001','C0019','Dissapointing','2'),
('F0352','B0009','C0416','Average','3'),
('F0353','B0003','C0490','Good experience','4'),
('F0354','B0002','C0411','Terrible','1'),
('F0355','B0009','C0374','Average','3'),
('F0356','B0001','C0065','Amazing Experience','5'),
('F0357','B0009','C0891','Average','3'),
('F0358','B0006','C0430','Dissapointing','2'),
('F0359','B0008','C0576','Average','3'),
('F0360','B0009','C0801','Terrible','1'),
('F0361','B0008','C0410','Dissapointing','2'),
('F0362','B0010','C0754','Amazing Experience','5'),
('F0363','B0007','C0501','Good experience','4'),
('F0364','B0009','C0042','Good experience','4'),
('F0365','B0002','C0453','Good experience','4'),
('F0366','B0005','C0852','Average','3'),
('F0367','B0007','C0919','Good experience','4'),
('F0368','B0007','C0096','Terrible','1'),
('F0369','B0001','C0657','Average','3'),
('F0370','B0002','C0669','Terrible','1'),
('F0371','B0002','C0466','Average','3'),
('F0372','B0010','C0071','Amazing Experience','5'),
('F0373','B0004','C0983','Good experience','4'),
('F0374','B0002','C0010','Amazing Experience','5'),
('F0375','B0001','C0963','Dissapointing','2'),
('F0376','B0003','C0941','Dissapointing','2'),
('F0377','B0007','C0690','Dissapointing','2'),
('F0378','B0001','C0029','Dissapointing','2'),
('F0379','B0009','C0149','Good experience','4'),
('F0380','B0005','C0950','Dissapointing','2'),
('F0381','B0008','C0908','Terrible','1'),
('F0382','B0009','C0508','Good experience','4'),
('F0383','B0010','C0692','Average','3'),
('F0384','B0008','C0356','Terrible','1'),
('F0385','B0010','C0860','Good experience','4'),
('F0386','B0002','C0753','Good experience','4'),
('F0387','B0003','C0739','Average','3'),
('F0388','B0005','C0296','Amazing Experience','5'),
('F0389','B0010','C0558','Terrible','1'),
('F0390','B0007','C0290','Good experience','4'),
('F0391','B0003','C0733','Terrible','1'),
('F0392','B0006','C0666','Average','3'),
('F0393','B0009','C0147','Dissapointing','2'),
('F0394','B0007','C0354','Dissapointing','2'),
('F0395','B0002','C0799','Amazing Experience','5'),
('F0396','B0009','C0033','Amazing Experience','5'),
('F0397','B0006','C0679','Good experience','4'),
('F0398','B0004','C0121','Average','3'),
('F0399','B0005','C0662','Dissapointing','2'),
('F0400','B0001','C0156','Amazing Experience','5'),
('F0401','B0001','C0686','Amazing Experience','5'),
('F0402','B0003','C0834','Dissapointing','2'),
('F0403','B0005','C0611','Dissapointing','2'),
('F0404','B0006','C0586','Terrible','1'),
('F0405','B0010','C0413','Amazing Experience','5'),
('F0406','B0004','C0761','Amazing Experience','5'),
('F0407','B0004','C0943','Average','3'),
('F0408','B0002','C0128','Average','3'),
('F0409','B0005','C0678','Dissapointing','2'),
('F0410','B0005','C0300','Average','3'),
('F0411','B0006','C0611','Terrible','1'),
('F0412','B0007','C0522','Good experience','4'),
('F0413','B0006','C0269','Dissapointing','2'),
('F0414','B0008','C0801','Amazing Experience','5'),
('F0415','B0009','C0225','Amazing Experience','5'),
('F0416','B0008','C0928','Terrible','1'),
('F0417','B0005','C0657','Average','3'),
('F0418','B0005','C0210','Good experience','4'),
('F0419','B0002','C0806','Good experience','4'),
('F0420','B0009','C0295','Good experience','4'),
('F0421','B0004','C0952','Terrible','1'),
('F0422','B0009','C0971','Terrible','1'),
('F0423','B0006','C0655','Average','3'),
('F0424','B0009','C0103','Average','3'),
('F0425','B0008','C0594','Average','3'),
('F0426','B0003','C0409','Amazing Experience','5'),
('F0427','B0007','C0731','Average','3'),
('F0428','B0003','C0954','Terrible','1'),
('F0429','B0010','C0578','Good experience','4'),
('F0430','B0009','C0600','Dissapointing','2'),
('F0431','B0005','C0083','Amazing Experience','5'),
('F0432','B0001','C0007','Terrible','1'),
('F0433','B0003','C0350','Terrible','1'),
('F0434','B0003','C0545','Good experience','4'),
('F0435','B0003','C0141','Dissapointing','2'),
('F0436','B0003','C0060','Dissapointing','2'),
('F0437','B0002','C0692','Good experience','4'),
('F0438','B0008','C0913','Terrible','1'),
('F0439','B0008','C0478','Average','3'),
('F0440','B0008','C0269','Amazing Experience','5'),
('F0441','B0010','C0881','Amazing Experience','5'),
('F0442','B0002','C0531','Terrible','1'),
('F0443','B0003','C0264','Terrible','1'),
('F0444','B0007','C0172','Dissapointing','2'),
('F0445','B0005','C0744','Amazing Experience','5'),
('F0446','B0006','C0740','Amazing Experience','5'),
('F0447','B0008','C0067','Average','3'),
('F0448','B0008','C0025','Terrible','1'),
('F0449','B0009','C0737','Good experience','4'),
('F0450','B0009','C0123','Terrible','1'),
('F0451','B0010','C0845','Good experience','4'),
('F0452','B0007','C0702','Good experience','4'),
('F0453','B0001','C0367','Good experience','4'),
('F0454','B0005','C0604','Amazing Experience','5'),
('F0455','B0010','C0596','Terrible','1'),
('F0456','B0001','C0374','Amazing Experience','5'),
('F0457','B0003','C0521','Good experience','4'),
('F0458','B0010','C0874','Terrible','1'),
('F0459','B0008','C0338','Terrible','1'),
('F0460','B0009','C0501','Terrible','1'),
('F0461','B0010','C0297','Amazing Experience','5'),
('F0462','B0009','C0483','Good experience','4'),
('F0463','B0010','C0955','Terrible','1'),
('F0464','B0009','C0320','Average','3'),
('F0465','B0007','C0483','Good experience','4'),
('F0466','B0009','C0477','Dissapointing','2'),
('F0467','B0008','C0261','Dissapointing','2'),
('F0468','B0001','C0938','Dissapointing','2'),
('F0469','B0006','C0108','Terrible','1'),
('F0470','B0006','C0232','Dissapointing','2'),
('F0471','B0010','C0316','Terrible','1'),
('F0472','B0007','C0284','Terrible','1'),
('F0473','B0005','C0126','Dissapointing','2'),
('F0474','B0006','C0435','Amazing Experience','5'),
('F0475','B0010','C0557','Dissapointing','2'),
('F0476','B0004','C0810','Good experience','4'),
('F0477','B0002','C0525','Average','3'),
('F0478','B0003','C0079','Good experience','4'),
('F0479','B0001','C0755','Average','3'),
('F0480','B0003','C0930','Average','3'),
('F0481','B0004','C0740','Dissapointing','2'),
('F0482','B0002','C0535','Dissapointing','2'),
('F0483','B0010','C0672','Average','3'),
('F0484','B0008','C0712','Dissapointing','2'),
('F0485','B0001','C0031','Dissapointing','2'),
('F0486','B0002','C0338','Dissapointing','2'),
('F0487','B0004','C0347','Average','3'),
('F0488','B0008','C0222','Good experience','4'),
('F0489','B0010','C0488','Good experience','4'),
('F0490','B0007','C0303','Amazing Experience','5'),
('F0491','B0004','C0976','Terrible','1'),
('F0492','B0001','C0284','Dissapointing','2'),
('F0493','B0007','C0541','Terrible','1'),
('F0494','B0006','C0684','Terrible','1'),
('F0495','B0004','C0486','Good experience','4'),
('F0496','B0007','C0790','Terrible','1'),
('F0497','B0001','C0398','Terrible','1'),
('F0498','B0010','C0210','Dissapointing','2'),
('F0499','B0008','C0693','Amazing Experience','5'),
('F0500','B0001','C0534','Terrible','1')


Insert into Inventory
Values
('I0001','Potatoe','245Kg','2019-09-21','B0001'),
('I0002','Carrots','449Kg','2019-09-08','B0001'),
('I0003','Peas','135Kg','2019-09-23','B0001'),
('I0004','Broccoli','22Kg','2019-09-15','B0001'),
('I0005','Mushrooms','359Kg','2019-09-21','B0001'),
('I0006','Spinach','490Kg','2019-09-23','B0001'),
('I0007','Beans','307Kg','2019-09-06','B0001'),
('I0008','Egg plant','303Kg','2019-09-24','B0001'),
('I0009','Peppers','84Kg','2019-09-14','B0001'),
('I0010','Cucumbers','137Kg','2019-09-25','B0001'),
('I0011','Pineapple','304Kg','2019-09-25','B0001'),
('I0012','Salt','199Kg','2019-09-05','B0001'),
('I0013','Garlic','116Kg','2019-09-03','B0001'),
('I0014','Sugar','404Kg','2019-09-12','B0001'),
('I0015','Musturd','500Kg','2019-09-19','B0001'),
('I0016','Black Pepper','62Kg','2019-09-08','B0001'),
('I0017','Cinnamon','131Kg','2019-09-05','B0001'),
('I0018','Coriander','125Kg','2019-09-16','B0001'),
('I0019','Cumin','42Kg','2019-09-04','B0001'),
('I0020','Lemon grass','349Kg','2019-09-22','B0001'),
('I0021','sesame','255Kg','2019-09-12','B0001'),
('I0022','Chicken','220Kg','2019-09-21','B0001'),
('I0023','Beef','401Kg','2019-09-23','B0001'),
('I0024','Mutton','191Kg','2019-09-09','B0001'),
('I0025','Fish','202Kg','2019-09-15','B0001'),
('I0026','Prawns','91Kg','2019-09-20','B0001'),
('I0027','Shrimps','375Kg','2019-09-15','B0001'),
('I0028','Cabbage','462Kg','2019-09-24','B0001'),
('I0029','Cauliflower','355Kg','2019-09-01','B0001'),
('I0030','Lettuce','416Kg','2019-09-17','B0001'),
('I0031','Onions','251Kg','2019-09-25','B0001'),
('I0032','Tomato','62Kg','2019-09-03','B0001'),
('I0033','Potatoe','248Kg','2019-09-13','B0002'),
('I0034','Carrots','443Kg','2019-09-01','B0002'),
('I0035','Peas','451Kg','2019-09-20','B0002'),
('I0036','Broccoli','76Kg','2019-09-03','B0002'),
('I0037','Mushrooms','492Kg','2019-09-01','B0002'),
('I0038','Spinach','343Kg','2019-09-04','B0002'),
('I0039','Beans','394Kg','2019-09-15','B0002'),
('I0040','Egg plant','152Kg','2019-09-25','B0002'),
('I0041','Peppers','133Kg','2019-09-11','B0002'),
('I0042','Cucumbers','58Kg','2019-09-14','B0002'),
('I0043','Pineapple','479Kg','2019-09-02','B0002'),
('I0044','Salt','458Kg','2019-09-05','B0002'),
('I0045','Garlic','276Kg','2019-09-22','B0002'),
('I0046','Sugar','352Kg','2019-09-03','B0002'),
('I0047','Musturd','428Kg','2019-09-13','B0002'),
('I0048','Black Pepper','466Kg','2019-09-18','B0002'),
('I0049','Cinnamon','414Kg','2019-09-01','B0002'),
('I0050','Coriander','329Kg','2019-09-13','B0002'),
('I0051','Cumin','141Kg','2019-09-12','B0002'),
('I0052','Lemon grass','403Kg','2019-09-13','B0002'),
('I0053','sesame','349Kg','2019-09-11','B0002'),
('I0054','Chicken','442Kg','2019-09-06','B0002'),
('I0055','Beef','398Kg','2019-09-21','B0002'),
('I0056','Mutton','273Kg','2019-09-02','B0002'),
('I0057','Fish','244Kg','2019-09-12','B0002'),
('I0058','Prawns','178Kg','2019-09-22','B0002'),
('I0059','Shrimps','189Kg','2019-09-09','B0002'),
('I0060','Cabbage','451Kg','2019-09-22','B0002'),
('I0061','Cauliflower','15Kg','2019-09-06','B0002'),
('I0062','Lettuce','174Kg','2019-09-06','B0002'),
('I0063','Onions','342Kg','2019-09-03','B0002'),
('I0064','Tomato','471Kg','2019-09-12','B0002'),
('I0065','Potatoe','54Kg','2019-09-25','B0003'),
('I0066','Carrots','138Kg','2019-09-12','B0003'),
('I0067','Peas','171Kg','2019-09-20','B0003'),
('I0068','Broccoli','427Kg','2019-09-10','B0003'),
('I0069','Mushrooms','138Kg','2019-09-06','B0003'),
('I0070','Spinach','168Kg','2019-09-15','B0003'),
('I0071','Beans','390Kg','2019-09-13','B0003'),
('I0072','Egg plant','408Kg','2019-09-05','B0003'),
('I0073','Peppers','58Kg','2019-09-01','B0003'),
('I0074','Cucumbers','200Kg','2019-09-13','B0003'),
('I0075','Pineapple','304Kg','2019-09-15','B0003'),
('I0076','Salt','485Kg','2019-09-02','B0003'),
('I0077','Garlic','491Kg','2019-09-11','B0003'),
('I0078','Sugar','21Kg','2019-09-23','B0003'),
('I0079','Musturd','92Kg','2019-09-05','B0003'),
('I0080','Black Pepper','29Kg','2019-09-12','B0003'),
('I0081','Cinnamon','205Kg','2019-09-08','B0003'),
('I0082','Coriander','189Kg','2019-09-11','B0003'),
('I0083','Cumin','318Kg','2019-09-15','B0003'),
('I0084','Lemon grass','406Kg','2019-09-17','B0003'),
('I0085','sesame','7Kg','2019-09-19','B0003'),
('I0086','Chicken','464Kg','2019-09-09','B0003'),
('I0087','Beef','4Kg','2019-09-23','B0003'),
('I0088','Mutton','48Kg','2019-09-03','B0003'),
('I0089','Fish','386Kg','2019-09-14','B0003'),
('I0090','Prawns','166Kg','2019-09-05','B0003'),
('I0091','Shrimps','383Kg','2019-09-06','B0003'),
('I0092','Cabbage','287Kg','2019-09-03','B0003'),
('I0093','Cauliflower','153Kg','2019-09-19','B0003'),
('I0094','Lettuce','286Kg','2019-09-12','B0003'),
('I0095','Onions','432Kg','2019-09-03','B0003'),
('I0096','Tomato','340Kg','2019-09-21','B0003'),
('I0097','Potatoe','91Kg','2019-09-06','B0004'),
('I0098','Carrots','30Kg','2019-09-03','B0004'),
('I0099','Peas','217Kg','2019-09-06','B0004'),
('I0100','Broccoli','235Kg','2019-09-06','B0004'),
('I0101','Mushrooms','327Kg','2019-09-19','B0004'),
('I0102','Spinach','78Kg','2019-09-17','B0004'),
('I0103','Beans','252Kg','2019-09-24','B0004'),
('I0104','Egg plant','362Kg','2019-09-07','B0004'),
('I0105','Peppers','492Kg','2019-09-22','B0004'),
('I0106','Cucumbers','211Kg','2019-09-24','B0004'),
('I0107','Pineapple','416Kg','2019-09-25','B0004'),
('I0108','Salt','295Kg','2019-09-24','B0004'),
('I0109','Garlic','332Kg','2019-09-21','B0004'),
('I0110','Sugar','155Kg','2019-09-09','B0004'),
('I0111','Musturd','411Kg','2019-09-08','B0004'),
('I0112','Black Pepper','373Kg','2019-09-17','B0004'),
('I0113','Cinnamon','271Kg','2019-09-18','B0004'),
('I0114','Coriander','57Kg','2019-09-04','B0004'),
('I0115','Cumin','218Kg','2019-09-02','B0004'),
('I0116','Lemon grass','269Kg','2019-09-19','B0004'),
('I0117','sesame','227Kg','2019-09-22','B0004'),
('I0118','Chicken','395Kg','2019-09-12','B0004'),
('I0119','Beef','34Kg','2019-09-08','B0004'),
('I0120','Mutton','293Kg','2019-09-11','B0004'),
('I0121','Fish','269Kg','2019-09-02','B0004'),
('I0122','Prawns','86Kg','2019-09-04','B0004'),
('I0123','Shrimps','309Kg','2019-09-03','B0004'),
('I0124','Cabbage','500Kg','2019-09-10','B0004'),
('I0125','Cauliflower','164Kg','2019-09-05','B0004'),
('I0126','Lettuce','181Kg','2019-09-18','B0004'),
('I0127','Onions','306Kg','2019-09-11','B0004'),
('I0128','Tomato','265Kg','2019-09-20','B0004'),
('I0129','Potatoe','464Kg','2019-09-10','B0005'),
('I0130','Carrots','157Kg','2019-09-01','B0005'),
('I0131','Peas','66Kg','2019-09-19','B0005'),
('I0132','Broccoli','268Kg','2019-09-12','B0005'),
('I0133','Mushrooms','157Kg','2019-09-11','B0005'),
('I0134','Spinach','245Kg','2019-09-03','B0005'),
('I0135','Beans','109Kg','2019-09-10','B0005'),
('I0136','Egg plant','212Kg','2019-09-17','B0005'),
('I0137','Peppers','32Kg','2019-09-02','B0005'),
('I0138','Cucumbers','28Kg','2019-09-23','B0005'),
('I0139','Pineapple','189Kg','2019-09-19','B0005'),
('I0140','Salt','143Kg','2019-09-15','B0005'),
('I0141','Garlic','44Kg','2019-09-15','B0005'),
('I0142','Sugar','336Kg','2019-09-05','B0005'),
('I0143','Musturd','364Kg','2019-09-04','B0005'),
('I0144','Black Pepper','303Kg','2019-09-11','B0005'),
('I0145','Cinnamon','124Kg','2019-09-09','B0005'),
('I0146','Coriander','326Kg','2019-09-15','B0005'),
('I0147','Cumin','52Kg','2019-09-06','B0005'),
('I0148','Lemon grass','265Kg','2019-09-04','B0005'),
('I0149','sesame','446Kg','2019-09-13','B0005'),
('I0150','Chicken','424Kg','2019-09-20','B0005'),
('I0151','Beef','378Kg','2019-09-19','B0005'),
('I0152','Mutton','422Kg','2019-09-02','B0005'),
('I0153','Fish','396Kg','2019-09-08','B0005'),
('I0154','Prawns','184Kg','2019-09-03','B0005'),
('I0155','Shrimps','483Kg','2019-09-23','B0005'),
('I0156','Cabbage','481Kg','2019-09-02','B0005'),
('I0157','Cauliflower','212Kg','2019-09-17','B0005'),
('I0158','Lettuce','192Kg','2019-09-17','B0005'),
('I0159','Onions','471Kg','2019-09-15','B0005'),
('I0160','Tomato','145Kg','2019-09-08','B0005'),
('I0161','Potatoe','162Kg','2019-09-08','B0006'),
('I0162','Carrots','175Kg','2019-09-09','B0006'),
('I0163','Peas','287Kg','2019-09-14','B0006'),
('I0164','Broccoli','395Kg','2019-09-11','B0006'),
('I0165','Mushrooms','127Kg','2019-09-25','B0006'),
('I0166','Spinach','256Kg','2019-09-17','B0006'),
('I0167','Beans','334Kg','2019-09-11','B0006'),
('I0168','Egg plant','248Kg','2019-09-25','B0006'),
('I0169','Peppers','98Kg','2019-09-02','B0006'),
('I0170','Cucumbers','333Kg','2019-09-08','B0006'),
('I0171','Pineapple','253Kg','2019-09-20','B0006'),
('I0172','Salt','299Kg','2019-09-02','B0006'),
('I0173','Garlic','419Kg','2019-09-20','B0006'),
('I0174','Sugar','53Kg','2019-09-06','B0006'),
('I0175','Musturd','480Kg','2019-09-19','B0006'),
('I0176','Black Pepper','288Kg','2019-09-24','B0006'),
('I0177','Cinnamon','276Kg','2019-09-13','B0006'),
('I0178','Coriander','311Kg','2019-09-13','B0006'),
('I0179','Cumin','219Kg','2019-09-12','B0006'),
('I0180','Lemon grass','42Kg','2019-09-12','B0006'),
('I0181','sesame','20Kg','2019-09-20','B0006'),
('I0182','Chicken','373Kg','2019-09-04','B0006'),
('I0183','Beef','270Kg','2019-09-05','B0006'),
('I0184','Mutton','426Kg','2019-09-12','B0006'),
('I0185','Fish','436Kg','2019-09-03','B0006'),
('I0186','Prawns','342Kg','2019-09-24','B0006'),
('I0187','Shrimps','240Kg','2019-09-16','B0006'),
('I0188','Cabbage','44Kg','2019-09-24','B0006'),
('I0189','Cauliflower','35Kg','2019-09-24','B0006'),
('I0190','Lettuce','492Kg','2019-09-16','B0006'),
('I0191','Onions','436Kg','2019-09-25','B0006'),
('I0192','Tomato','13Kg','2019-09-17','B0006'),
('I0193','Potatoe','157Kg','2019-09-03','B0007'),
('I0194','Carrots','226Kg','2019-09-24','B0007'),
('I0195','Peas','373Kg','2019-09-13','B0007'),
('I0196','Broccoli','175Kg','2019-09-16','B0007'),
('I0197','Mushrooms','89Kg','2019-09-16','B0007'),
('I0198','Spinach','9Kg','2019-09-15','B0007'),
('I0199','Beans','205Kg','2019-09-24','B0007'),
('I0200','Egg plant','1Kg','2019-09-05','B0007'),
('I0201','Peppers','93Kg','2019-09-03','B0007'),
('I0202','Cucumbers','451Kg','2019-09-05','B0007'),
('I0203','Pineapple','316Kg','2019-09-23','B0007'),
('I0204','Salt','205Kg','2019-09-18','B0007'),
('I0205','Garlic','228Kg','2019-09-10','B0007'),
('I0206','Sugar','338Kg','2019-09-08','B0007'),
('I0207','Musturd','228Kg','2019-09-24','B0007'),
('I0208','Black Pepper','385Kg','2019-09-21','B0007'),
('I0209','Cinnamon','171Kg','2019-09-08','B0007'),
('I0210','Coriander','450Kg','2019-09-13','B0007'),
('I0211','Cumin','355Kg','2019-09-06','B0007'),
('I0212','Lemon grass','235Kg','2019-09-10','B0007'),
('I0213','sesame','428Kg','2019-09-20','B0007'),
('I0214','Chicken','369Kg','2019-09-13','B0007'),
('I0215','Beef','450Kg','2019-09-23','B0007'),
('I0216','Mutton','263Kg','2019-09-20','B0007'),
('I0217','Fish','464Kg','2019-09-01','B0007'),
('I0218','Prawns','40Kg','2019-09-05','B0007'),
('I0219','Shrimps','204Kg','2019-09-02','B0007'),
('I0220','Cabbage','425Kg','2019-09-01','B0007'),
('I0221','Cauliflower','292Kg','2019-09-06','B0007'),
('I0222','Lettuce','81Kg','2019-09-16','B0007'),
('I0223','Onions','439Kg','2019-09-21','B0007'),
('I0224','Tomato','341Kg','2019-09-07','B0007'),
('I0225','Potatoe','113Kg','2019-09-05','B0008'),
('I0226','Carrots','83Kg','2019-09-04','B0008'),
('I0227','Peas','13Kg','2019-09-14','B0008'),
('I0228','Broccoli','161Kg','2019-09-09','B0008'),
('I0229','Mushrooms','57Kg','2019-09-13','B0008'),
('I0230','Spinach','437Kg','2019-09-18','B0008'),
('I0231','Beans','436Kg','2019-09-22','B0008'),
('I0232','Egg plant','464Kg','2019-09-01','B0008'),
('I0233','Peppers','35Kg','2019-09-23','B0008'),
('I0234','Cucumbers','333Kg','2019-09-04','B0008'),
('I0235','Pineapple','406Kg','2019-09-24','B0008'),
('I0236','Salt','191Kg','2019-09-17','B0008'),
('I0237','Garlic','24Kg','2019-09-16','B0008'),
('I0238','Sugar','108Kg','2019-09-25','B0008'),
('I0239','Musturd','173Kg','2019-09-09','B0008'),
('I0240','Black Pepper','478Kg','2019-09-25','B0008'),
('I0241','Cinnamon','266Kg','2019-09-11','B0008'),
('I0242','Coriander','142Kg','2019-09-05','B0008'),
('I0243','Cumin','44Kg','2019-09-08','B0008'),
('I0244','Lemon grass','419Kg','2019-09-13','B0008'),
('I0245','sesame','216Kg','2019-09-22','B0008'),
('I0246','Chicken','236Kg','2019-09-18','B0008'),
('I0247','Beef','329Kg','2019-09-01','B0008'),
('I0248','Mutton','333Kg','2019-09-17','B0008'),
('I0249','Fish','228Kg','2019-09-22','B0008'),
('I0250','Prawns','91Kg','2019-09-12','B0008'),
('I0251','Shrimps','68Kg','2019-09-04','B0008'),
('I0252','Cabbage','464Kg','2019-09-04','B0008'),
('I0253','Cauliflower','448Kg','2019-09-01','B0008'),
('I0254','Lettuce','458Kg','2019-09-02','B0008'),
('I0255','Onions','276Kg','2019-09-23','B0008'),
('I0256','Tomato','394Kg','2019-09-13','B0008'),
('I0257','Potatoe','285Kg','2019-09-23','B0009'),
('I0258','Carrots','15Kg','2019-09-06','B0009'),
('I0259','Peas','47Kg','2019-09-23','B0009'),
('I0260','Broccoli','252Kg','2019-09-03','B0009'),
('I0261','Mushrooms','247Kg','2019-09-05','B0009'),
('I0262','Spinach','117Kg','2019-09-16','B0009'),
('I0263','Beans','215Kg','2019-09-21','B0009'),
('I0264','Egg plant','64Kg','2019-09-05','B0009'),
('I0265','Peppers','457Kg','2019-09-04','B0009'),
('I0266','Cucumbers','30Kg','2019-09-11','B0009'),
('I0267','Pineapple','476Kg','2019-09-19','B0009'),
('I0268','Salt','398Kg','2019-09-01','B0009'),
('I0269','Garlic','310Kg','2019-09-18','B0009'),
('I0270','Sugar','418Kg','2019-09-06','B0009'),
('I0271','Musturd','476Kg','2019-09-15','B0009'),
('I0272','Black Pepper','310Kg','2019-09-05','B0009'),
('I0273','Cinnamon','112Kg','2019-09-04','B0009'),
('I0274','Coriander','399Kg','2019-09-02','B0009'),
('I0275','Cumin','156Kg','2019-09-23','B0009'),
('I0276','Lemon grass','53Kg','2019-09-07','B0009'),
('I0277','sesame','80Kg','2019-09-12','B0009'),
('I0278','Chicken','109Kg','2019-09-18','B0009'),
('I0279','Beef','449Kg','2019-09-05','B0009'),
('I0280','Mutton','286Kg','2019-09-25','B0009'),
('I0281','Fish','252Kg','2019-09-21','B0009'),
('I0282','Prawns','126Kg','2019-09-25','B0009'),
('I0283','Shrimps','174Kg','2019-09-12','B0009'),
('I0284','Cabbage','138Kg','2019-09-06','B0009'),
('I0285','Cauliflower','391Kg','2019-09-22','B0009'),
('I0286','Lettuce','240Kg','2019-09-17','B0009'),
('I0287','Onions','123Kg','2019-09-04','B0009'),
('I0288','Tomato','160Kg','2019-09-21','B0009'),
('I0289','Potatoe','308Kg','2019-09-07','B0010'),
('I0290','Carrots','53Kg','2019-09-10','B0010'),
('I0291','Peas','469Kg','2019-09-25','B0010'),
('I0292','Broccoli','196Kg','2019-09-16','B0010'),
('I0293','Mushrooms','335Kg','2019-09-19','B0010'),
('I0294','Spinach','395Kg','2019-09-03','B0010'),
('I0295','Beans','288Kg','2019-09-12','B0010'),
('I0296','Egg plant','45Kg','2019-09-08','B0010'),
('I0297','Peppers','417Kg','2019-09-04','B0010'),
('I0298','Cucumbers','386Kg','2019-09-13','B0010'),
('I0299','Pineapple','294Kg','2019-09-25','B0010'),
('I0300','Salt','448Kg','2019-09-02','B0010'),
('I0301','Garlic','200Kg','2019-09-16','B0010'),
('I0302','Sugar','166Kg','2019-09-23','B0010'),
('I0303','Musturd','94Kg','2019-09-11','B0010'),
('I0304','Black Pepper','420Kg','2019-09-09','B0010'),
('I0305','Cinnamon','298Kg','2019-09-08','B0010'),
('I0306','Coriander','296Kg','2019-09-02','B0010'),
('I0307','Cumin','1Kg','2019-09-09','B0010'),
('I0308','Lemon grass','356Kg','2019-09-23','B0010'),
('I0309','sesame','93Kg','2019-09-14','B0010'),
('I0310','Chicken','483Kg','2019-09-10','B0010'),
('I0311','Beef','51Kg','2019-09-25','B0010'),
('I0312','Mutton','102Kg','2019-09-12','B0010'),
('I0313','Fish','311Kg','2019-09-14','B0010'),
('I0314','Prawns','315Kg','2019-09-14','B0010'),
('I0315','Shrimps','192Kg','2019-09-20','B0010'),
('I0316','Cabbage','271Kg','2019-09-18','B0010'),
('I0317','Cauliflower','310Kg','2019-09-05','B0010'),
('I0318','Lettuce','6Kg','2019-09-12','B0010'),
('I0319','Onions','4Kg','2019-09-23','B0010'),
('I0320','Tomato','101Kg','2019-09-21','B0010'),
('I0321','Red Peppers','392Kg','2019-09-06','B0010')


/*
____________________________________________________________________________________________________________________________________________________________

																			Queries
____________________________________________________________________________________________________________________________________________________________
*/

/*
____________________________________________________________________________________________________________________________________________________________

										How many 2 seated non smoking tables are located in the DHA Phase3 Branch in Lahore?
____________________________________________________________________________________________________________________________________________________________
*/
SELECT 'Number of tables' = COUNT(TableID)
FROM Tables
WHERE TableSize = 2 AND BranchID  =   (SELECT BranchID
					                    FROM Branch
					                    WHERE Address = 'Shop No.16 Street 15 X Block Commercial Phase 3 DHA' AND  CityID = (SELECT CityID
										                                                                                      FROM   City
												                                                                              WHERE CityName = 'Lahore' ))
AND IsSmoking = 0

/*
____________________________________________________________________________________________________________________________________________________________
		
		What are the names and the phone numbers of the managers of different departments in the Bahria Town branch in Islamabad?
____________________________________________________________________________________________________________________________________________________________
*/
SELECT Name , PhoneNumber
FROM Employee
WHERE DepartmentID in (SELECT DepartmentID
					  FROM Department
					  WHERE BranchID =  ( SELECT BranchID
										 FROM Branch
										 WHERE Address = '40 Bahria Town, Phase 7 Bahria Town' AND  CityID IN (SELECT CityID
										                                                                         FROM   City
												                                                                 WHERE CityName = 'Islamabad' )))
AND IsManager = 1

/*
____________________________________________________________________________________________________________________________________________________________

										What amount of the restaurant’s earnings is spent on the waiters’ salaries?
____________________________________________________________________________________________________________________________________________________________
*/
SELECT SUM(Salary) AS TotalWaitersSalary  
FROM Employee
WHERE EMID IN (SELECT EMID
			   FROM Waiters)

/*
____________________________________________________________________________________________________________________________________________________________
					
					What is the sum of the salaries of employees who are working in the branches of the restaurant that are located in Karachi?
____________________________________________________________________________________________________________________________________________________________
*/
SELECT SUM(Salary) AS KarachiEmployeesSalary
FROM Employee
WHERE DepartmentID IN (SELECT DepartmentID
					  FROM Department ID
					  WHERE BranchID 	IN  (SELECT BranchID
											FROM Branch
											WHERE CityID   =   (SELECT CityID
																FROM City
															    WHERE CityName = 'Karachi')))
/*
____________________________________________________________________________________________________________________________________________________________

									How many customers have given the restaurant a 5 out of 5 star rating?
____________________________________________________________________________________________________________________________________________________________
*/
SELECT 'Count' = COUNT(CusID)
FROM Customer
WHERE CusID IN (SELECT CusID
			   FROM Feedback
			   WHERE NumberOfStars = 5)


/*
____________________________________________________________________________________________________________________________________________________________
			
						List the Items and their quantities that were purchased by the 90 Airport Rd Chaklala Cant Rawalpindi branch on 20th of september  
____________________________________________________________________________________________________________________________________________________________
*/

SELECT Distinct Inventory.ItemName, Inventory.Quantity
From Inventory,Branch
Where Inventory.PurchaseDate = '2019-09-20' and Inventory.BranchID = (Select Branch.BranchID
																	  From Branch
																	  Where Branch.Address = '90 Airport Rd Chaklala Cant')


/*
____________________________________________________________________________________________________________________________________________________________
			
										List the food items in the menu that cost less then or equal to Rs 500  
____________________________________________________________________________________________________________________________________________________________
*/

SELECT Menu.ItemName, Menu.ItemPrice
FROM   Menu	
WHERE  Menu.ItemPrice <= 500

/*
____________________________________________________________________________________________________________________________________________________________
			
								List the customers and their phone numbers that made a reservation in the DHA Phase 3 branch on the 22nd of September 
____________________________________________________________________________________________________________________________________________________________
*/

Select  Distinct Customer.Name, Customer.Phone
From Customer,Branch,Reservations
Where Customer.CusID = Reservations.CusID and Reservations.ResDate = '2019-09-22' and Branch.Address = 'Shop No.16 Street 15 X Block Commercial Phase 3 DHA'


/*
____________________________________________________________________________________________________________________________________________________________
			
							Who is the Head Chef of the 193 Jinnah Avenue, F-9 Branch? 
____________________________________________________________________________________________________________________________________________________________
*/

Select Distinct Employee.EMID,Employee.Name,Employee.PhoneNumber
From Employee,Chefs,Branch,Department
Where Employee.EMID = Chefs.EMID and Chefs.IsHeadChef = 1 and Employee.DepartmentID = Department.DepartmentID and Department.BranchID = (Select Branch.BranchID
																																		 From Branch
																																		 Where Branch.Address = '193 Jinnah Avenue, F-9')


/*
____________________________________________________________________________________________________________________________________________________________
			
							List the details of the cleaning staff in branch 5 that are tasked to clean the windows
____________________________________________________________________________________________________________________________________________________________
*/

Select Distinct Employee.Name,Employee.PhoneNumber,Employee.CNIC
From Employee,CleaningStaff,Branch,Department
Where Employee.EMID = CleaningStaff.EMID and CleaningStaff.Task = 'Cleaning windows' and Employee.DepartmentID = Department.DepartmentID and Department.BranchID = (Select Branch.BranchID
																																								  From Branch
																																								  Where Branch.BranchID = 'B0005')


/*
____________________________________________________________________________________________________________________________________________________________
			
							Get the details of the guards who's shift starts from 18:00 in Branch 10 
____________________________________________________________________________________________________________________________________________________________
*/


Select Distinct Employee.Name,Employee.PhoneNumber,Employee.CNIC
From Employee,Security,Branch,Department
Where Employee.EMID = Security.EMID and Security.ShiftStart = '18:00' and Employee.DepartmentID = Department.DepartmentID and Department.BranchID = (Select Branch.BranchID
																																								  From Branch
																																								  Where Branch.BranchID = 'B0010')


/*
____________________________________________________________________________________________________________________________________________________________
			
							Get the details of the Customers that availed 50% discount
____________________________________________________________________________________________________________________________________________________________
*/

Select Customer.Name, Customer.Phone
From Customer,Invoice
Where Invoice.Discount = 50 and Invoice.CusID = Customer.CusID


/*
____________________________________________________________________________________________________________________________________________________________
			
							Get the details of the Customers that spent more than 9000 and the branch the visited
____________________________________________________________________________________________________________________________________________________________
*/

Select Customer.Name, Customer.Phone, Branch.BranchID
From Customer,Branch, Invoice
Where Customer.CusID = Invoice.CusID and Invoice.Total > 9000 and Invoice.BranchID = Branch.BranchID



/*
____________________________________________________________________________________________________________________________________________________________
			
							Get the Department name that employs the most people
____________________________________________________________________________________________________________________________________________________________
*/

Select top 1 Department.Name, 'Number of employees' = Count(Employee.EMID)
From Department,Employee
Where Department.DepartmentID = Employee.DepartmentID
Group by Department.Name
ORDER BY 'Number of employees' DESC;

